Folder,Frequency,Variable,Unit,Adjustment,Area,Notes,ECB title,ECB description,ECB concept name,ECB series key,ECB source series,First vintage
Balance of payments,Monthly,"Capital account, credit","Euro, millions",not seasonally adjusted,Euro area,,Capital account credits,"Euro area (moving concept in the Real Time database context) - Balance of payment, capital account - vis-a-vis World (all entities) - Credit transactions - Euro","Balance of payment, capital account - vis-a-vis World (all entities) - Credit transactions",RTD.M.S0.N.X_KA1C_A1.E,BPS.M.N.I10.W1.S1.S1.T.C.KA._Z._Z._Z.EUR._T._X.N.ALL,2001-01-03
Balance of payments,Monthly,"Capital account, debit","Euro, millions",not seasonally adjusted,Euro area,,Capital account debits,"Euro area (moving concept in the Real Time database context) - Balance of payment, capital account - vis-a-vis World (all entities) - Debit transactions - Euro","Balance of payment, capital account - vis-a-vis World (all entities) - Debit transactions",RTD.M.S0.N.X_KA1D_A1.E,BPS.M.N.I10.W1.S1.S1.T.D.KA._Z._Z._Z.EUR._T._X.N.ALL,2001-01-03
Balance of payments,Monthly,Current account balance,"Euro, millions",not seasonally adjusted,Euro area,,"Current account, Balance","Euro area (moving concept in the Real Time database context) - Balance of payment, current account, total - vis-a-vis World (all entities) - Net transactions - Euro","Balance of payment, current account, total - vis-a-vis World (all entities) - Net transactions",RTD.M.S0.N.X_XA1N_A1.E,BPS.M.N.I9.W1.S1.S1.T.B.CA._Z._Z._Z.EUR._T._X.N.ALL,2001-01-03
Balance of payments,Monthly,"Current account, credit","Euro, millions",not seasonally adjusted,Euro area,,"Current account, Credit (Resources)","Euro area (moving concept in the Real Time database context) - Balance of payment, current account, income - vis-a-vis World (all entities) - Credit transactions - Euro","Balance of payment, current account, income - vis-a-vis World (all entities) - Credit transactions",RTD.M.S0.N.X_XI1C_A1.E,BPS.M.N.I9.W1.S1.S1.T.C.CA._Z._Z._Z.EUR._T._X.N.ALL,2001-01-03
Balance of payments,Monthly,"Current account, debit","Euro, millions",not seasonally adjusted,Euro area,,"Current account, Debit (Uses)","Euro area (moving concept in the Real Time database context) - Balance of payment, current account, income - vis-a-vis World (all entities) - Debit transactions - Euro","Balance of payment, current account, income - vis-a-vis World (all entities) - Debit transactions",RTD.M.S0.N.X_XI1D_A1.E,BPS.M.N.I9.W1.S1.S1.T.D.CA._Z._Z._Z.EUR._T._X.N.ALL,2001-01-03
Balance of payments,Monthly,"Goods, credit","Euro, millions",not seasonally adjusted,Euro area,,"Goods, Credit (Resources)","Euro area (moving concept in the Real Time database context) - Balance of payment, current account, total - vis-a-vis World (all entities) - Credit transactions - Euro","Balance of payment, current account, total - vis-a-vis World (all entities) - Credit transactions",RTD.M.S0.N.X_XA1C_A1.E,BPS.M.N.I9.W1.S1.S1.T.C.G._Z._Z._Z.EUR._T._X.N.ALL,2001-01-03
Balance of payments,Monthly,"Goods, debit","Euro, millions",not seasonally adjusted,Euro area,,"Goods, Debit (Uses)","Euro area (moving concept in the Real Time database context) - Balance of payment, current account, total - vis-a-vis World (all entities) - Debit transactions - Euro","Balance of payment, current account, total - vis-a-vis World (all entities) - Debit transactions",RTD.M.S0.N.X_XA1D_A1.E,BPS.M.N.I9.W1.S1.S1.T.D.G._Z._Z._Z.EUR._T._X.N.ALL,2001-01-03
Balance of payments,Monthly,"Primary income, credit","Euro, millions",not seasonally adjusted,Euro area,,"Primary income, Credit (Resources)","Euro area (moving concept in the Real Time database context) - Balance of payment, current account, services - vis-a-vis World (all entities) - Credit transactions - Euro","Balance of payment, current account, services - vis-a-vis World (all entities) - Credit transactions",RTD.M.S0.N.X_XS1C_A1.E,BPS.M.N.I9.W1.S1.S1.T.C.IN1._Z._Z._Z.EUR._T._X.N.ALL,2001-01-03
Balance of payments,Monthly,"Primary income, debit","Euro, millions",not seasonally adjusted,Euro area,,"Primary income, Debit (Uses)","Euro area (moving concept in the Real Time database context) - Balance of payment, current account, services - vis-a-vis World (all entities) - Debit transactions - Euro","Balance of payment, current account, services - vis-a-vis World (all entities) - Debit transactions",RTD.M.S0.N.X_XS1D_A1.E,BPS.M.N.I9.W1.S1.S1.T.D.IN1._Z._Z._Z.EUR._T._X.N.ALL,2001-01-03
Balance of payments,Monthly,"Secondary income, credit","Euro, millions",not seasonally adjusted,Euro area,,"Secondary income, Credit (Resources)","Euro area (moving concept in the Real Time database context) - Balance of payment, current account, current transfers - vis-a-vis World (all entities) - Credit transactions - Euro","Balance of payment, current account, current transfers - vis-a-vis World (all entities) - Credit transactions",RTD.M.S0.N.X_XT1C_A1.E,BPS.M.N.I9.W1.S1.S1.T.C.IN2._Z._Z._Z.EUR._T._X.N.ALL,2001-01-03
Balance of payments,Monthly,"Secondary income, debit","Euro, millions",not seasonally adjusted,Euro area,,"Secondary income, Debit (Uses)","Euro area (moving concept in the Real Time database context) - Balance of payment, current account, current transfers - vis-a-vis World (all entities) - Debit transactions - Euro","Balance of payment, current account, current transfers - vis-a-vis World (all entities) - Debit transactions",RTD.M.S0.N.X_XT1D_A1.E,BPS.M.N.I9.W1.S1.S1.T.D.IN2._Z._Z._Z.EUR._T._X.N.ALL,2001-01-03
Balance of payments,Monthly,"Services, credit","Euro, millions",not seasonally adjusted,Euro area,,"Services, Credit (Resources)","Euro area (moving concept in the Real Time database context) - Balance of payment, current account, goods - vis-a-vis World (all entities) - Credit transactions - Euro","Balance of payment, current account, goods - vis-a-vis World (all entities) - Credit transactions",RTD.M.S0.N.X_XG1C_A1.E,BPS.M.N.I9.W1.S1.S1.T.C.S._Z._Z._Z.EUR._T._X.N.ALL,2001-01-03
Balance of payments,Monthly,"Services, debit","Euro, millions",not seasonally adjusted,Euro area,,"Services, Debit (Uses)","Euro area (moving concept in the Real Time database context) - Balance of payment, current account, goods - vis-a-vis World (all entities) - Debit transactions - Euro","Balance of payment, current account, goods - vis-a-vis World (all entities) - Debit transactions",RTD.M.S0.N.X_XG1D_A1.E,BPS.M.N.I9.W1.S1.S1.T.D.S._Z._Z._Z.EUR._T._X.N.ALL,2001-01-03
Commodity prices,Monthly,"Oil price, Brent crude",Euro,not seasonally adjusted,Euro area,,"Crude Oil BFO M2 Europe FOB $/BBl Commodity - Historical close, average of observations through period","Euro area (moving concept in the Real Time database context) - Oil price, brent crude -1 month forward - Euro","Oil price, brent crude -1 month forward",RTD.M.S0.N.P_OILBR.E,FM.M.U2.EUR.4F.CY.OILBRNI.HSTA,2001-01-03
Commodity prices,Monthly,"Raw material prices, excluding energy",Pure number,not seasonally adjusted,Euro area,,,"Euro area (moving concept in the Real Time database context) - World market prices of raw materials, Index Total excluding energy - Euro","World market prices of raw materials, Index Total excluding energy",RTD.M.S0.N.P_R_XNRGY.E,RMP.M.I9.0200.E,2001-01-03
Commodity prices,Monthly,"Raw material prices, total",Pure number,not seasonally adjusted,Euro area,,,"Euro area (moving concept in the Real Time database context) - World market prices of raw materials, Index Total - Euro","World market prices of raw materials, Index Total",RTD.M.S0.N.P_R_TO.E,RMP.M.I9.0100.E,2001-01-03
Construction prices,Quarterly,"Construction prices, residential buildings",Index,not seasonally adjusted,Euro area,,Construction Producer Price Index,"Euro area (moving concept in the Real Time database context) - Construction output prices, All residential buildings - Index","Construction output prices, All residential buildings",RTD.Q.S0.N.P_CO_RESB.X,STBS.Q.I10.N.COUP.NF411X.4D0.N.IX,2001-01-03
Consumer prices (HICP),Monthly,"Consumer prices (CPI), all items - Japan",Index,not seasonally adjusted,Japan,"For the United States and Japan this is the national CPI, not HICP.","CONSUMER PRICES, ALL ITEMS (WHOLE COUNTRY), NSA","Japan - HICP - Overall index - IndexJapan - CONSUMER PRICES, ALL ITEMS (WHOLE COUNTRY), NSA",HICP - Overall index,RTD.M.JP.N.P_C_OV.X,BISM.M.VEBA.JP.01,2001-01-03
Consumer prices (HICP),Monthly,"Consumer prices (CPI), all items - United States",Index,not seasonally adjusted,United States,"For the United States and Japan this is the national CPI, not HICP.","CONSUMER PRICES, ALL ITEMS (ALL URBAN CONSUMERS), NSA","United States - HICP - Overall index - IndexUnited States - CONSUMER PRICES, ALL ITEMS (ALL URBAN CONSUMERS), NSA - ALL URBAN CONSUMERS",HICP - Overall index,RTD.M.US.N.P_C_OV.X,BISM.M.VEBA.US.01,2001-01-03
Consumer prices (HICP),Monthly,"HICP inflation rate, all items",Percentage change,not seasonally adjusted,Euro area,,HICP Inflation rate - Total - Annual rate of change,Euro area (moving concept in the Real Time database context) - HICP - Overall index - Annual growth rate,HICP - Overall index,RTD.M.S0.N.P_C_OV.A,HICP.M.U2.N.000000.4D0.ANR,2001-01-03
Consumer prices (HICP),Monthly,"HICP, all items",Index,not seasonally adjusted,Euro area,,HICP Inflation rate - Total - Index,Euro area (moving concept in the Real Time database context) - HICP - Overall index - Index,HICP - Overall index,RTD.M.S0.N.P_C_OV.X,HICP.M.U2.N.000000.4D0.INX,2001-01-03
Consumer prices (HICP),Monthly,"HICP, communication services",Index,not seasonally adjusted,Euro area,,HICP Inflation rate - Services related to communication - Index,Euro area (moving concept in the Real Time database context) - HICP - Communication services - Index,HICP - Communication services,RTD.M.S0.N.P_C_COMM.X,HICP.M.U2.N.COMM00.4D0.INX,2001-01-03
Consumer prices (HICP),Monthly,"HICP, energy",Index,not seasonally adjusted,Euro area,,HICP Inflation rate - Energy - Index,Euro area (moving concept in the Real Time database context) - HICP - Energy - Index,HICP - Energy,RTD.M.S0.N.P_C_NRGY.X,HICP.M.U2.N.NRGY00.4D0.INX,2001-01-03
Consumer prices (HICP),Monthly,"HICP, excluding energy and unprocessed food",Pure number,not seasonally adjusted,Euro area,,HICP - All-items excluding energy and unprocessed food,Euro area (moving concept in the Real Time database context) - HICP - All-items excluding energy and unprocessed food - Index,HICP - All-items excluding energy and unprocessed food,RTD.M.S0.N.P_C_XEFUN.X,HICP.M.U2.N.XEFUN0.4D0.INX,2001-01-03
Consumer prices (HICP),Monthly,"HICP, food, alcohol and tobacco",Index,not seasonally adjusted,Euro area,,HICP Inflation rate - Food including alcohol and tobacco - Index,Euro area (moving concept in the Real Time database context) - HICP - Food including alcohol and tobacco - Index,HICP - Food including alcohol and tobacco,RTD.M.S0.N.P_C_FOOD.X,HICP.M.U2.N.FOOD00.4D0.INX,2001-01-03
Consumer prices (HICP),Monthly,"HICP, goods",Index,not seasonally adjusted,Euro area,,HICP Inflation rate - Goods (overall index excluding services) - Index,Euro area (moving concept in the Real Time database context) - HICP - Goods - Index,HICP - Goods,RTD.M.S0.N.P_C_GOOD.X,HICP.M.U2.N.GOODS0.4D0.INX,2001-01-03
Consumer prices (HICP),Monthly,"HICP, housing services",Index,not seasonally adjusted,Euro area,,HICP Inflation rate - Services related to housing - Index,Euro area (moving concept in the Real Time database context) - HICP - Housing services - Index,HICP - Housing services,RTD.M.S0.N.P_C_HOUS.X,HICP.M.U2.N.HOUSE0.4D0.INX,2001-01-03
Consumer prices (HICP),Monthly,"HICP, miscellaneous services",Index,not seasonally adjusted,Euro area,,HICP Inflation rate - Services - miscellaneous - Index,Euro area (moving concept in the Real Time database context) - HICP - Miscellaneous services - Index,HICP - Miscellaneous services,RTD.M.S0.N.P_C_MISC.X,HICP.M.U2.N.MISC00.4D0.INX,2001-01-03
Consumer prices (HICP),Monthly,"HICP, non-energy industrial goods",Index,not seasonally adjusted,Euro area,,HICP Inflation rate - Non-energy industrial goods - Index,Euro area (moving concept in the Real Time database context) - HICP - Industrial goods excluding energy - Index,HICP - Industrial goods excluding energy,RTD.M.S0.N.P_C_IGXE.X,HICP.M.U2.N.IGXE00.4D0.INX,2001-01-03
Consumer prices (HICP),Monthly,"HICP, processed food",Index,not seasonally adjusted,Euro area,,HICP Inflation rate - Processed food including alcohol and tobacco - Index,Euro area (moving concept in the Real Time database context) - HICP - Processed food including alcohol and tobacco - Index,HICP - Processed food including alcohol and tobacco,RTD.M.S0.N.P_C_FOODPR.X,HICP.M.U2.N.FOODPR.4D0.INX,2001-01-03
Consumer prices (HICP),Monthly,"HICP, recreation and personal services",Index,not seasonally adjusted,Euro area,,"HICP Inflation rate - Services related to recreation, including repairs and personal care - Index",Euro area (moving concept in the Real Time database context) - HICP - Recreation and personal services - Index,HICP - Recreation and personal services,RTD.M.S0.N.P_C_RECR.X,HICP.M.U2.N.RECR00.4D0.INX,2001-01-03
Consumer prices (HICP),Monthly,"HICP, services",Index,not seasonally adjusted,Euro area,,HICP Inflation rate - Services (overall index excluding goods) - Index,Euro area (moving concept in the Real Time database context) - HICP - Services - Index,HICP - Services,RTD.M.S0.N.P_C_SERV.X,HICP.M.U2.N.SERV00.4D0.INX,2001-01-03
Consumer prices (HICP),Monthly,"HICP, transport services",Index,not seasonally adjusted,Euro area,,HICP Inflation rate - Services related to transport - Index,Euro area (moving concept in the Real Time database context) - HICP - Transport services - Index,HICP - Transport services,RTD.M.S0.N.P_C_TRAN.X,HICP.M.U2.N.TRANSP.4D0.INX,2001-01-03
Consumer prices (HICP),Monthly,"HICP, unprocessed food",Index,not seasonally adjusted,Euro area,,HICP Inflation rate - Unprocessed food - Index,Euro area (moving concept in the Real Time database context) - HICP - Unprocessed food - Index,HICP - Unprocessed food,RTD.M.S0.N.P_C_FOODUN.X,HICP.M.U2.N.FOODUN.4D0.INX,2001-01-03
Employment,Quarterly,Employees,"Persons, thousands",not seasonally adjusted,Euro area,,Employees,Euro area (moving concept in the Real Time database context) - Employees - total domestic - Persons,Employees - total domestic,RTD.Q.S0.N.L_EMP_TO.M,MNA.Q.N.I10.W2.S1.S1._Z.SAL._Z._T._Z.PS._Z.N,2001-02-28
Employment,Quarterly,"Employment, agriculture","Persons, thousands",not seasonally adjusted,Euro area,,Total employment,Euro area (moving concept in the Real Time database context) - Total employment - agricultural hunting forestry and fishing products - Persons,Total employment - agricultural hunting forestry and fishing products,RTD.Q.S0.N.L_TEMP_AHFF.M,MNA.Q.N.I10.W2.S1.S1._Z.EMP._Z.A._Z.PS._Z.N,2003-03-05
Employment,Quarterly,"Employment, arts and other services","Persons, thousands",not seasonally adjusted,Euro area,,Total employment,"Euro area (moving concept in the Real Time database context) - Total employment - Arts, entertainment and recreation, repair of household goods and other services (NACE Rev2) - Persons","Total employment - Arts, entertainment and recreation, repair of household goods and other services (NACE Rev2)",RTD.Q.S0.N.L_TEMP_ARTOSER.M,MNA.Q.N.I10.W2.S1.S1._Z.EMP._Z.RTU._Z.PS._Z.N,2012-01-11
Employment,Quarterly,"Employment, construction","Persons, thousands",not seasonally adjusted,Euro area,,Total employment,Euro area (moving concept in the Real Time database context) - Total employment - construction - Persons,Total employment - construction,RTD.Q.S0.N.L_TEMP_CONST.M,MNA.Q.N.I10.W2.S1.S1._Z.EMP._Z.F._Z.PS._Z.N,2003-03-05
Employment,Quarterly,"Employment, finance and insurance","Persons, thousands",not seasonally adjusted,Euro area,,Total employment,Euro area (moving concept in the Real Time database context) - Total employment - Financial and insurance activities (NACE Rev2) - Persons,Total employment - Financial and insurance activities (NACE Rev2),RTD.Q.S0.N.L_TEMP_FININS.M,MNA.Q.N.I10.W2.S1.S1._Z.EMP._Z.K._Z.PS._Z.N,2012-01-11
Employment,Quarterly,"Employment, industry","Persons, thousands",not seasonally adjusted,Euro area,,Total employment,Euro area (moving concept in the Real Time database context) - Total employment - total industry - Persons,Total employment - total industry,RTD.Q.S0.N.L_TEMP_INDTO.M,MNA.Q.N.I10.W2.S1.S1._Z.EMP._Z.BTE._Z.PS._Z.N,2003-03-05
Employment,Quarterly,"Employment, information and communication","Persons, thousands",not seasonally adjusted,Euro area,,Total employment,Euro area (moving concept in the Real Time database context) - Total employment - Information and communication (NACE Rev2) - Persons,Total employment - Information and communication (NACE Rev2),RTD.Q.S0.N.L_TEMP_INFCOM.M,MNA.Q.N.I10.W2.S1.S1._Z.EMP._Z.J._Z.PS._Z.N,2012-01-11
Employment,Quarterly,"Employment, professional and business services","Persons, thousands",not seasonally adjusted,Euro area,,Total employment,"Euro area (moving concept in the Real Time database context) - Total employment - Professional, scientific and technical activities; administrative and support service activities (NACE Rev2) - Persons","Total employment - Professional, scientific and technical activities; administrative and support service activities (NACE Rev2)",RTD.Q.S0.N.L_TEMP_SCADM.M,MNA.Q.N.I10.W2.S1.S1._Z.EMP._Z.M_N._Z.PS._Z.N,2012-01-11
Employment,Quarterly,"Employment, public admin, education and health","Persons, thousands",not seasonally adjusted,Euro area,,Total employment,Euro area (moving concept in the Real Time database context) - Total employment - Public administration and defence; compulsory social security; education; human health and social work activities (NACE Rev2) - Persons,Total employment - Public administration and defence; compulsory social security; education; human health and social work activities (NACE Rev2),RTD.Q.S0.N.L_TEMP_DEFEDU.M,MNA.Q.N.I10.W2.S1.S1._Z.EMP._Z.OTQ._Z.PS._Z.N,2012-01-11
Employment,Quarterly,"Employment, real estate","Persons, thousands",not seasonally adjusted,Euro area,,Total employment,Euro area (moving concept in the Real Time database context) - Total employment - Real estate activities (NACE Rev2) - Persons,Total employment - Real estate activities (NACE Rev2),RTD.Q.S0.N.L_TEMP_REST.M,MNA.Q.N.I10.W2.S1.S1._Z.EMP._Z.L._Z.PS._Z.N,2012-01-11
Employment,Quarterly,"Employment, total (not adjusted)","Persons, thousands",not seasonally adjusted,Euro area,,Total employment (in thousands of persons),Euro area (moving concept in the Real Time database context) - Total employment - total domestic - Persons,Total employment - total domestic,RTD.Q.S0.N.L_TEMP_TO.M,MNA.Q.N.I10.W2.S1.S1._Z.EMP._Z._T._Z.PS._Z.N,2001-02-28
Employment,Quarterly,"Employment, total (seasonally adjusted)","Persons, thousands",seasonally adjusted,Euro area,,Total employment (in thousands of persons),Euro area (moving concept in the Real Time database context) - Total employment - total domestic - Persons,Total employment - total domestic,RTD.Q.S0.S.L_TEMP_TO.M,MNA.Q.Y.I10.W2.S1.S1._Z.EMP._Z._T._Z.PS._Z.N,2001-02-28
Employment,Quarterly,"Employment, trade, transport and hospitality","Persons, thousands",not seasonally adjusted,Euro area,,Total employment,"Euro area (moving concept in the Real Time database context) - Total employment - trade, repairs, hotels, restaurants, transport and communications - Persons","Total employment - trade, repairs, hotels, restaurants, transport and communications",RTD.Q.S0.N.L_TEMP_WSHRTC.M,MNA.Q.N.I10.W2.S1.S1._Z.EMP._Z.GTI._Z.PS._Z.N,2003-03-05
Employment,Quarterly,Self-employed,"Persons, thousands",not seasonally adjusted,Euro area,,Self employed,Euro area (moving concept in the Real Time database context) - Self-employed - total - Persons,Self-employed - total,RTD.Q.S0.N.L_SEMP_TO.M,MNA.Q.N.I10.W2.S1.S1._Z.SELF._Z._T._Z.PS._Z.N,2001-02-28
Exchange rates,Monthly,"Euro nominal effective exchange rate, broad group",Points,not seasonally adjusted,Euro area,,"Euro nominal effective exchange rate against broad group of trading partners (EER-40), nominal","Euro area (moving concept in the Real Time database context) - Exchange rate, ECB nominal effective exchange rate, broad group of currencies against euro - Index","Exchange rate, ECB nominal effective exchange rate, broad group of currencies against euro",RTD.M.S0.N.E_EN00_BGR.X,EXR.M.E03.EUR.EN00.A,2001-01-03
Exchange rates,Monthly,"Euro nominal effective exchange rate, narrow group",Points,not seasonally adjusted,Euro area,,"Euro nominal effective exchange rate against extended group of trading partners (EER-17), nominal","Euro area (moving concept in the Real Time database context) - Exchange rate, ECB nominal effective exchange rate, narrow group of currencies against euro - Index","Exchange rate, ECB nominal effective exchange rate, narrow group of currencies against euro",RTD.M.S0.N.E_EN00_NGR.X,EXR.M.E02.EUR.EN00.A,2001-01-03
Exchange rates,Monthly,"Euro real effective exchange rate (CPI deflated), broad group",Points,not seasonally adjusted,Euro area,,"Euro real effective exchange rate against broad group of trading partners (EER-40), consumer prices indices deflated","Euro area (moving concept in the Real Time database context) - Exchange rate, ECB real effective exchange rate CPI deflated, broad group of currencies against euro - Index","Exchange rate, ECB real effective exchange rate CPI deflated, broad group of currencies against euro",RTD.M.S0.N.E_ERC0_BGR.X,EXR.M.E03.EUR.ERC0.A,2001-01-03
Exchange rates,Monthly,"Euro real effective exchange rate (CPI deflated), narrow group",Points,not seasonally adjusted,Euro area,,"Euro real effective exchange rate against extended group of trading partners (EER-17), consumer prices indices deflated","Euro area (moving concept in the Real Time database context) - Exchange rate, ECB real effective exchange rate CPI deflated, narrow group of currencies against euro - Index","Exchange rate, ECB real effective exchange rate CPI deflated, narrow group of currencies against euro",RTD.M.S0.N.E_ERC0_NGR.X,EXR.M.E02.EUR.ERC0.A,2001-01-03
Exchange rates,Monthly,"Euro real effective exchange rate (PPI deflated), narrow group",Points,not seasonally adjusted,Euro area,,"Euro real effective exchange rate against extended group of trading partners (EER-17), producer prices indices deflated","Euro area (moving concept in the Real Time database context) - Exchange rate, ECB real effective exchange rate producer prices deflated, narrow group of currencies against euro - Index","Exchange rate, ECB real effective exchange rate producer prices deflated, narrow group of currencies against euro",RTD.M.S0.N.E_ERP0_NGR.X,EXR.M.E02.EUR.ERP0.A,2001-01-03
Exchange rates,Quarterly,"Euro real effective exchange rate (ULC deflated), narrow group",Points,not seasonally adjusted,Euro area,,"Euro real effective exchange rate against extended group of trading partners (EER-17), unit labour cost in total economy deflated","Euro area (moving concept in the Real Time database context) - Exchange rate, ECB real effective exchange rate ULC total economy deflated, narrow group of currencies against euro - Index","Exchange rate, ECB real effective exchange rate ULC total economy deflated, narrow group of currencies against euro",RTD.Q.S0.N.E_ERU1_NGR.X,EXR.Q.E02.EUR.ERU1.A,2003-07-30
GDP,Quarterly,GDP deflator,Index,seasonally adjusted,Euro area,,"Gross domestic product at market prices, deflator",Euro area (moving concept in the Real Time database context) - Gross domestic product at market price - Deflator - Index,Gross domestic product at market price - Deflator,RTD.Q.S0.S.G_GDPM_TO_D.X,MNA.Q.Y.I10.W2.S1.S1.B.B1GQ._Z._Z._Z.IX.D.N,2001-01-03
GDP,Quarterly,Nominal GDP,"Euro, millions",seasonally adjusted,Euro area,,"Gross domestic product at market prices, nominal",Euro area (moving concept in the Real Time database context) - Gross domestic product at market price - Current prices - Euro,Gross domestic product at market price - Current prices,RTD.Q.S0.S.G_GDPM_TO_U.E,MNA.Q.Y.I10.W2.S1.S1.B.B1GQ._Z._Z._Z.EUR.V.N,2001-01-03
GDP,Quarterly,Real GDP,"Euro, millions",seasonally adjusted,Euro area,,"Gross domestic product at market prices, volume",Euro area (moving concept in the Real Time database context) - Gross domestic product at market price - Chain linked volumes - Euro,Gross domestic product at market price - Chain linked volumes,RTD.Q.S0.S.G_GDPM_TO_C.E,MNA.Q.Y.I10.W2.S1.S1.B.B1GQ._Z._Z._Z.EUR.LR.N,2001-01-03
GDP,Quarterly,Real GDP - Japan,"Japanese yen, billions",seasonally and working day adjusted,Japan,,"GDP, AT MARKET PRICES (SNA 08) - CH. 2015 JPY SAAR",Japan - Gross domestic product at market price - Chain linked volumes - Index,Gross domestic product at market price - Chain linked volumes,RTD.Q.JP.Y.G_GDPM_TO_C.X,BISM.Q.RHGB.JP.01,2001-01-03
GDP,Quarterly,Real GDP - United States,"US dollar, billions",seasonally and working day adjusted,United States,,"GDP, AT MARKET PRICES - CHAINED 2017 USD SAAR",United States - Gross domestic product at market price - Chain linked volumes - US dollar,Gross domestic product at market price - Chain linked volumes,RTD.Q.US.Y.G_GDPM_TO_C.U,BISM.Q.RHGB.US.01,2001-01-03
GDP expenditure components,Quarterly,"Changes in inventories, nominal","Euro, millions",seasonally adjusted,Euro area,,"Changes in inventories and acquisition less disposals of valuables, nominal",Euro area (moving concept in the Real Time database context) - Changes in inventories and acquisitions less disposals of valuables - Current prices - Euro,Changes in inventories and acquisitions less disposals of valuables - Current prices,RTD.Q.S0.S.G_CIAXDV_TO_U.E,MNA.Q.Y.I10.W0.S1.S1.D.P5M.N1MG._T._Z.EUR.V.N,2001-01-03
GDP expenditure components,Quarterly,"Domestic demand, deflator",Index,seasonally adjusted,Euro area,,"Total final domestic demand, deflator",Euro area (moving concept in the Real Time database context) - Domestic demand including stocks - Deflator - Index,Domestic demand including stocks - Deflator,RTD.Q.S0.S.G_DDIS_TO_D.X,MNA.Q.Y.I10.W0.S1.S1.D.P3T5._Z._Z._Z.IX.D.N,2001-01-03
GDP expenditure components,Quarterly,"Exports of goods and services, deflator",Index,seasonally adjusted,Euro area,,"Exports of goods and services, deflator",Euro area (moving concept in the Real Time database context) - Exports of goods and services - Deflator - Index,Exports of goods and services - Deflator,RTD.Q.S0.S.G_XGS_TO_D.X,MNA.Q.Y.I10.W1.S1.S1.D.P6._Z._Z._Z.IX.D.N,2001-01-03
GDP expenditure components,Quarterly,"Exports of goods and services, nominal","Euro, millions",seasonally adjusted,Euro area,,"Exports of goods and services, nominal",Euro area (moving concept in the Real Time database context) - Exports of goods and services - Current prices - Euro,Exports of goods and services - Current prices,RTD.Q.S0.S.G_XGS_TO_U.E,MNA.Q.Y.I10.W1.S1.S1.D.P6._Z._Z._Z.EUR.V.N,2001-01-03
GDP expenditure components,Quarterly,"Exports of goods and services, real","Euro, millions",seasonally adjusted,Euro area,,"Exports of goods and services, volume",Euro area (moving concept in the Real Time database context) - Exports of goods and services - Chain linked volumes - Euro,Exports of goods and services - Chain linked volumes,RTD.Q.S0.S.G_XGS_TO_C.E,MNA.Q.Y.I10.W1.S1.S1.D.P6._Z._Z._Z.EUR.LR.N,2001-01-03
GDP expenditure components,Quarterly,"Government consumption, deflator",Index,seasonally adjusted,Euro area,,"Final consumption expenditure, deflator",Euro area (moving concept in the Real Time database context) - Final consumption of general government - Deflator - Index,Final consumption of general government - Deflator,RTD.Q.S0.S.G_FCGG_TO_D.X,MNA.Q.Y.I10.W0.S13.S1.D.P3._Z._Z._T.IX.D.N,2001-01-03
GDP expenditure components,Quarterly,"Government consumption, nominal","Euro, millions",seasonally adjusted,Euro area,,Government final consumption,Euro area (moving concept in the Real Time database context) - Final consumption of general government - Current prices - Euro,Final consumption of general government - Current prices,RTD.Q.S0.S.G_FCGG_TO_U.E,MNA.Q.Y.I10.W0.S13.S1.D.P3._Z._Z._T.EUR.V.N,2001-01-03
GDP expenditure components,Quarterly,"Government consumption, real","Euro, millions",seasonally adjusted,Euro area,,Government final consumption,Euro area (moving concept in the Real Time database context) - Final consumption of general government - Chain linked volumes - Euro,Final consumption of general government - Chain linked volumes,RTD.Q.S0.S.G_FCGG_TO_C.E,MNA.Q.Y.I10.W0.S13.S1.D.P3._Z._Z._T.EUR.LR.N,2001-01-03
GDP expenditure components,Quarterly,"Imports of goods and services, deflator",Index,seasonally adjusted,Euro area,,"Imports of goods and services, deflator",Euro area (moving concept in the Real Time database context) - Imports of goods and services - Deflator - Index,Imports of goods and services - Deflator,RTD.Q.S0.S.G_MGS_TO_D.X,MNA.Q.Y.I10.W1.S1.S1.C.P7._Z._Z._Z.IX.D.N,2001-01-03
GDP expenditure components,Quarterly,"Imports of goods and services, nominal","Euro, millions",seasonally adjusted,Euro area,,"Imports of goods and services, nominal",Euro area (moving concept in the Real Time database context) - Imports of goods and services - Current prices - Euro,Imports of goods and services - Current prices,RTD.Q.S0.S.G_MGS_TO_U.E,MNA.Q.Y.I10.W1.S1.S1.C.P7._Z._Z._Z.EUR.V.N,2001-01-03
GDP expenditure components,Quarterly,"Imports of goods and services, real","Euro, millions",seasonally adjusted,Euro area,,"Imports of goods and services, volume",Euro area (moving concept in the Real Time database context) - Imports of goods and services - Chain linked volumes - Euro,Imports of goods and services - Chain linked volumes,RTD.Q.S0.S.G_MGS_TO_C.E,MNA.Q.Y.I10.W1.S1.S1.C.P7._Z._Z._Z.EUR.LR.N,2001-01-03
GDP expenditure components,Quarterly,"Investment, deflator",Index,seasonally adjusted,Euro area,,"Gross fixed capital formation, deflator",Euro area (moving concept in the Real Time database context) - Gross fixed capital formation - Deflator - Index,Gross fixed capital formation - Deflator,RTD.Q.S0.S.G_GFCF_TO_D.X,MNA.Q.Y.I10.W0.S1.S1.D.P51G.N11G._T._Z.IX.D.N,2001-01-03
GDP expenditure components,Quarterly,"Investment, nominal","Euro, millions",seasonally adjusted,Euro area,,"Gross fixed capital formation, nominal",Euro area (moving concept in the Real Time database context) - Gross fixed capital formation - Current prices - Euro,Gross fixed capital formation - Current prices,RTD.Q.S0.S.G_GFCF_TO_U.E,MNA.Q.Y.I10.W0.S1.S1.D.P51G.N11G._T._Z.EUR.V.N,2001-01-03
GDP expenditure components,Quarterly,"Investment, real","Euro, millions",seasonally adjusted,Euro area,,"Gross fixed capital formation, volume",Euro area (moving concept in the Real Time database context) - Gross fixed capital formation - Chain linked volumes - Euro,Gross fixed capital formation - Chain linked volumes,RTD.Q.S0.S.G_GFCF_TO_C.E,MNA.Q.Y.I10.W0.S1.S1.D.P51G.N11G._T._Z.EUR.LR.N,2001-01-03
GDP expenditure components,Quarterly,"Private consumption, deflator",Index,seasonally adjusted,Euro area,,"Individual consumption expenditure, deflator",Euro area (moving concept in the Real Time database context) - Final consumption of households and NPISHs (private consumption) - Deflator - Index,Final consumption of households and NPISHs (private consumption) - Deflator,RTD.Q.S0.S.G_FCHI_TO_D.X,MNA.Q.Y.I10.W0.S1M.S1.D.P31._Z._Z._T.IX.D.N,2001-01-03
GDP expenditure components,Quarterly,"Private consumption, nominal","Euro, millions",seasonally adjusted,Euro area,,Private final consumption,Euro area (moving concept in the Real Time database context) - Final consumption of households and NPISHs (private consumption) - Current prices - Euro,Final consumption of households and NPISHs (private consumption) - Current prices,RTD.Q.S0.S.G_FCHI_TO_U.E,MNA.Q.Y.I10.W0.S1M.S1.D.P31._Z._Z._T.EUR.V.N,2001-01-03
GDP expenditure components,Quarterly,"Private consumption, real","Euro, millions",seasonally adjusted,Euro area,,Private final consumption,Euro area (moving concept in the Real Time database context) - Final consumption of households and NPISHs (private consumption) - Chain linked volumes - Euro,Final consumption of households and NPISHs (private consumption) - Chain linked volumes,RTD.Q.S0.S.G_FCHI_TO_C.E,MNA.Q.Y.I10.W0.S1M.S1.D.P31._Z._Z._T.EUR.LR.N,2001-01-03
Goods exports,Monthly,"Goods exports, capital goods, unit value index",Points,seasonally adjusted,Euro area,,"Capital goods (BEC),Unit value index (Community concept)","Euro area (moving concept in the Real Time database context) - Trade - Export, Capital goods - Unit value - Index","Trade - Export, Capital goods - Unit value",RTD.M.S0.S.T_XCAP_U.X,TRD.M.I9.N.X.CAP.J9.4.UVX,2001-09-13
Goods exports,Monthly,"Goods exports, capital goods, value","Euro, thousands",seasonally adjusted,Euro area,,"Capital goods - Extra EA trade, Value, Export","Euro area (moving concept in the Real Time database context) - Trade - Export, Capital goods - Value - Euro","Trade - Export, Capital goods - Value",RTD.M.S0.S.T_XCAP.E,TRD.M.I10.Y.X.CAP.J10.4.VAL,2001-09-13
Goods exports,Monthly,"Goods exports, capital goods, volume index",Points,seasonally adjusted,Euro area,,"Capital goods - Extra EA trade, Volume index, Export","Euro area (moving concept in the Real Time database context) - Trade - Export, Capital goods - Volume - Index","Trade - Export, Capital goods - Volume",RTD.M.S0.S.T_XCAP_V.X,TRD.M.I10.Y.X.CAP.J10.4.VOX,2001-09-13
Goods exports,Monthly,"Goods exports, consumer goods, unit value index",Points,seasonally adjusted,Euro area,,"Consumption goods (consumer goods and cars and petrol) (BEC),Unit value index (Community concept)","Euro area (moving concept in the Real Time database context) - Trade - Export, Consumption goods (consumer goods and cars and petrol) - Unit value - Index","Trade - Export, Consumption goods (consumer goods and cars and petrol) - Unit value",RTD.M.S0.S.T_XCOM_U.X,TRD.M.I9.N.X.COM.J9.4.UVX,2001-09-13
Goods exports,Monthly,"Goods exports, consumer goods, value","Euro, thousands",seasonally adjusted,Euro area,,"Consumption goods - Extra EA trade, Value, Export","Euro area (moving concept in the Real Time database context) - Trade - Export, Consumption goods (consumer goods and cars and petrol) - Value - Euro","Trade - Export, Consumption goods (consumer goods and cars and petrol) - Value",RTD.M.S0.S.T_XCOM.E,TRD.M.I10.Y.X.COM.J10.4.VAL,2001-09-13
Goods exports,Monthly,"Goods exports, consumer goods, volume index",Points,seasonally adjusted,Euro area,,"Consumption goods - Extra EA trade, Volume index, Export","Euro area (moving concept in the Real Time database context) - Trade - Export, Consumption goods (consumer goods and cars and petrol) - Volume - Index","Trade - Export, Consumption goods (consumer goods and cars and petrol) - Volume",RTD.M.S0.S.T_XCOM_V.X,TRD.M.I10.Y.X.COM.J10.4.VOX,2001-09-13
Goods exports,Monthly,"Goods exports, intermediate goods, unit value index",Points,seasonally adjusted,Euro area,,"Intermediate goods (BEC),Unit value index (Community concept)","Euro area (moving concept in the Real Time database context) - Trade - Export, Intermediate goods - Unit value - Index","Trade - Export, Intermediate goods - Unit value",RTD.M.S0.S.T_XINT_U.X,TRD.M.I9.N.X.INT.J9.4.UVX,2001-09-13
Goods exports,Monthly,"Goods exports, intermediate goods, value","Euro, thousands",seasonally adjusted,Euro area,,"Intermediate goods - Extra EA trade, Value, Export","Euro area (moving concept in the Real Time database context) - Trade - Export, Intermediate goods - Value - Euro","Trade - Export, Intermediate goods - Value",RTD.M.S0.S.T_XINT.E,TRD.M.I10.Y.X.INT.J10.4.VAL,2001-09-13
Goods exports,Monthly,"Goods exports, intermediate goods, volume index",Points,seasonally adjusted,Euro area,,"Intermediate goods - Extra EA trade, Volume index, Export","Euro area (moving concept in the Real Time database context) - Trade - Export, Intermediate goods - Volume - Index","Trade - Export, Intermediate goods - Volume",RTD.M.S0.S.T_XINT_V.X,TRD.M.I10.Y.X.INT.J10.4.VOX,2001-09-13
Goods exports,Monthly,"Goods exports, manufactured goods, unit value index",Points,seasonally adjusted,Euro area,,"Manufactured products (SITC 5 to 8),Unit value index (Community concept)","Euro area (moving concept in the Real Time database context) - Trade - Export, Manufactured products - Unit value - Index","Trade - Export, Manufactured products - Unit value",RTD.M.S0.S.T_XMAN_U.X,TRD.M.I9.N.X.MAN.J9.4.UVX,2001-09-13
Goods exports,Monthly,"Goods exports, manufactured goods, value","Euro, thousands",seasonally adjusted,Euro area,,"Manufactured products - Extra EA trade, Value, Export","Euro area (moving concept in the Real Time database context) - Trade - Export, Manufactured products - Value - Euro","Trade - Export, Manufactured products - Value",RTD.M.S0.S.T_XMAN.E,TRD.M.I10.Y.X.MAN.J10.4.VAL,2001-09-13
Goods exports,Monthly,"Goods exports, manufactured goods, volume index",Points,seasonally adjusted,Euro area,,"Manufactured products - Extra EA trade, Volume index, Export","Euro area (moving concept in the Real Time database context) - Trade - Export, Manufactured products - Volume - Index","Trade - Export, Manufactured products - Volume",RTD.M.S0.S.T_XMAN_V.X,TRD.M.I10.Y.X.MAN.J10.4.VOX,2001-09-13
Goods exports,Monthly,"Goods exports, total, unit value index (not adjusted)",Points,not seasonally adjusted,Euro area,,"Total trade,Unit value index (Community concept)","Euro area (moving concept in the Real Time database context) - Trade - Export, Total - Unit value - Index","Trade - Export, Total - Unit value",RTD.M.S0.N.T_XTTT_U.X,TRD.M.I9.N.X.TTT.J9.4.UVX,2001-01-03
Goods exports,Monthly,"Goods exports, total, unit value index (seasonally adjusted)",Points,seasonally adjusted,Euro area,,"Total trade,Unit value index (Community concept)","Euro area (moving concept in the Real Time database context) - Trade - Export, Total - Unit value - Index","Trade - Export, Total - Unit value",RTD.M.S0.S.T_XTTT_U.X,TRD.M.I9.N.X.TTT.J9.4.UVX,2001-09-13
Goods exports,Monthly,"Goods exports, total, value (not adjusted)","Euro, thousands",not seasonally adjusted,Euro area,,"Total trade - Extra EA trade, Value, Export","Euro area (moving concept in the Real Time database context) - Trade - Export, Total - Value - Index","Trade - Export, Total - Value",RTD.M.S0.N.T_XTTT.X,TRD.M.I10.N.X.TTT.J10.4.VAL,2001-01-03
Goods exports,Monthly,"Goods exports, total, value (seasonally adjusted)","Euro, thousands",seasonally adjusted,Euro area,,"Total trade - Extra EA trade, Value, Export","Euro area (moving concept in the Real Time database context) - Trade - Export, Total - Value - Euro","Trade - Export, Total - Value",RTD.M.S0.S.T_XTTT.E,TRD.M.I10.Y.X.TTT.J10.4.VAL,2001-01-03
Goods exports,Monthly,"Goods exports, total, volume index (not adjusted)",Points,not seasonally adjusted,Euro area,,"Total trade - Extra EA trade, Volume index, Export","Euro area (moving concept in the Real Time database context) - Trade - Export, Total - Volume - Index","Trade - Export, Total - Volume",RTD.M.S0.N.T_XTTT_V.X,TRD.M.I10.N.X.TTT.J10.4.VOX,2001-01-03
Goods exports,Monthly,"Goods exports, total, volume index (seasonally adjusted)",Points,seasonally adjusted,Euro area,,"Total trade - Extra EA trade, Volume index, Export","Euro area (moving concept in the Real Time database context) - Trade - Export, Total - Volume - Index","Trade - Export, Total - Volume",RTD.M.S0.S.T_XTTT_V.X,TRD.M.I10.Y.X.TTT.J10.4.VOX,2001-09-13
Goods imports,Monthly,"Goods imports, capital goods, unit value index",Points,seasonally adjusted,Euro area,,"Capital goods (BEC),Unit value index (Community concept)","Euro area (moving concept in the Real Time database context) - Trade - Import, Capital goods - Unit value - Index","Trade - Import, Capital goods - Unit value",RTD.M.S0.S.T_MCAP_U.X,TRD.M.I9.N.M.CAP.J9.4.UVX,2001-09-13
Goods imports,Monthly,"Goods imports, capital goods, value","Euro, thousands",seasonally adjusted,Euro area,,"Capital goods - Extra EA trade, Value, Import","Euro area (moving concept in the Real Time database context) - Trade - Import, Capital goods - Value - Euro","Trade - Import, Capital goods - Value",RTD.M.S0.S.T_MCAP.E,TRD.M.I10.Y.M.CAP.J10.4.VAL,2001-09-13
Goods imports,Monthly,"Goods imports, capital goods, volume index",Points,seasonally adjusted,Euro area,,"Capital goods - Extra EA trade, Volume index, Import","Euro area (moving concept in the Real Time database context) - Trade - Import, Capital goods - Volume - Index","Trade - Import, Capital goods - Volume",RTD.M.S0.S.T_MCAP_V.X,TRD.M.I10.Y.M.CAP.J10.4.VOX,2001-09-13
Goods imports,Monthly,"Goods imports, consumer goods, unit value index",Points,seasonally adjusted,Euro area,,"Consumption goods (consumer goods and cars and petrol) (BEC),Unit value index (Community concept)","Euro area (moving concept in the Real Time database context) - Trade - Import, Consumption goods (consumer goods and cars and petrol) - Unit value - Index","Trade - Import, Consumption goods (consumer goods and cars and petrol) - Unit value",RTD.M.S0.S.T_MCOM_U.X,TRD.M.I9.N.M.COM.J9.4.UVX,2001-09-13
Goods imports,Monthly,"Goods imports, consumer goods, value","Euro, thousands",seasonally adjusted,Euro area,,"Consumption goods - Extra EA trade, Value, Import","Euro area (moving concept in the Real Time database context) - Trade - Import, Consumption goods (consumer goods and cars and petrol) - Euro","Trade - Import, Consumption goods (consumer goods and cars and petrol)",RTD.M.S0.S.T_MCOM.E,TRD.M.I10.Y.M.COM.J10.4.VAL,2001-09-13
Goods imports,Monthly,"Goods imports, consumer goods, volume index",Points,seasonally adjusted,Euro area,,"Consumption goods - Extra EA trade, Volume index, Import","Euro area (moving concept in the Real Time database context) - Trade - Import, Consumption goods (consumer goods and cars and petrol) - Volume - Index","Trade - Import, Consumption goods (consumer goods and cars and petrol) - Volume",RTD.M.S0.S.T_MCOM_V.X,TRD.M.I10.Y.M.COM.J10.4.VOX,2001-09-13
Goods imports,Monthly,"Goods imports, intermediate goods, unit value index",Points,seasonally adjusted,Euro area,,"Intermediate goods (BEC),Unit value index (Community concept)","Euro area (moving concept in the Real Time database context) - Trade - Import, Intermediate goods - Unit value - Index","Trade - Import, Intermediate goods - Unit value",RTD.M.S0.S.T_MINT_U.X,TRD.M.I9.N.M.INT.J9.4.UVX,2001-09-13
Goods imports,Monthly,"Goods imports, intermediate goods, value","Euro, thousands",seasonally adjusted,Euro area,,"Intermediate goods - Extra EA trade, Value, Import","Euro area (moving concept in the Real Time database context) - Trade - Import, Intermediate goods - Value - Euro","Trade - Import, Intermediate goods - Value",RTD.M.S0.S.T_MINT.E,TRD.M.I10.Y.M.INT.J10.4.VAL,2001-09-13
Goods imports,Monthly,"Goods imports, intermediate goods, volume index",Points,seasonally adjusted,Euro area,,"Intermediate goods - Extra EA trade, Volume index, Import","Euro area (moving concept in the Real Time database context) - Trade - Import, Intermediate goods - Volume - Index","Trade - Import, Intermediate goods - Volume",RTD.M.S0.S.T_MINT_V.X,TRD.M.I10.Y.M.INT.J10.4.VOX,2001-09-13
Goods imports,Monthly,"Goods imports, manufactured goods, unit value index",Points,seasonally adjusted,Euro area,,"Manufactured products (SITC 5 to 8),Unit value index (Community concept)","Euro area (moving concept in the Real Time database context) - Trade - Import, Manufactured products - Unit value - Index","Trade - Import, Manufactured products - Unit value",RTD.M.S0.S.T_MMAN_U.X,TRD.M.I9.N.M.MAN.J9.4.UVX,2001-09-13
Goods imports,Monthly,"Goods imports, manufactured goods, value","Euro, thousands",seasonally adjusted,Euro area,,"Manufactured products - Extra EA trade, Value, Import","Euro area (moving concept in the Real Time database context) - Trade - Import, Manufactured products - Value - Euro","Trade - Import, Manufactured products - Value",RTD.M.S0.S.T_MMAN.E,TRD.M.I10.Y.M.MAN.J10.4.VAL,2001-09-13
Goods imports,Monthly,"Goods imports, manufactured goods, volume index",Points,seasonally adjusted,Euro area,,"Manufactured products - Extra EA trade, Volume index, Import","Euro area (moving concept in the Real Time database context) - Trade - Import, Manufactured products - Volume - Index","Trade - Import, Manufactured products - Volume",RTD.M.S0.S.T_MMAN_V.X,TRD.M.I10.Y.M.MAN.J10.4.VOX,2001-09-13
Goods imports,Monthly,"Goods imports, oil, unit value index",Points,seasonally adjusted,Euro area,,"Petroleum, petroleum products and related materials (SITC 33),Unit value index (Community concept)","Euro area (moving concept in the Real Time database context) - Trade - Import, Petroleum, petroleum products and related materials - Unit value - Index","Trade - Import, Petroleum, petroleum products and related materials - Unit value",RTD.M.S0.S.T_MOIL_U.X,TRD.M.I9.N.M.OIL.J9.4.UVX,2001-09-13
Goods imports,Monthly,"Goods imports, oil, value","Euro, thousands",seasonally adjusted,Euro area,,"Petroleum, petroleum products and related materials - Extra EA trade, Value, Import","Euro area (moving concept in the Real Time database context) - Trade - Import, Petroleum, petroleum products and related materials - Value - Euro","Trade - Import, Petroleum, petroleum products and related materials - Value",RTD.M.S0.S.T_MOIL.E,TRD.M.I10.Y.M.OIL.J10.4.VAL,2001-09-13
Goods imports,Monthly,"Goods imports, oil, volume index",Points,seasonally adjusted,Euro area,,"Petroleum, petroleum products and related materials - Extra EA trade, Volume index, Import","Euro area (moving concept in the Real Time database context) - Trade - Import, Petroleum, petroleum products and related materials - Volume - Index","Trade - Import, Petroleum, petroleum products and related materials - Volume",RTD.M.S0.S.T_MOIL_V.X,TRD.M.I10.Y.M.OIL.J10.4.VOX,2001-09-13
Goods imports,Monthly,"Goods imports, total, unit value index (not adjusted)",Points,not seasonally adjusted,Euro area,,"Total trade,Unit value index (Community concept)","Euro area (moving concept in the Real Time database context) - Trade - Import, Total - Unit value - Index","Trade - Import, Total - Unit value",RTD.M.S0.N.T_MTTT_U.X,TRD.M.I9.N.M.TTT.J9.4.UVX,2001-01-03
Goods imports,Monthly,"Goods imports, total, unit value index (seasonally adjusted)",Points,seasonally adjusted,Euro area,,"Total trade,Unit value index (Community concept)","Euro area (moving concept in the Real Time database context) - Trade - Import, Total - Unit value - Index","Trade - Import, Total - Unit value",RTD.M.S0.S.T_MTTT_U.X,TRD.M.I9.N.M.TTT.J9.4.UVX,2001-09-13
Goods imports,Monthly,"Goods imports, total, value (not adjusted)","Euro, thousands",not seasonally adjusted,Euro area,,"Total trade - Extra EA trade, Value, Import","Euro area (moving concept in the Real Time database context) - Trade - Import, Total - Value - Index","Trade - Import, Total - Value",RTD.M.S0.N.T_MTTT.X,TRD.M.I10.N.M.TTT.J10.4.VAL,2001-01-03
Goods imports,Monthly,"Goods imports, total, value (seasonally adjusted)","Euro, thousands",seasonally adjusted,Euro area,,"Total trade - Extra EA trade, Value, Import","Euro area (moving concept in the Real Time database context) - Trade - Import, Total - Value - Euro","Trade - Import, Total - Value",RTD.M.S0.S.T_MTTT.E,TRD.M.I10.Y.M.TTT.J10.4.VAL,2001-01-03
Goods imports,Monthly,"Goods imports, total, volume index (not adjusted)",Points,not seasonally adjusted,Euro area,,"Total trade - Extra EA trade, Volume index, Import","Euro area (moving concept in the Real Time database context) - Trade - Import, Total - Volume - Index","Trade - Import, Total - Volume",RTD.M.S0.N.T_MTTT_V.X,TRD.M.I10.N.M.TTT.J10.4.VOX,2001-01-03
Goods imports,Monthly,"Goods imports, total, volume index (seasonally adjusted)",Points,seasonally adjusted,Euro area,,"Total trade - Extra EA trade, Volume index, Import","Euro area (moving concept in the Real Time database context) - Trade - Import, Total - Volume - Index","Trade - Import, Total - Volume",RTD.M.S0.S.T_MTTT_V.X,TRD.M.I10.Y.M.TTT.J10.4.VOX,2001-09-13
Government finance,Annual,Central government balance,Percent of GDP,not seasonally adjusted,Euro area,,"Central government deficit(-) or surplus(+), percent of GDP",Euro area (moving concept in the Real Time database context) - Deficit/surplus without UMTS proceeds - All sectors/ unspecified/ not applicable (ESA2010)-NCBs - Central government (ESA2010)-NCBs - Non-financial flows current prices - Percentage,Deficit/surplus without UMTS proceeds - All sectors/ unspecified/ not applicable (ESA2010)-NCBs - Central government (ESA2010)-NCBs - Non-financial flows current prices,RTD.A.S0.N.F_UMD_CCG_D0.F,GFS.A.N.I10.W0.S1311.S1._Z.B.B9._Z._Z._Z.XDC_R_B1GQ._Z.S.V.N._T,2001-01-03
Government finance,Annual,General government balance,Percent of GDP,not seasonally adjusted,Euro area,,"Government deficit(-) or surplus(+), percent of GDP",Euro area (moving concept in the Real Time database context) - Deficit/surplus without UMTS proceeds - All sectors/ unspecified/ not applicable (ESA2010)-NCBs - General government (ESA2010)-NCBs - Non-financial flows current prices - Percentage,Deficit/surplus without UMTS proceeds - All sectors/ unspecified/ not applicable (ESA2010)-NCBs - General government (ESA2010)-NCBs - Non-financial flows current prices,RTD.A.S0.N.F_UMD_CGG_D0.F,GFS.A.N.I10.W0.S13.S1._Z.B.B9._Z._Z._Z.XDC_R_B1GQ._Z.S.V.N._T,2001-01-03
Government finance,Annual,General government primary balance,Percent of GDP,not seasonally adjusted,Euro area,,"Government primary deficit(-) or surplus(+), percent of GDP",Euro area (moving concept in the Real Time database context) - Primary deficit/surplus without UMTS proceeds - All sectors/ unspecified/ not applicable (ESA2010)-NCBs - General government (ESA2010)-NCBs - Non-financial flows current prices - Percentage,Primary deficit/surplus without UMTS proceeds - All sectors/ unspecified/ not applicable (ESA2010)-NCBs - General government (ESA2010)-NCBs - Non-financial flows current prices,RTD.A.S0.N.F_UMS_CGG_D0.F,GFS.A.N.I10.W0.S13.S1._Z.B.B9P._Z._Z._Z.XDC_R_B1GQ._Z.S.V.N._T,2001-01-03
Government finance,Annual,Government collective consumption,Percent of GDP,not seasonally adjusted,Euro area,,Government collective consumption (as % of GDP),"Euro area (moving concept in the Real Time database context) - Collective consumption expenditure (P32, ESA 95) - All sectors/ unspecified/ not applicable (ESA95)-NCBs - General government (ESA95)-NCBs - Non-financial flows current prices - Percentage","Collective consumption expenditure (P32, ESA 95) - All sectors/ unspecified/ not applicable (ESA2010)-NCBs - General government (ESA2010)-NCBs - Non-financial flows current prices",RTD.A.S0.N.F_CEC_CGG_D0.F,GFS.A.N.I9.W0.S13.S1.N.D.P32._Z._Z._T.XDC_R_B1GQ._Z.S.V.N._T,2001-01-03
Government finance,Annual,Government compensation of employees,Percent of GDP,not seasonally adjusted,Euro area,,"Government expenditure related to compensation of employees, percent of GDP",Euro area (moving concept in the Real Time database context) - Compensation of employees (D.1) - All sectors/ unspecified/ not applicable (ESA2010)-NCBs - General government (ESA2010)-NCBs - Non-financial flows current prices - Percentage,Compensation of employees (D.1) - All sectors/ unspecified/ not applicable (ESA2010)-NCBs - General government (ESA2010)-NCBs - Non-financial flows current prices,RTD.A.S0.N.F_COE_CGG_D0.F,GFS.A.N.I10.W0.S13.S1.N.D.D1._Z._Z._T.XDC_R_B1GQ._Z.S.V.N._T,2001-01-03
Government finance,Annual,Government consumption of fixed capital,Percent of GDP,not seasonally adjusted,Euro area,,Government fixed capital consumption (as % of GDP),Euro area (moving concept in the Real Time database context) - Consumption of fixed capital - All sectors/ unspecified/ not applicable (ESA95)-NCBs - General government (ESA95)-NCBs - Non-financial flows current prices - Percentage,Consumption of fixed capital - All sectors/ unspecified/ not applicable (ESA2010)-NCBs - General government (ESA2010)-NCBs - Non-financial flows current prices,RTD.A.S0.N.F_CFC_CGG_D0.F,GFS.A.N.I9.W0.S13.S1.N.D.P51C._Z._Z._T.XDC_R_B1GQ._Z.S.V.N._T,2001-01-03
Government finance,Annual,Government final consumption,Percent of GDP,not seasonally adjusted,Euro area,,Government final consumption (as % of GDP),Euro area (moving concept in the Real Time database context) - Final consumption expenditure (P.3) - All sectors/ unspecified/ not applicable (ESA95)-NCBs - General government (ESA95)-NCBs - Non-financial flows current prices - Percentage,Final consumption expenditure (P.3) - All sectors/ unspecified/ not applicable (ESA2010)-NCBs - General government (ESA2010)-NCBs - Non-financial flows current prices,RTD.A.S0.N.F_CEF_CGG_D0.F,GFS.A.N.I9.W0.S13.S1.N.D.P3._Z._Z._T.XDC_R_B1GQ._Z.S.V.N._T,2001-01-03
Government finance,Annual,Government individual consumption,Percent of GDP,not seasonally adjusted,Euro area,,Government individual consumption (as % of GDP),"Euro area (moving concept in the Real Time database context) - Individual consumption expenditure (P31, ESA 95) - All sectors/ unspecified/ not applicable (ESA95)-NCBs - General government (ESA95)-NCBs - Non-financial flows current prices - Percentage","Individual consumption expenditure (P31, ESA 95) - All sectors/ unspecified/ not applicable (ESA2010)-NCBs - General government (ESA2010)-NCBs - Non-financial flows current prices",RTD.A.S0.N.F_CEI_CGG_D0.F,GFS.A.N.I9.W0.S13.S1.N.D.P31._Z._Z._T.XDC_R_B1GQ._Z.S.V.N._T,2001-01-03
Government finance,Annual,Government intermediate consumption,Percent of GDP,not seasonally adjusted,Euro area,,"Government intermediate consumption, percent of GDP",Euro area (moving concept in the Real Time database context) - Intermediate consumption (P.2) - All sectors/ unspecified/ not applicable (ESA2010)-NCBs - General government (ESA2010)-NCBs - Non-financial flows current prices - Percentage,Intermediate consumption (P.2) - All sectors/ unspecified/ not applicable (ESA2010)-NCBs - General government (ESA2010)-NCBs - Non-financial flows current prices,RTD.A.S0.N.F_INC_CGG_D0.F,GFS.A.N.I10.W0.S13.S1.N.D.P2._Z._Z._T.XDC_R_B1GQ._Z.S.V.N._T,2001-01-03
Government finance,Annual,Government revenue from sales,Percent of GDP,not seasonally adjusted,Euro area,,Government revenue from sales (as % of GDP),Euro area (moving concept in the Real Time database context) - Sales - General government (ESA95)-NCBs - All sectors/ unspecified/ not applicable (ESA95)-NCBs - Non-financial flows current prices - Percentage,Sales - General government (ESA2010)-NCBs - All sectors/ unspecified/ not applicable (ESA2010)-NCBs - Non-financial flows current prices,RTD.A.S0.N.F_SAL_C0_DGG.F,GFS.A.N.I9.W0.S13.S1.N.C.P1O._Z._Z._Z.XDC_R_B1GQ._Z.S.V.N._T,2001-01-03
Government finance,Annual,Government social transfers in kind,Percent of GDP,not seasonally adjusted,Euro area,,Government expenditure related to social transfers in kind - purchased market production (as % of GDP),Euro area (moving concept in the Real Time database context) - Social transfers in kind via non-government producers - Households (ESA95)-NCBs - General government (ESA95)-NCBs - Non-financial flows current prices - Percentage,Social transfers in kind via non-government producers - Households (ESA2010)-NCBs - General government (ESA2010)-NCBs - Non-financial flows current prices,RTD.A.S0.N.F_STM_CGG_DH.F,GFS.A.N.I9.W0.S13.S14.N.D.D632._Z._Z._T.XDC_R_B1GQ._Z.S.V.N._T,2001-01-03
Government finance,Annual,Local government balance,Percent of GDP,not seasonally adjusted,Euro area,,"Local government deficit(-) or surplus(+), percent of GDP",Euro area (moving concept in the Real Time database context) - Deficit or surplus - All sectors/ unspecified/ not applicable (ESA2010)-NCBs - Local government (ESA2010)-NCBs - Non-financial flows current prices - Percentage,Deficit or surplus - All sectors/ unspecified/ not applicable (ESA2010)-NCBs - Local government (ESA2010)-NCBs - Non-financial flows current prices,RTD.A.S0.N.F_DEF_CLG_D0.F,GFS.A.N.I10.W0.S1313.S1._Z.B.B9._Z._Z._Z.XDC_R_B1GQ._Z.S.V.N._T,2001-01-03
Government finance,Annual,Social security funds balance,Percent of GDP,not seasonally adjusted,Euro area,,"Social security funds deficit(-) or surplus(+), percent of GDP",Euro area (moving concept in the Real Time database context) - Deficit or surplus - All sectors/ unspecified/ not applicable (ESA2010)-NCBs - Social security funds (ESA2010)-NCBs - Non-financial flows current prices - Percentage,Deficit or surplus - All sectors/ unspecified/ not applicable (ESA2010)-NCBs - Social security funds (ESA2010)-NCBs - Non-financial flows current prices,RTD.A.S0.N.F_DEF_CSF_D0.F,GFS.A.N.I10.W0.S1314.S1._Z.B.B9._Z._Z._Z.XDC_R_B1GQ._Z.S.V.N._T,2001-01-03
Government finance,Annual,State government balance,Percent of GDP,not seasonally adjusted,Euro area,,"State government deficit(-) or surplus(+), percent of GDP",Euro area (moving concept in the Real Time database context) - Deficit or surplus - All sectors/ unspecified/ not applicable (ESA2010)-NCBs - State government (ESA2010)-NCBs - Non-financial flows current prices - Percentage,Deficit or surplus - All sectors/ unspecified/ not applicable (ESA2010)-NCBs - State government (ESA2010)-NCBs - Non-financial flows current prices,RTD.A.S0.N.F_DEF_CSG_D0.F,GFS.A.N.I10.W0.S1312.S1._Z.B.B9._Z._Z._Z.XDC_R_B1GQ._Z.S.V.N._T,2001-01-03
Gross value added,Quarterly,"Gross value added, agriculture, nominal","Euro, millions",seasonally adjusted,Euro area,,"Value added, gross, nominal","Euro area (moving concept in the Real Time database context) - Gross value added at basic prices - agricultural, hunting, forestry and fishing products - Current prices - Euro","Gross value added at basic prices - agricultural, hunting, forestry and fishing products - Current prices",RTD.Q.S0.S.G_GVAD_AHFF_U.E,MNA.Q.Y.I10.W2.S1.S1.B.B1G._Z.A._Z.EUR.V.N,2001-01-03
Gross value added,Quarterly,"Gross value added, agriculture, real","Euro, millions",seasonally adjusted,Euro area,,"Value added, gross, volume","Euro area (moving concept in the Real Time database context) - Gross value added at basic prices - agricultural, hunting, forestry and fishing products - Constant prices - Euro","Gross value added at basic prices - agricultural, hunting, forestry and fishing products - Constant prices",RTD.Q.S0.S.G_GVAD_AHFF_O.E,MNA.Q.Y.I10.W2.S1.S1.B.B1G._Z.A._Z.EUR.LR.N,2001-01-03
Gross value added,Quarterly,"Gross value added, arts and other services, nominal","Euro, millions",seasonally adjusted,Euro area,,"Value added, gross, nominal","Euro area (moving concept in the Real Time database context) - Gross value added at basic prices - Arts, entertainment and recreation, repair of household goods and other services (NACE Rev2) - Current prices - Euro","Gross value added at basic prices - Arts, entertainment and recreation, repair of household goods and other services (NACE Rev2) - Current prices",RTD.Q.S0.S.G_GVAD_ARTOSER_U.E,MNA.Q.Y.I10.W2.S1.S1.B.B1G._Z.RTU._Z.EUR.V.N,2012-01-11
Gross value added,Quarterly,"Gross value added, arts and other services, real","Euro, millions",seasonally adjusted,Euro area,,"Value added, gross, volume","Euro area (moving concept in the Real Time database context) - Gross value added at basic prices - Arts, entertainment and recreation, repair of household goods and other services (NACE Rev2) - Constant prices - Euro","Gross value added at basic prices - Arts, entertainment and recreation, repair of household goods and other services (NACE Rev2) - Constant prices",RTD.Q.S0.S.G_GVAD_ARTOSER_O.E,MNA.Q.Y.I10.W2.S1.S1.B.B1G._Z.RTU._Z.EUR.LR.N,2012-01-11
Gross value added,Quarterly,"Gross value added, construction, nominal","Euro, millions",seasonally adjusted,Euro area,,"Value added, gross, nominal",Euro area (moving concept in the Real Time database context) - Gross value added at basic prices - construction - Current prices - Euro,Gross value added at basic prices - construction - Current prices,RTD.Q.S0.S.G_GVAD_CONST_U.E,MNA.Q.Y.I10.W2.S1.S1.B.B1G._Z.F._Z.EUR.V.N,2001-01-03
Gross value added,Quarterly,"Gross value added, construction, real","Euro, millions",seasonally adjusted,Euro area,,"Value added, gross, volume",Euro area (moving concept in the Real Time database context) - Gross value added at basic prices - construction - Constant prices - Euro,Gross value added at basic prices - construction - Constant prices,RTD.Q.S0.S.G_GVAD_CONST_O.E,MNA.Q.Y.I10.W2.S1.S1.B.B1G._Z.F._Z.EUR.LR.N,2001-01-03
Gross value added,Quarterly,"Gross value added, finance and insurance, nominal","Euro, millions",seasonally adjusted,Euro area,,"Value added, gross, nominal",Euro area (moving concept in the Real Time database context) - Gross value added at basic prices - Financial and insurance activities (NACE Rev2) - Current prices - Euro,Gross value added at basic prices - Financial and insurance activities (NACE Rev2) - Current prices,RTD.Q.S0.S.G_GVAD_FININS_U.E,MNA.Q.Y.I10.W2.S1.S1.B.B1G._Z.K._Z.EUR.V.N,2012-01-11
Gross value added,Quarterly,"Gross value added, finance and insurance, real","Euro, millions",seasonally adjusted,Euro area,,"Value added, gross, volume",Euro area (moving concept in the Real Time database context) - Gross value added at basic prices - Financial and insurance activities (NACE Rev2) - Constant prices - Euro,Gross value added at basic prices - Financial and insurance activities (NACE Rev2) - Constant prices,RTD.Q.S0.S.G_GVAD_FININS_O.E,MNA.Q.Y.I10.W2.S1.S1.B.B1G._Z.K._Z.EUR.LR.N,2012-01-11
Gross value added,Quarterly,"Gross value added, industry, nominal","Euro, millions",seasonally adjusted,Euro area,,"Value added, gross, nominal",Euro area (moving concept in the Real Time database context) - Gross value added at basic prices - total industry - Current prices - Euro,Gross value added at basic prices - total industry - Current prices,RTD.Q.S0.S.G_GVAD_INDTO_U.E,MNA.Q.Y.I10.W2.S1.S1.B.B1G._Z.BTE._Z.EUR.V.N,2001-01-03
Gross value added,Quarterly,"Gross value added, industry, real","Euro, millions",seasonally adjusted,Euro area,,"Value added, gross, volume",Euro area (moving concept in the Real Time database context) - Gross value added at basic prices - total industry - Constant prices - Euro,Gross value added at basic prices - total industry - Constant prices,RTD.Q.S0.S.G_GVAD_INDTO_O.E,MNA.Q.Y.I10.W2.S1.S1.B.B1G._Z.BTE._Z.EUR.LR.N,2001-01-03
Gross value added,Quarterly,"Gross value added, information and communication, nominal","Euro, millions",seasonally adjusted,Euro area,,"Value added, gross, nominal",Euro area (moving concept in the Real Time database context) - Gross value added at basic prices - Information and communication (NACE Rev2) - Current prices - Euro,Gross value added at basic prices - Information and communication (NACE Rev2) - Current prices,RTD.Q.S0.S.G_GVAD_INFCOM_U.E,MNA.Q.Y.I10.W2.S1.S1.B.B1G._Z.J._Z.EUR.V.N,2012-01-11
Gross value added,Quarterly,"Gross value added, information and communication, real","Euro, millions",seasonally adjusted,Euro area,,"Value added, gross, volume",Euro area (moving concept in the Real Time database context) - Gross value added at basic prices - Information and communication (NACE Rev2) - Constant prices - Euro,Gross value added at basic prices - Information and communication (NACE Rev2) - Constant prices,RTD.Q.S0.S.G_GVAD_INFCOM_O.E,MNA.Q.Y.I10.W2.S1.S1.B.B1G._Z.J._Z.EUR.LR.N,2012-01-11
Gross value added,Quarterly,"Gross value added, professional and business services, nominal","Euro, millions",seasonally adjusted,Euro area,,"Value added, gross, nominal","Euro area (moving concept in the Real Time database context) - Gross value added at basic prices - Professional, scientific and technical activities; administrative and support service activities (NACE Rev2) - Current prices - Euro","Gross value added at basic prices - Professional, scientific and technical activities; administrative and support service activities (NACE Rev2) - Current prices",RTD.Q.S0.S.G_GVAD_SCADM_U.E,MNA.Q.Y.I10.W2.S1.S1.B.B1G._Z.M_N._Z.EUR.V.N,2012-01-11
Gross value added,Quarterly,"Gross value added, professional and business services, real","Euro, millions",seasonally adjusted,Euro area,,"Value added, gross, volume","Euro area (moving concept in the Real Time database context) - Gross value added at basic prices - Professional, scientific and technical activities; administrative and support service activities (NACE Rev2) - Constant prices - Euro","Gross value added at basic prices - Professional, scientific and technical activities; administrative and support service activities (NACE Rev2) - Constant prices",RTD.Q.S0.S.G_GVAD_SCADM_O.E,MNA.Q.Y.I10.W2.S1.S1.B.B1G._Z.M_N._Z.EUR.LR.N,2012-01-11
Gross value added,Quarterly,"Gross value added, public admin, education and health, nominal","Euro, millions",seasonally adjusted,Euro area,,"Value added, gross, nominal",Euro area (moving concept in the Real Time database context) - Gross value added at basic prices - Public administration and defence; compulsory social security; education; human health and social work activities (NACE Rev2) - Current prices - Euro,Gross value added at basic prices - Public administration and defence; compulsory social security; education; human health and social work activities (NACE Rev2) - Current prices,RTD.Q.S0.S.G_GVAD_DEFEDU_U.E,MNA.Q.Y.I10.W2.S1.S1.B.B1G._Z.OTQ._Z.EUR.V.N,2012-01-11
Gross value added,Quarterly,"Gross value added, public admin, education and health, real","Euro, millions",seasonally adjusted,Euro area,,"Value added, gross, volume",Euro area (moving concept in the Real Time database context) - Gross value added at basic prices - Public administration and defence; compulsory social security; education; human health and social work activities (NACE Rev2) - Constant prices - Euro,Gross value added at basic prices - Public administration and defence; compulsory social security; education; human health and social work activities (NACE Rev2) - Constant prices,RTD.Q.S0.S.G_GVAD_DEFEDU_O.E,MNA.Q.Y.I10.W2.S1.S1.B.B1G._Z.OTQ._Z.EUR.LR.N,2012-01-11
Gross value added,Quarterly,"Gross value added, real estate, nominal","Euro, millions",seasonally adjusted,Euro area,,"Value added, gross, nominal",Euro area (moving concept in the Real Time database context) - Gross value added at basic prices - Real estate activities (NACE Rev2) - Current prices - Euro,Gross value added at basic prices - Real estate activities (NACE Rev2) - Current prices,RTD.Q.S0.S.G_GVAD_REST_U.E,MNA.Q.Y.I10.W2.S1.S1.B.B1G._Z.L._Z.EUR.V.N,2012-01-11
Gross value added,Quarterly,"Gross value added, real estate, real","Euro, millions",seasonally adjusted,Euro area,,"Value added, gross, volume",Euro area (moving concept in the Real Time database context) - Gross value added at basic prices - Real estate activities (NACE Rev2) - Constant prices - Euro,Gross value added at basic prices - Real estate activities (NACE Rev2) - Constant prices,RTD.Q.S0.S.G_GVAD_REST_O.E,MNA.Q.Y.I10.W2.S1.S1.B.B1G._Z.L._Z.EUR.LR.N,2012-01-11
Gross value added,Quarterly,"Gross value added, total, nominal","Euro, millions",seasonally adjusted,Euro area,,"Value added, gross, nominal",Euro area (moving concept in the Real Time database context) - Gross value added at basic prices - Current prices - Euro,Gross value added at basic prices - Current prices,RTD.Q.S0.S.G_GVAD_TO_U.E,MNA.Q.Y.I10.W2.S1.S1.B.B1G._Z._T._Z.EUR.V.N,2001-01-03
Gross value added,Quarterly,"Gross value added, total, real","Euro, millions",seasonally adjusted,Euro area,,"Value added, gross, volume",Euro area (moving concept in the Real Time database context) - Gross value added at basic prices - Constant prices - Euro,Gross value added at basic prices - Constant prices,RTD.Q.S0.S.G_GVAD_TO_O.E,MNA.Q.Y.I10.W2.S1.S1.B.B1G._Z._T._Z.EUR.LR.N,2001-01-03
Gross value added,Quarterly,"Gross value added, trade, transport and hospitality, nominal","Euro, millions",seasonally adjusted,Euro area,,"Value added, gross, nominal","Euro area (moving concept in the Real Time database context) - Gross value added at basic prices - trade, repairs, hotels, restaurants, transport and communications - Current prices - Euro","Gross value added at basic prices - trade, repairs, hotels, restaurants, transport and communications - Current prices",RTD.Q.S0.S.G_GVAD_WSHRTC_U.E,MNA.Q.Y.I10.W2.S1.S1.B.B1G._Z.GTI._Z.EUR.V.N,2001-04-10
Gross value added,Quarterly,"Gross value added, trade, transport and hospitality, real","Euro, millions",seasonally adjusted,Euro area,,"Value added, gross, volume","Euro area (moving concept in the Real Time database context) - Gross value added at basic prices - trade, repairs, hotels, restaurants, transport and communications - Constant prices - Euro","Gross value added at basic prices - trade, repairs, hotels, restaurants, transport and communications - Constant prices",RTD.Q.S0.S.G_GVAD_WSHRTC_O.E,MNA.Q.Y.I10.W2.S1.S1.B.B1G._Z.GTI._Z.EUR.LR.N,2001-01-03
Gross value added,Quarterly,"Taxes less subsidies on products, nominal","Euro, millions",seasonally adjusted,Euro area,"Check before use: in later vintages this series holds nominal GDP, not taxes less subsidies (the ECB links it to a GDP source series).",Gross domestic product at market prices,Euro area (moving concept in the Real Time database context) - Taxes less subsidies on products - Current prices - Euro,Taxes less subsidies on products - Current prices,RTD.Q.S0.S.G_TLSP_TO_U.E,MNA.Q.Y.I9.W2.S1.S1.B.B1GQ._Z._Z._Z.EUR.V.N,2001-04-10
Gross value added,Quarterly,"Taxes less subsidies on products, real","Euro, millions",seasonally adjusted,Euro area,,"Taxes less subsidies on products, volume",Euro area (moving concept in the Real Time database context) - Taxes less subsidies on products - Constant prices - Euro,Taxes less subsidies on products - Constant prices,RTD.Q.S0.S.G_TLSP_TO_O.E,MNA.Q.Y.I10.W2.S1.S1.C.D21X31._Z._Z._Z.EUR.LR.N,2001-01-03
Industrial production,Monthly,"Industrial production, capital goods",Index,working day adjusted,Euro area,,"Industrial Production Index - Working day adjusted, not seasonally adjusted","Euro area (moving concept in the Real Time database context) - Industrial Production Index, MIG Capital Goods Industry - Index","Industrial Production Index, MIG Capital Goods Industry",RTD.M.S0.W.I_CAPGO.X,STBS.M.I10.W.PROD.NS0050.4D0.N.IX,2001-01-03
Industrial production,Monthly,"Industrial production, construction",Index,working day adjusted,Euro area,,"Construction Production - Working day adjusted, not seasonally adjusted","Euro area (moving concept in the Real Time database context) - Industrial Production Index, Construction - Index","Industrial Production Index, Construction",RTD.M.S0.W.I_CONST.X,STBS.M.I10.W.PROD.2F0000.4D0.N.IX,2001-01-03
Industrial production,Monthly,"Industrial production, consumer goods",Index,working day adjusted,Euro area,,"Industrial Production Index - Working day adjusted, not seasonally adjusted","Euro area (moving concept in the Real Time database context) - Industrial Production Index, Consumer goods industry - Index","Industrial Production Index, Consumer goods industry",RTD.M.S0.W.I_CONGO.X,STBS.M.I10.W.PROD.NS0080.4D0.N.IX,2001-02-28
Industrial production,Monthly,"Industrial production, durable consumer goods",Pure number,working day adjusted,Euro area,,Industrial production; durable consumer goods,"Euro area (moving concept in the Real Time database context) - Industrial Production Index, MIG Durable Consumer Goods Industry - Index","Industrial Production Index, MIG Durable Consumer Goods Industry",RTD.M.S0.W.I_DCOGO.X,STS.M.I9.W.PROD.NS0060.4.000,2001-01-03
Industrial production,Monthly,"Industrial production, energy",Index,working day adjusted,Euro area,,"Industrial Production Index - Working day adjusted, not seasonally adjusted","Euro area (moving concept in the Real Time database context) - Industrial Production Index, MIG Energy - Index","Industrial Production Index, MIG Energy",RTD.M.S0.W.I_ENERG.X,STBS.M.I10.W.PROD.NS0090.4D0.N.IX,2001-08-01
Industrial production,Monthly,"Industrial production, excl. construction (seasonally adjusted)",Index,seasonally and working day adjusted,Euro area,,Total industrial production (excluding construction) - Working day and seasonally adjusted,"Euro area (moving concept in the Real Time database context) - Industrial Production Index, Total Industry (excluding construction) - Index","Industrial Production Index, Total Industry (excluding construction)",RTD.M.S0.Y.I_XCONS.X,STBS.M.I10.Y.PROD.NS0020.4D0.N.IX,2001-01-03
Industrial production,Monthly,"Industrial production, excl. construction (working day adjusted)",Index,working day adjusted,Euro area,,"Total industrial production (excluding construction) - Working day adjusted, not seasonally adjusted","Euro area (moving concept in the Real Time database context) - Industrial Production Index, Total Industry (excluding construction) - Index","Industrial Production Index, Total Industry (excluding construction)",RTD.M.S0.W.I_XCONS.X,STBS.M.I10.W.PROD.NS0020.4D0.N.IX,2001-01-03
Industrial production,Monthly,"Industrial production, excl. construction and energy",Pure number,working day adjusted,Euro area,,"Industrial production; total excluding construction, energy","Euro area (moving concept in the Real Time database context) - Industrial Production Index, Total Industry excluding construction and MIG Energy - Index","Industrial Production Index, Total Industry excluding construction and MIG Energy",RTD.M.S0.W.I_XCOEN.X,STS.M.I9.W.PROD.NS0021.4.000,2001-08-01
Industrial production,Monthly,"Industrial production, incl. construction",Pure number,working day adjusted,Euro area,,Industrial production; total including construction,"Euro area (moving concept in the Real Time database context) - Industrial Production Index, Total Industry - Index","Industrial Production Index, Total Industry",RTD.M.S0.W.I_INDTO.X,STS.M.I9.W.PROD.NS0010.4.000,2001-01-03
Industrial production,Monthly,"Industrial production, intermediate goods",Index,working day adjusted,Euro area,,"Industrial Production Index - Working day adjusted, not seasonally adjusted","Euro area (moving concept in the Real Time database context) - Industrial Production Index, MIG Intermediate Goods Industry - Index","Industrial Production Index, MIG Intermediate Goods Industry",RTD.M.S0.W.I_INTGO.X,STBS.M.I10.W.PROD.NS0040.4D0.N.IX,2001-01-03
Industrial production,Monthly,"Industrial production, manufacturing",Index,working day adjusted,Euro area,,"Industrial Production Index - Working day adjusted, not seasonally adjusted","Euro area (moving concept in the Real Time database context) - Industrial Production Index, Manufacturing - Index","Industrial Production Index, Manufacturing",RTD.M.S0.W.I_MANUF.X,STBS.M.I10.W.PROD.2C0000.4D0.N.IX,2001-01-03
Industrial production,Monthly,"Industrial production, manufacturing - Japan",Index,not seasonally adjusted,Japan,,"INDUST.PROD., MANUFACTURING NSA","Japan - Industrial Production Index, Manufacturing - Index","Industrial Production Index, Manufacturing",RTD.M.JP.N.I_MANUF.X,BISM.M.SBNA.JP.01,2001-01-03
Industrial production,Monthly,"Industrial production, manufacturing - United States",Index,seasonally and working day adjusted,United States,,"INDUST.PROD., MANUFACTURING SA","United States - Industrial Production Index, Manufacturing - Index","Industrial Production Index, Manufacturing",RTD.M.US.Y.I_MANUF.X,BISM.M.SBNB.US.01,2001-01-03
Industrial production,Monthly,"Industrial production, non-durable consumer goods",Pure number,working day adjusted,Euro area,,Industrial production; non-durable consumer goods,"Euro area (moving concept in the Real Time database context) - Industrial Production Index, MIG Non-durable Consumer Goods Industry - Index","Industrial Production Index, MIG Non-durable Consumer Goods Industry",RTD.M.S0.W.I_NCOGO.X,STS.M.I9.W.PROD.NS0070.4.000,2001-01-03
Interest rates and bond yields,Monthly,Eonia,Percent per annum,not seasonally adjusted,Euro area,,"Eonia rate - Historical close, average of observations through period",Euro area (moving concept in the Real Time database context) - Rate - Eonia rate - Euro,Rate - Eonia rate,RTD.M.S0.N.C_EONIA.E,FM.M.U2.EUR.4F.MM.EONIA.HSTA,2001-01-03
Interest rates and bond yields,Monthly,Euribor 1-month,Percent per annum,not seasonally adjusted,Euro area,,"Euribor 1-month - Historical close, average of observations through period",Euro area (moving concept in the Real Time database context) - Rate - 1-month Euribor (Euro interbank offered rate) - Euro,Rate - 1-month Euribor (Euro interbank offered rate),RTD.M.S0.N.C_EUR1M.E,FM.M.U2.EUR.RT.MM.EURIBOR1MD_.HSTA,2001-01-03
Interest rates and bond yields,Monthly,Euribor 1-year,Percent per annum,not seasonally adjusted,Euro area,,"Euribor 1-year - Historical close, average of observations through period",Euro area (moving concept in the Real Time database context) - Rate - 1-year Euribor (Euro interbank offered rate) - Euro,Rate - 1-year Euribor (Euro interbank offered rate),RTD.M.S0.N.C_EUR1Y.E,FM.M.U2.EUR.RT.MM.EURIBOR1YD_.HSTA,2001-01-03
Interest rates and bond yields,Monthly,Euribor 3-month,Percent per annum,not seasonally adjusted,Euro area,,"Euribor 3-month - Historical close, average of observations through period",Euro area (moving concept in the Real Time database context) - Rate - 3-month Euribor (Euro interbank offered rate) - Euro,Rate - 3-month Euribor (Euro interbank offered rate),RTD.M.S0.N.C_EUR3M.E,FM.M.U2.EUR.RT.MM.EURIBOR3MD_.HSTA,2001-01-03
Interest rates and bond yields,Monthly,Euribor 6-month,Percent per annum,not seasonally adjusted,Euro area,,"Euribor 6-month - Historical close, average of observations through period",Euro area (moving concept in the Real Time database context) - Rate - 6-month Euribor (Euro interbank offered rate) - Euro,Rate - 6-month Euribor (Euro interbank offered rate),RTD.M.S0.N.C_EUR6M.E,FM.M.U2.EUR.RT.MM.EURIBOR6MD_.HSTA,2001-01-03
Interest rates and bond yields,Monthly,Euro area government bond yield 10-year,Percent per annum,not seasonally adjusted,Euro area,,Euro Area 10 Years Government Benchmark Bond - Yield,Euro area (moving concept in the Real Time database context) - Rate - 10-year Euro area government benchmark bond yield - Euro,Rate - 10-year Euro area government benchmark bond yield,RTD.M.S0.N.C_U210Y.E,FM.M.U2.EUR.4F.BB.U2_10Y.YLD,2001-01-03
Interest rates and bond yields,Monthly,Euro area government bond yield 2-year,Percent per annum,not seasonally adjusted,Euro area,,Euro Area 2 Years Government Benchmark Bond - Yield,Euro area (moving concept in the Real Time database context) - Rate - 2-year Euro area government benchmark bond yield - Euro,Rate - 2-year Euro area government benchmark bond yield,RTD.M.S0.N.C_U202Y.E,FM.M.U2.EUR.4F.BB.U2_2Y.YLD,2001-01-03
Interest rates and bond yields,Monthly,Euro area government bond yield 3-year,Percent per annum,not seasonally adjusted,Euro area,,Euro Area 3 Years Government Benchmark Bond - Yield,Euro area (moving concept in the Real Time database context) - Rate - 3-year Euro area government benchmark bond yield - Euro,Rate - 3-year Euro area government benchmark bond yield,RTD.M.S0.N.C_U203Y.E,FM.M.U2.EUR.4F.BB.U2_3Y.YLD,2001-01-03
Interest rates and bond yields,Monthly,Euro area government bond yield 5-year,Percent per annum,not seasonally adjusted,Euro area,,Euro Area 5 Years Government Benchmark Bond - Yield,Euro area (moving concept in the Real Time database context) - Rate - 5-year Euro area government benchmark bond yield - Euro,Rate - 5-year Euro area government benchmark bond yield,RTD.M.S0.N.C_U205Y.E,FM.M.U2.EUR.4F.BB.U2_5Y.YLD,2001-01-03
Interest rates and bond yields,Monthly,Euro area government bond yield 7-year,Percent per annum,not seasonally adjusted,Euro area,,Euro Area 7 Years Government Benchmark Bond - Yield,Euro area (moving concept in the Real Time database context) - Rate - 7-year Euro area government benchmark bond yield - Euro,Rate - 7-year Euro area government benchmark bond yield,RTD.M.S0.N.C_U207Y.E,FM.M.U2.EUR.4F.BB.U2_7Y.YLD,2001-01-03
Interest rates and bond yields,Monthly,Japanese yen Libor 3-month,Percent per annum,not seasonally adjusted,Euro area,,"Japanese Yen 3-month British Bankers` Association (BBA) Libor - Historical close, average of observations through period",Euro area (moving concept in the Real Time database context) - Rate - 3-month Libor interbank Japanese yen deposit rate - Japanese Yen,Rate - 3-month Libor interbank Japanese yen deposit rate,RTD.M.S0.N.C_JPL3M.J,FM.M.GB.JPY.RT.MM.JPY3MFSR_.HSTA,2001-01-03
Interest rates and bond yields,Monthly,US dollar Libor 3-month,Percent per annum,not seasonally adjusted,Euro area,,"US Dollar 3-month British Bankers` Association (BBA) Libor - Historical close, average of observations through period",Euro area (moving concept in the Real Time database context) - Rate - 3-month Libor interbank US dolar deposit rate - US dollar,Rate - 3-month Libor interbank US dolar deposit rate,RTD.M.S0.N.C_USL3M.U,FM.M.GB.USD.RT.MM.USD3MFSR_.HSTA,2001-01-03
Labour costs,Quarterly,"Labour cost index, construction",Index,working day adjusted,Euro area,,Labour cost index,"Euro area (moving concept in the Real Time database context) - Hourly Labour cost index - total, Construction - Index","Hourly Labour cost index - total, Construction",RTD.Q.S0.W.L_H_CONST.X,LCI.Q.I9.W.LCI_T.F,2001-01-03
Labour costs,Quarterly,"Labour cost index, industry excluding construction",Index,working day adjusted,Euro area,,Labour cost index,"Euro area (moving concept in the Real Time database context) - Hourly Labour cost index - total, Total Industry (excluding construction) - Index","Hourly Labour cost index - total, Total Industry (excluding construction)",RTD.Q.S0.W.L_H_XCONS.X,LCI.Q.I9.W.LCI_T.BTE,2001-01-03
Labour costs,Quarterly,"Labour cost index, non-wage costs",Index,working day adjusted,Euro area,,Labour cost index - labour costs other than wages and salaries,"Euro area (moving concept in the Real Time database context) - Hourly Labour cost index - costs other than wages and salaries, Whole economy excluding agriculture, fishing and government sectors - Index","Hourly Labour cost index - costs other than wages and salaries, Whole economy excluding agriculture, fishing and government sectors",RTD.Q.S0.W.L_HC_WXAFG.X,LCI.Q.I10.W.LCI_O.BTS,2001-01-03
Labour costs,Quarterly,"Labour cost index, services",Index,working day adjusted,Euro area,,Labour cost index,"Euro area (moving concept in the Real Time database context) - Hourly Labour cost index - total, Services - sectors G to K - Index","Hourly Labour cost index - total, Services - sectors G to K",RTD.Q.S0.W.L_H_SERV.X,LCI.Q.I9.W.LCI_T.GTN,2001-01-03
Labour costs,Quarterly,"Labour cost index, total (seasonally adjusted)",Index,seasonally and working day adjusted,Euro area,,Labour cost index,"Euro area (moving concept in the Real Time database context) - Hourly Labour cost index - total, Whole economy excluding agriculture, fishing and government sectors - Index","Hourly Labour cost index - total, Whole economy excluding agriculture, fishing and government sectors",RTD.Q.S0.Y.L_H_WXAFG.X,LCI.Q.I9.W.LCI_T.BTS,2001-01-03
Labour costs,Quarterly,"Labour cost index, total (working day adjusted)",Index,working day adjusted,Euro area,,Labour cost index - total labour costs,"Euro area (moving concept in the Real Time database context) - Hourly Labour cost index - total, Whole economy excluding agriculture, fishing and government sectors - Index","Hourly Labour cost index - total, Whole economy excluding agriculture, fishing and government sectors",RTD.Q.S0.W.L_H_WXAFG.X,LCI.Q.I10.W.LCI_T.BTS,2001-01-03
Labour costs,Quarterly,"Labour cost index, wages and salaries",Index,working day adjusted,Euro area,,Labour cost index - wages and salaries,"Euro area (moving concept in the Real Time database context) - Hourly Labour cost index - wages and salaries, Whole economy excluding agriculture, fishing and government sectors - Index","Hourly Labour cost index - wages and salaries, Whole economy excluding agriculture, fishing and government sectors",RTD.Q.S0.W.L_HW_WXAFG.X,LCI.Q.I10.W.LCI_WAG.BTS,2001-01-03
Loans and credit,Monthly,Credit to the private sector (not adjusted),"Euro, millions",not seasonally adjusted,Euro area,"The ECB codes this series Y (seasonally and working day adjusted), but its figures are not seasonally adjusted; the series it codes N holds the adjusted figures.",Loans [A20] and securities [AT1] vis-a-vis euro area Non-MFIs excl. general gov. reported by MFIs in the euro area (stocks),"Euro area (moving concept in the Real Time database context) - Loans and securities (credit), total maturity, all currencies combined - Monetary and Financial Institutions (MFIs) reporting sector - Euro area counterpart, Non-MFIs excluding general government sector - outstanding amounts at the end of the period (stoc - Euro","Loans and securities (credit), total maturity, all currencies combined - Monetary and Financial Institutions (MFIs) reporting sector - Euro area counterpart, Non-MFIs excluding general government sector - outstanding amounts at the end of the period (stoc",RTD.M.S0.Y.M_LOANSEC_U_NG.E,BSI.M.U2.N.U.AT2.A.1.U2.2200.Z01.E,2001-01-03
Loans and credit,Monthly,Credit to the private sector (seasonally adjusted),"Euro, millions",seasonally adjusted,Euro area,"The ECB codes this series N (not seasonally adjusted), but its figures are seasonally adjusted; the series it codes Y holds the unadjusted figures.","Claims on euro area non-MFIs excluding general government reported by MFIs, Stocks","Euro area (moving concept in the Real Time database context) - Loans and securities (credit), total maturity, all currencies combined - Monetary and Financial Institutions (MFIs) reporting sector - Euro area counterpart, Non-MFIs excluding general government sector - outstanding amounts at the end of the period (stoc - Euro","Loans and securities (credit), total maturity, all currencies combined - Monetary and Financial Institutions (MFIs) reporting sector - Euro area counterpart, Non-MFIs excluding general government sector - outstanding amounts at the end of the period (stoc",RTD.M.S0.N.M_LOANSEC_U_NG.E,BSI.M.U2.Y.U.AT2.A.1.U2.2200.Z01.E,2003-09-03
Loans and credit,Monthly,Loans to the private sector (not adjusted),"Euro, millions",not seasonally adjusted,Euro area,"The ECB codes this series Y (seasonally and working day adjusted), but its figures are not seasonally adjusted; the series it codes N holds the adjusted figures.",Loans vis-a-vis euro area Non-MFIs excl. general gov. reported by MFIs in the euro area (stocks),"Euro area (moving concept in the Real Time database context) - Loans, total maturity, all currencies combined - Monetary and Financial Institutions (MFIs) reporting sector - Euro area counterpart, Non-MFIs excluding general government sector - outstanding amounts at the end of the period (stocks) - Euro","Loans, total maturity, all currencies combined - Monetary and Financial Institutions (MFIs) reporting sector - Euro area counterpart, Non-MFIs excluding general government sector - outstanding amounts at the end of the period (stocks)",RTD.M.S0.Y.M_LOAN_U_NG.E,BSI.M.U2.N.U.A20.A.1.U2.2200.Z01.E,2001-01-03
Loans and credit,Monthly,Loans to the private sector (seasonally adjusted),"Euro, millions",seasonally adjusted,Euro area,"The ECB codes this series N (not seasonally adjusted), but its figures are seasonally adjusted; the series it codes Y holds the unadjusted figures.","Loans (excluding reverse repos with CCPs) to euro area non-MFIs excluding general government granted by MFIs, Stocks","Euro area (moving concept in the Real Time database context) - Loans, total maturity, all currencies combined - Monetary and Financial Institutions (MFIs) reporting sector - Euro area counterpart, Non-MFIs excluding general government sector - outstanding amounts at the end of the period (stocks) - Euro","Loans, total maturity, all currencies combined - Monetary and Financial Institutions (MFIs) reporting sector - Euro area counterpart, Non-MFIs excluding general government sector - outstanding amounts at the end of the period (stocks)",RTD.M.S0.N.M_LOAN_U_NG.E,BSI.M.U2.Y.U.A20A.A.1.U2.2200.Z01.E,2002-04-03
Money supply,Monthly,Base money,"Euro, millions",not seasonally adjusted,Euro area,,Base money,Euro area (moving concept in the Real Time database context) - Eurosystem reporting sector - Base money - World not allocated (geographically) counterpart - Euro,Eurosystem reporting sector - Base money - World not allocated (geographically) counterpart,RTD.M.S0.N.M_M3BM_C_WN.E,ILM.M.U2.C.LT00001.Z5.EUR,2001-04-10
Money supply,Monthly,M1 (not adjusted),"Euro, millions",not seasonally adjusted,Euro area,"The ECB codes this series Y (seasonally and working day adjusted), but its figures are not seasonally adjusted; the series it codes N holds the adjusted figures.","Monetary aggregate M1 reported by MFIs, central gov. and post office giro institutions in the euro area (stocks)","Euro area (moving concept in the Real Time database context) - Monetary aggregate M1, all currencies combined - MFIs, central government and post office giro institutions reporting sector - Euro area counterpart, Non-MFIs excluding central government sector - outstanding amounts at the end of the period (stocks) - Euro","Monetary aggregate M1, all currencies combined - MFIs, central government and post office giro institutions reporting sector - Euro area counterpart, Non-MFIs excluding central government sector - outstanding amounts at the end of the period (stocks)",RTD.M.S0.Y.M_M1_V_NC.E,BSI.M.U2.N.V.M10.X.1.U2.2300.Z01.E,2001-01-03
Money supply,Monthly,M1 (seasonally adjusted),"Euro, millions",seasonally adjusted,Euro area,"The ECB codes this series N (not seasonally adjusted), but its figures are seasonally adjusted; the series it codes Y holds the unadjusted figures.","Monetary aggregate M1, Stocks","Euro area (moving concept in the Real Time database context) - Monetary aggregate M1, all currencies combined - MFIs, central government and post office giro institutions reporting sector - Euro area counterpart, Non-MFIs excluding central government sector - outstanding amounts at the end of the period (stocks) - Euro","Monetary aggregate M1, all currencies combined - MFIs, central government and post office giro institutions reporting sector - Euro area counterpart, Non-MFIs excluding central government sector - outstanding amounts at the end of the period (stocks)",RTD.M.S0.N.M_M1_V_NC.E,BSI.M.U2.Y.V.M10.X.1.U2.2300.Z01.E,2001-01-03
Money supply,Monthly,M2 (not adjusted),"Euro, millions",not seasonally adjusted,Euro area,"The ECB codes this series Y (seasonally and working day adjusted), but its figures are not seasonally adjusted; the series it codes N holds the adjusted figures.","Monetary aggregate M2 reported by MFIs, central gov. and post office giro institutions in the euro area (stocks)","Euro area (moving concept in the Real Time database context) - Monetary aggregate M2, all currencies combined - MFIs, central government and post office giro institutions reporting sector - Euro area counterpart, Non-MFIs excluding central government sector - outstanding amounts at the end of the period (stocks) - Euro","Monetary aggregate M2, all currencies combined - MFIs, central government and post office giro institutions reporting sector - Euro area counterpart, Non-MFIs excluding central government sector - outstanding amounts at the end of the period (stocks)",RTD.M.S0.Y.M_M2_V_NC.E,BSI.M.U2.N.V.M20.X.1.U2.2300.Z01.E,2001-01-03
Money supply,Monthly,M2 (seasonally adjusted),"Euro, millions",seasonally adjusted,Euro area,"The ECB codes this series N (not seasonally adjusted), but its figures are seasonally adjusted; the series it codes Y holds the unadjusted figures.","Monetary aggregate M2, Stocks","Euro area (moving concept in the Real Time database context) - Monetary aggregate M2, all currencies combined - MFIs, central government and post office giro institutions reporting sector - Euro area counterpart, Non-MFIs excluding central government sector - outstanding amounts at the end of the period (stocks) - Euro","Monetary aggregate M2, all currencies combined - MFIs, central government and post office giro institutions reporting sector - Euro area counterpart, Non-MFIs excluding central government sector - outstanding amounts at the end of the period (stocks)",RTD.M.S0.N.M_M2_V_NC.E,BSI.M.U2.Y.V.M20.X.1.U2.2300.Z01.E,2001-01-03
Money supply,Monthly,M2 - Japan,"Japanese yen, billions",seasonally and working day adjusted,Japan,,"MONEY STOCK M2, M-AV SA",Japan - Money stock M2 - Japanese Yen,Money stock M2,RTD.M.JP.Y.M_M2.J,BISM.M.ABUB.JP.02,2001-01-03
Money supply,Monthly,M2 - United States,"US dollar, billions",seasonally and working day adjusted,United States,,M2 (M1 PLUS SMALL TIME & SAV.DEPOSITS & MONEY MKT MUT.FUNDS) SA,United States - Money stock M2 - US dollar,Money stock M2,RTD.M.US.Y.M_M2.U,BISM.M.ABUB.US.01,2001-01-03
Money supply,Monthly,M3 (not adjusted),"Euro, millions",not seasonally adjusted,Euro area,"The ECB codes this series Y (seasonally and working day adjusted), but its figures are not seasonally adjusted; the series it codes N holds the adjusted figures.","Monetary aggregate M3 reported by MFIs, central gov. and post office giro institutions in the euro area (stocks)","Euro area (moving concept in the Real Time database context) - Monetary aggregate M3, all currencies combined - MFIs, central government and post office giro institutions reporting sector - Euro area counterpart, Non-MFIs excluding central government sector - outstanding amounts at the end of the period (stocks) - Euro","Monetary aggregate M3, all currencies combined - MFIs, central government and post office giro institutions reporting sector - Euro area counterpart, Non-MFIs excluding central government sector - outstanding amounts at the end of the period (stocks)",RTD.M.S0.Y.M_M3_V_NC.E,BSI.M.U2.N.V.M30.X.1.U2.2300.Z01.E,2001-01-03
Money supply,Monthly,M3 (seasonally adjusted),"Euro, millions",seasonally adjusted,Euro area,"The ECB codes this series N (not seasonally adjusted), but its figures are seasonally adjusted; the series it codes Y holds the unadjusted figures.","Monetary aggregate M3, Stocks","Euro area (moving concept in the Real Time database context) - Monetary aggregate M3, all currencies combined - MFIs, central government and post office giro institutions reporting sector - Euro area counterpart, Non-MFIs excluding central government sector - outstanding amounts at the end of the period (stocks) - Euro","Monetary aggregate M3, all currencies combined - MFIs, central government and post office giro institutions reporting sector - Euro area counterpart, Non-MFIs excluding central government sector - outstanding amounts at the end of the period (stocks)",RTD.M.S0.N.M_M3_V_NC.E,BSI.M.U2.Y.V.M30.X.1.U2.2300.Z01.E,2001-01-03
Money supply,Monthly,M3 annual growth rate (not adjusted),Percentage change,not seasonally adjusted,Euro area,,"Monetary aggregate M3 reported by MFIs, central gov. and post office giro institutions in the euro area (annual growth rate)","Euro area (moving concept in the Real Time database context) - Monetary aggregate M3 - Base Money (index of notional stock), all currencies combined - MFIs, central government and post office giro institutions reporting sector - Euro area counterpart, Non-MFIs excluding central government sector - outstanding amounts - Annual growth rate","Monetary aggregate M3 - Base Money (index of notional stock), all currencies combined - MFIs, central government and post office giro institutions reporting sector - Euro area counterpart, Non-MFIs excluding central government sector - outstanding amounts",RTD.M.S0.N.M_M3BM_V_NC.A,BSI.M.U2.N.V.M30.X.I.U2.2300.Z01.A,2001-01-03
Money supply,Monthly,M3 annual growth rate (seasonally adjusted),Percentage change,seasonally and working day adjusted,Euro area,,"Monetary aggregate M3, Annual growth rate","Euro area (moving concept in the Real Time database context) - Monetary aggregate M3 - Base Money (index of notional stock), all currencies combined - MFIs, central government and post office giro institutions reporting sector - Euro area counterpart, Non-MFIs excluding central government sector - outstanding amounts - Annual growth rate","Monetary aggregate M3 - Base Money (index of notional stock), all currencies combined - MFIs, central government and post office giro institutions reporting sector - Euro area counterpart, Non-MFIs excluding central government sector - outstanding amounts",RTD.M.S0.Y.M_M3BM_V_NC.A,BSI.M.U2.Y.V.M30.X.I.U2.2300.Z01.A,2001-08-01
New car registrations,Monthly,New car registrations (seasonally adjusted),Pure number,seasonally and working day adjusted,Euro area,,"New passenger car registration, Working day and seasonally adjusted","Euro area (moving concept in the Real Time database context) - Car registration, New passenger car - Quantity","Car registration, New passenger car",RTD.M.S0.Y.I_NCARS.Q,CAR.M.I10.Y.CREG.PC0000.4F0.N.PN,2001-01-03
New car registrations,Monthly,New car registrations (working day adjusted),Pure number,working day adjusted,Euro area,,New passenger car registration,"Euro area (moving concept in the Real Time database context) - Car registration, New passenger car - Quantity","Car registration, New passenger car",RTD.M.S0.W.I_NCARS.Q,STS.M.I8.W.CREG.PC0000.3.ABS,2001-01-03
Producer prices,Monthly,"Producer prices, capital goods",Index,not seasonally adjusted,Euro area,,"Producer Price Index, domestic sales - Neither seasonally nor working day adjusted","Euro area (moving concept in the Real Time database context) - Producer Price Index, domestic sales, MIG Capital Goods Industry - Index","Producer Price Index, domestic sales, MIG Capital Goods Industry",RTD.M.S0.N.P_P_CAPGO_DS.X,STBS.M.I10.N.PRIN.NS0050.4D0.N.IX,2001-01-03
Producer prices,Monthly,"Producer prices, consumer goods",Index,not seasonally adjusted,Euro area,,"Producer Price Index, domestic sales - Neither seasonally nor working day adjusted","Euro area (moving concept in the Real Time database context) - Producer Price Index, domestic sales, Consumer goods industry - Index","Producer Price Index, domestic sales, Consumer goods industry",RTD.M.S0.N.P_P_CONGO_DS.X,STBS.M.I10.N.PRIN.NS0080.4D0.N.IX,2001-02-28
Producer prices,Monthly,"Producer prices, durable consumer goods",Pure number,not seasonally adjusted,Euro area,,"Producer price index, domestic sales","Euro area (moving concept in the Real Time database context) - Producer Price Index, domestic sales, MIG Durable Consumer Goods Industry - Index","Producer Price Index, domestic sales, MIG Durable Consumer Goods Industry",RTD.M.S0.N.P_P_DCOGO_DS.X,STS.M.I9.N.PRIN.NS0060.4.000,2001-01-03
Producer prices,Monthly,"Producer prices, energy",Index,not seasonally adjusted,Euro area,,"Producer Price Index, domestic sales - Neither seasonally nor working day adjusted","Euro area (moving concept in the Real Time database context) - Producer Price Index, domestic sales, MIG Energy - Index","Producer Price Index, domestic sales, MIG Energy",RTD.M.S0.N.P_P_ENERG_DS.X,STBS.M.I10.N.PRIN.NS0090.4D0.N.IX,2001-08-01
Producer prices,Monthly,"Producer prices, excl. construction",Index,not seasonally adjusted,Euro area,,"Industrial Producer Price Index, total, domestic sales","Euro area (moving concept in the Real Time database context) - Producer Price Index, domestic sales, Total Industry (excluding construction) - Index","Producer Price Index, domestic sales, Total Industry (excluding construction)",RTD.M.S0.N.P_P_XCONS_DS.X,STBS.M.I10.N.PRIN.NS0020.4D0.N.IX,2001-01-03
Producer prices,Monthly,"Producer prices, excl. construction and energy",Index,not seasonally adjusted,Euro area,,"Producer Price Index, domestic sales - Neither seasonally nor working day adjusted","Euro area (moving concept in the Real Time database context) - Producer Price Index, domestic sales, Total Industry excluding construction and MIG Energy - Index","Producer Price Index, domestic sales, Total Industry excluding construction and MIG Energy",RTD.M.S0.N.P_P_XCOEN_DS.X,STBS.M.I10.N.PRIN.NS0021.4D0.N.IX,2001-08-01
Producer prices,Monthly,"Producer prices, intermediate goods",Index,not seasonally adjusted,Euro area,,"Producer Price Index, domestic sales - Neither seasonally nor working day adjusted","Euro area (moving concept in the Real Time database context) - Producer Price Index, domestic sales, MIG Intermediate Goods Industry - Index","Producer Price Index, domestic sales, MIG Intermediate Goods Industry",RTD.M.S0.N.P_P_INTGO_DS.X,STBS.M.I10.N.PRIN.NS0040.4D0.N.IX,2001-01-03
Producer prices,Monthly,"Producer prices, manufacturing",Index,not seasonally adjusted,Euro area,,"Producer Price Index, domestic sales - Neither seasonally nor working day adjusted","Euro area (moving concept in the Real Time database context) - Producer Price Index, domestic sales, Manufacturing - Index","Producer Price Index, domestic sales, Manufacturing",RTD.M.S0.N.P_P_MANUF_DS.X,STBS.M.I10.N.PRIN.2C0000.4D0.N.IX,2001-01-03
Producer prices,Monthly,"Producer prices, non-durable consumer goods",Pure number,not seasonally adjusted,Euro area,,"Producer price index, domestic sales","Euro area (moving concept in the Real Time database context) - Producer Price Index, domestic sales, MIG Non-durable Consumer Goods Industry - Index","Producer Price Index, domestic sales, MIG Non-durable Consumer Goods Industry",RTD.M.S0.N.P_P_NCOGO_DS.X,STS.M.I9.N.PRIN.NS0070.4.000,2001-01-03
Retail sales,Monthly,"Retail sales, food, beverages and tobacco, real",Index,seasonally and working day adjusted,Euro area,,"Total Turnover Index, deflated - Working day and seasonally adjusted","Euro area (moving concept in the Real Time database context) - Total Turnover Index, deflated, Retail sale of food, beverages and tobacco - Index","Total Turnover Index, deflated, Retail sale of food, beverages and tobacco",RTD.M.S0.Y.O_RTFOBETD.X,STBS.M.I10.Y.TOVV.NS4702.4D0.N.IX,2001-01-03
Retail sales,Monthly,"Retail sales, household equipment, real",Pure number,seasonally and working day adjusted,Euro area,,"Retail trade turnover, deflated, audio and video equipment etc.","Euro area (moving concept in the Real Time database context) - Total Turnover Index, deflated, Retail sale of household equipment - Index","Total Turnover Index, deflated, Retail sale of household equipment",RTD.M.S0.Y.O_RTHOUSED.X,STS.M.I9.Y.TOVV.NS4705.4.000,2001-01-03
Retail sales,Monthly,"Retail sales, non-food, real",Index,seasonally and working day adjusted,Euro area,,"Total Turnover Index, deflated - Working day and seasonally adjusted","Euro area (moving concept in the Real Time database context) - Total Turnover Index, deflated, Retail sale of non food products - Index","Total Turnover Index, deflated, Retail sale of non food products",RTD.M.S0.Y.O_RTNONFOD.X,STBS.M.I10.Y.TOVV.NS4703.4D0.N.IX,2001-01-03
Retail sales,Monthly,"Retail sales, textiles and clothing, real",Pure number,seasonally and working day adjusted,Euro area,,"Retail trade turnover, deflated, textiles, clothing etc.","Euro area (moving concept in the Real Time database context) - Total Turnover Index, deflated, Retail sale of textiles, clothing, footwear and leather goods - Index","Total Turnover Index, deflated, Retail sale of textiles, clothing, footwear and leather goods",RTD.M.S0.Y.O_RTTEXCLD.X,STS.M.I9.Y.TOVV.NS4704.4.000,2001-01-03
Retail sales,Monthly,"Retail sales, total, nominal",Pure number,seasonally and working day adjusted,Euro area,,"Retail trade turnover, nominal, total including fuel, except of motor vehicles and motorcycles","Euro area (moving concept in the Real Time database context) - Total Turnover Index, Retail trade, except of motor vehicles and motorcycles - Index","Total Turnover Index, Retail trade, except of motor vehicles and motorcycles",RTD.M.S0.Y.O_RTXMOTV.X,STS.M.I9.Y.TOVT.2G4700.4.000,2001-01-03
Retail sales,Monthly,"Retail sales, total, real",Index,seasonally and working day adjusted,Euro area,,"Total retail trade turnover, deflated - Working day and seasonally adjusted","Euro area (moving concept in the Real Time database context) - Total Turnover Index, deflated, Retail trade, except of motor vehicles and motorcycles - Index","Total Turnover Index, deflated, Retail trade, except of motor vehicles and motorcycles",RTD.M.S0.Y.O_RTXMOTVD.X,STBS.M.I10.Y.TOVV.2G4700.4D0.N.IX,2001-01-03
Stock prices,Monthly,Euro Stoxx (broad),Points,not seasonally adjusted,Euro area,,"EURO STOXX Equity Index - Historical close, average of observations through period",Euro area (moving concept in the Real Time database context) - Equity index - Dow Jones Euro Stoxx broad stock exchange index - Index,Equity index - Dow Jones Euro Stoxx broad stock exchange index,RTD.M.S0.N.C_DJESB.X,FM.M.U2.EUR.DS.EI.DJEURST.HSTA,2001-01-03
Stock prices,Monthly,Euro Stoxx 50,Points,not seasonally adjusted,Euro area,,"EURO STOXX 50 Equity Index - Historical close, average of observations through period",Euro area (moving concept in the Real Time database context) - Equity index - Dow Jones Eurostoxx 50 index - Index,Equity index - Dow Jones Eurostoxx 50 index,RTD.M.S0.N.C_DJE50.X,FM.M.U2.EUR.DS.EI.DJES50I.HSTA,2001-01-03
Stock prices,Monthly,Euro Stoxx basic materials,Points,not seasonally adjusted,Euro area,,"EURO STOXX BASIC MATERIALS EURO Equity Index - Historical close, average of observations through period","Euro area (moving concept in the Real Time database context) - Equity index - Dow Jones, Euro Stoxx, Economic sector index basic materials - Index","Equity index - Dow Jones, Euro Stoxx, Economic sector index basic materials",RTD.M.S0.N.C_DJEBM.X,FM.M.U2.EUR.DS.EI.S1ESBME.HSTA,2001-01-03
Stock prices,Monthly,Euro Stoxx cyclical goods,Points,not seasonally adjusted,Euro area,ECB concept name says cyclical goods; ECB series title says Consumer staples.,"EURO STOXX Consumer staples - Historical close, average of observations through period","Euro area (moving concept in the Real Time database context) - Equity index - Dow Jones, Euro Stoxx, Economic sector index cyclical goods - Index","Equity index - Dow Jones, Euro Stoxx, Economic sector index cyclical goods",RTD.M.S0.N.C_DJECG.X,FM.M.U2.EUR.DS.EI.S1ESCGE.HSTA,2001-01-03
Stock prices,Monthly,Euro Stoxx energy,Points,not seasonally adjusted,Euro area,,"EURO STOXX ENERGY EURO Equity Index - Historical close, average of observations through period","Euro area (moving concept in the Real Time database context) - Equity index - Dow Jones, Euro Stoxx, Economic sector index energy - Index","Equity index - Dow Jones, Euro Stoxx, Economic sector index energy",RTD.M.S0.N.C_DJEEN.X,FM.M.U2.EUR.DS.EI.S1ESO1E.HSTA,2001-01-03
Stock prices,Monthly,Euro Stoxx financials,Points,not seasonally adjusted,Euro area,,"EURO STOXX FINANCIALS EURO Equity Index - Historical close, average of observations through period","Euro area (moving concept in the Real Time database context) - Equity index - Dow Jones, Euro Stoxx, Economic sector index financial - Index","Equity index - Dow Jones, Euro Stoxx, Economic sector index financial",RTD.M.S0.N.C_DJEFI.X,FM.M.U2.EUR.DS.EI.S1ESFNE.HSTA,2001-01-03
Stock prices,Monthly,Euro Stoxx healthcare,Points,not seasonally adjusted,Euro area,,"EURO STOXX HEALTH CARE E Equity Index - Historical close, average of observations through period","Euro area (moving concept in the Real Time database context) - Equity index - Dow Jones, Euro Stoxx, Economic sector index healthcare - Index","Equity index - Dow Jones, Euro Stoxx, Economic sector index healthcare",RTD.M.S0.N.C_DJEHC.X,FM.M.U2.EUR.DS.EI.S1ESH1E.HSTA,2001-01-03
Stock prices,Monthly,Euro Stoxx industrials,Points,not seasonally adjusted,Euro area,,"EURO STOXX INDUSTRIALS E Equity Index - Historical close, average of observations through period","Euro area (moving concept in the Real Time database context) - Equity index - Dow Jones, Euro Stoxx, Economic sector index industrial goods - Index","Equity index - Dow Jones, Euro Stoxx, Economic sector index industrial goods",RTD.M.S0.N.C_DJEIG.X,FM.M.U2.EUR.DS.EI.S1ESIDE.HSTA,2001-01-03
Stock prices,Monthly,Euro Stoxx non-cyclical goods,Points,not seasonally adjusted,Euro area,ECB concept name says non-cyclical goods; ECB series title says Consumer discretionary.,"EURO STOXX Consumer discretionary - Historical close, average of observations through period","Euro area (moving concept in the Real Time database context) - Equity index - Dow Jones, Euro Stoxx, Economic sector index non-cyclical goods - Index","Equity index - Dow Jones, Euro Stoxx, Economic sector index non-cyclical goods",RTD.M.S0.N.C_DJENG.X,FM.M.U2.EUR.DS.EI.S1ESCSE.HSTA,2001-01-03
Stock prices,Monthly,Euro Stoxx technology,Points,not seasonally adjusted,Euro area,,"EURO STOXX TECHNOLOGY E Equity Index - Historical close, average of observations through period","Euro area (moving concept in the Real Time database context) - Equity index - Dow Jones, Euro Stoxx, Economic sector index technology - Index","Equity index - Dow Jones, Euro Stoxx, Economic sector index technology",RTD.M.S0.N.C_DJETE.X,FM.M.U2.EUR.DS.EI.S1ESG1E.HSTA,2001-01-03
Stock prices,Monthly,Euro Stoxx telecommunications,Points,not seasonally adjusted,Euro area,,"EURO STOXX TELECOM E Equity Index - Historical close, average of observations through period","Euro area (moving concept in the Real Time database context) - Equity index - Dow Jones, Euro Stoxx, Economic sector index telecommunications - Index","Equity index - Dow Jones, Euro Stoxx, Economic sector index telecommunications",RTD.M.S0.N.C_DJETC.X,FM.M.U2.EUR.DS.EI.S1EST1E.HSTA,2001-01-03
Stock prices,Monthly,Euro Stoxx utilities,Points,not seasonally adjusted,Euro area,,"EURO STOXX UTILITIES EURO Equity Index - Historical close, average of observations through period","Euro area (moving concept in the Real Time database context) - Equity index - Dow Jones, Euro Stoxx, Economic sector index utilities - Index","Equity index - Dow Jones, Euro Stoxx, Economic sector index utilities",RTD.M.S0.N.C_DJEUT.X,FM.M.U2.EUR.DS.EI.S1ESU1E.HSTA,2001-01-03
Stock prices,Monthly,Nikkei 225,Points,not seasonally adjusted,Euro area,,"NIKKEI 225 STOCK AVERAGE Equity Index - Historical close, average of observations through period",Euro area (moving concept in the Real Time database context) - Equity index - Nikkei 225 - Index,Equity index - Nikkei 225,RTD.M.S0.N.C_NIKKE.X,FM.M.JP.JPY.DS.EI.JAPDOWA.HSTA,2001-01-03
Stock prices,Monthly,S&P 500,Points,not seasonally adjusted,Euro area,,"S&P 500 COMPOSITE Equity Index - Historical close, average of observations through period",Euro area (moving concept in the Real Time database context) - Equity index - Standard and Poor 500 - Index,Equity index - Standard and Poor 500,RTD.M.S0.N.C_SP500.X,FM.M.US.USD.DS.EI.S_PCOMP.HSTA,2001-01-03
Surveys,Monthly,"Construction Survey, Assessment of order books",Units,seasonally adjusted,Euro area,,,Euro area (moving concept in the Real Time database context) - Construction Survey - Assessment of order books - Percentage,Construction Survey - Assessment of order books,RTD.M.S0.S.Y_COAOB.F,SUR.M.I9.S.ECFIN.CON003.TT,2002-02-06
Surveys,Monthly,"Construction Survey, Construction Confidence Indicator",Units,seasonally adjusted,Euro area,,Construction survey - construction Confidence Indicator,Euro area (moving concept in the Real Time database context) - Construction Survey - Construction Confidence Indicator - Percentage,Construction Survey - Construction Confidence Indicator,RTD.M.S0.S.Y_COCCI.F,ECS.M.I10.S.4D1.CON099.TT,2001-01-03
Surveys,Monthly,"Construction Survey, Employment expectations for the months ahead",Units,seasonally adjusted,Euro area,,,Euro area (moving concept in the Real Time database context) - Construction Survey - Employment expectations for the months ahead - Percentage,Construction Survey - Employment expectations for the months ahead,RTD.M.S0.S.Y_COEEX.F,SUR.M.I9.S.ECFIN.CON004.TT,2002-02-06
Surveys,Monthly,"Consumer Survey, Consumer Confidence Indicator",Units,seasonally adjusted,Euro area,,Consumer survey - consumer confidence indicator,Euro area (moving concept in the Real Time database context) - Consumer Survey - Consumer Confidence Indicator - Percentage,Consumer Survey - Consumer Confidence Indicator,RTD.M.S0.S.Y_CSCCI.F,ECS.M.I10.S.4D1.CNS099.TT,2001-01-03
Surveys,Monthly,"Consumer Survey, Financial situation over next 12 months",Units,seasonally adjusted,Euro area,,,Euro area (moving concept in the Real Time database context) - Consumer Survey - Financial situation over next 12 months - Percentage,Consumer Survey - Financial situation over next 12 months,RTD.M.S0.S.Y_CSF12.F,SUR.M.I9.S.ECFIN.CNS002.TT,2002-02-06
Surveys,Monthly,"Consumer Survey, General economic situation over next 12 months",Units,seasonally adjusted,Euro area,,,Euro area (moving concept in the Real Time database context) - Consumer Survey - General economic situation over next 12 months - Percentage,Consumer Survey - General economic situation over next 12 months,RTD.M.S0.S.Y_CSG12.F,SUR.M.I9.S.ECFIN.CNS004.TT,2002-02-06
Surveys,Monthly,"Consumer Survey, Savings over next 12 months",Units,seasonally adjusted,Euro area,,,Euro area (moving concept in the Real Time database context) - Consumer Survey - Savings over next 12 months - Percentage,Consumer Survey - Savings over next 12 months,RTD.M.S0.S.Y_CSS12.F,SUR.M.I9.S.ECFIN.CNS011.TT,2002-02-06
Surveys,Monthly,"Consumer Survey, Unemployment expectations over next 12 months",Units,seasonally adjusted,Euro area,,,Euro area (moving concept in the Real Time database context) - Consumer Survey - Unemployment expectations over next 12 months - Percentage,Consumer Survey - Unemployment expectations over next 12 months,RTD.M.S0.S.Y_CSU12.F,SUR.M.I9.S.ECFIN.CNS007.TT,2002-02-06
Surveys,Monthly,Economic Sentiment Indicator,Units,seasonally adjusted,Euro area,,Economic sentiment indicator,Euro area (moving concept in the Real Time database context) - Economic Sentiment Indicator - Percentage,Economic Sentiment Indicator,RTD.M.S0.S.Y_ESIND.F,ECS.M.I10.S.4D1.ESI000.TT,2002-02-06
Surveys,Monthly,"Industry Survey, Assessment of order-book levels",Units,seasonally adjusted,Euro area,,,Euro area (moving concept in the Real Time database context) - Industry Survey - Assessment of order-book levels - Percentage,Industry Survey - Assessment of order-book levels,RTD.M.S0.S.Y_ISAOB.F,SUR.M.I9.S.ECFIN.MAN002.TT,2001-01-03
Surveys,Monthly,"Industry Survey, Assessment of stocks of finished products",Units,seasonally adjusted,Euro area,,,Euro area (moving concept in the Real Time database context) - Industry Survey - Assessment of stocks of finished products - Percentage,Industry Survey - Assessment of stocks of finished products,RTD.M.S0.S.Y_ISASP.F,SUR.M.I9.S.ECFIN.MAN004.TT,2002-02-06
Surveys,Quarterly,"Industry Survey, Current level of capacity utilization",Units,seasonally adjusted,Euro area,,Euro area capacity utilisation in manufacturing (%),Euro area (moving concept in the Real Time database context) - Industry Survey - Current level of capacity utilization - Percentage,Industry Survey - Current level of capacity utilization,RTD.Q.S0.S.Y_ISLCU.F,ECS.Q.I10.S.4D1.MAN013.TT,2001-01-03
Surveys,Monthly,"Industry Survey, Industrial Confidence Indicator",Units,seasonally adjusted,Euro area,,Industry survey - industrial confidence indicator,Euro area (moving concept in the Real Time database context) - Industry Survey - Industrial Confidence Indicator - Percentage,Industry Survey - Industrial Confidence Indicator,RTD.M.S0.S.Y_ISICI.F,ECS.M.I10.S.4D1.MAN099.TT,2001-01-03
Surveys,Monthly,"Industry Survey, Production expectations for the months ahead",Units,seasonally adjusted,Euro area,,,Euro area (moving concept in the Real Time database context) - Industry Survey - Production expectations for the months ahead - Percentage,Industry Survey - Production expectations for the months ahead,RTD.M.S0.S.Y_ISPEX.F,SUR.M.I9.S.ECFIN.MAN005.TT,2001-01-03
Surveys,Monthly,"Retail Trade Survey, Assessment of stocks",Units,seasonally adjusted,Euro area,,,Euro area (moving concept in the Real Time database context) - Retail Trade Survey - Assessment of stocks - Percentage,Retail Trade Survey - Assessment of stocks,RTD.M.S0.S.Y_RSAOS.F,SUR.M.I9.S.ECFIN.RET002.TT,2002-02-06
Surveys,Monthly,"Retail Trade Survey, Expected business situation",Units,seasonally adjusted,Euro area,,,Euro area (moving concept in the Real Time database context) - Retail Trade Survey - Expected business situation - Percentage,Retail Trade Survey - Expected business situation,RTD.M.S0.S.Y_RSBEX.F,SUR.M.I9.S.ECFIN.RET004.TT,2002-02-06
Surveys,Monthly,"Retail Trade Survey, Present business situation",Units,seasonally adjusted,Euro area,,,Euro area (moving concept in the Real Time database context) - Retail Trade Survey - Present business situation - Percentage,Retail Trade Survey - Present business situation,RTD.M.S0.S.Y_RSPBS.F,SUR.M.I9.S.ECFIN.RET001.TT,2002-02-06
Surveys,Monthly,"Retail Trade Survey, Retail Confidence Indicator",Units,seasonally adjusted,Euro area,,Retail trade survey - retail confidence indicator,Euro area (moving concept in the Real Time database context) - Retail Trade Survey - Retail Confidence Indicator - Percentage,Retail Trade Survey - Retail Confidence Indicator,RTD.M.S0.S.Y_RSRCI.F,ECS.M.I10.S.4D1.RET099.TT,2001-01-03
Surveys,Monthly,"Service Survey, Assessment of the business climate",Units,seasonally adjusted,Euro area,,,Euro area (moving concept in the Real Time database context) - Service Survey - Assessment of the business climate - Percentage,Service Survey - Assessment of the business climate,RTD.M.S0.S.Y_SSABC.F,SUR.M.I9.S.ECFIN.SER001.TT,2002-02-06
Surveys,Monthly,"Service Survey, Evolution of demand expected in the months ahead",Units,seasonally adjusted,Euro area,,,Euro area (moving concept in the Real Time database context) - Service Survey - Evolution of demand expected in the months ahead - Percentage,Service Survey - Evolution of demand expected in the months ahead,RTD.M.S0.S.Y_SSEDE.F,SUR.M.I9.S.ECFIN.SER003.TT,2002-02-06
Surveys,Monthly,"Service Survey, Evolution of demand in recent months",Units,seasonally adjusted,Euro area,,,Euro area (moving concept in the Real Time database context) - Service Survey - Evolution of demand in recent months - Percentage,Service Survey - Evolution of demand in recent months,RTD.M.S0.S.Y_SSEDR.F,SUR.M.I9.S.ECFIN.SER002.TT,2002-02-06
Surveys,Monthly,"Service Survey, Service Confidence Indicator",Units,seasonally adjusted,Euro area,,Service survey - service confidence indicator,Euro area (moving concept in the Real Time database context) - Service Survey - Service Confidence Indicator - Percentage,Service Survey - Service Confidence Indicator,RTD.M.S0.S.Y_SSSCI.F,ECS.M.I10.S.4D1.SER099.TT,2002-02-06
Unemployment,Monthly,Unemployed persons,"Persons, thousands",seasonally adjusted,Euro area,,"Unemployment, age 15 to 74, total","Euro area (moving concept in the Real Time database context) - Standardised unemployment, Total (all ages), Total (male and female) - Persons","Standardised unemployment, Total (all ages), Total (male and female)",RTD.M.S0.S.L_UNETO.M,LFSI.M.I10.S.UNEMPL.TOTAL0.15_74.T,2001-01-03
Unemployment,Monthly,"Unemployed persons, 25 and over","Persons, thousands",seasonally adjusted,Euro area,,"Unemployment, age 25 to 74, total","Euro area (moving concept in the Real Time database context) - Standardised unemployment, Age 25 and over, Total (male and female) - Persons","Standardised unemployment, Age 25 and over, Total (male and female)",RTD.M.S0.S.L_FMO25.M,LFSI.M.I10.S.UNEMPL.TOTAL0.25_74.T,2001-01-03
Unemployment,Monthly,"Unemployed persons, men","Persons, thousands",seasonally adjusted,Euro area,,"Unemployment, age 15 to 74, male","Euro area (moving concept in the Real Time database context) - Standardised unemployment, Total (all ages), Male - Persons","Standardised unemployment, Total (all ages), Male",RTD.M.S0.S.L_MATOT.M,LFSI.M.I10.S.UNEMPL.TOTAL0.15_74.M,2001-01-03
Unemployment,Monthly,"Unemployed persons, under 25","Persons, thousands",seasonally adjusted,Euro area,,"Unemployment, age 15 to 24, total","Euro area (moving concept in the Real Time database context) - Standardised unemployment, Age under 25, Total (male and female) - Persons","Standardised unemployment, Age under 25, Total (male and female)",RTD.M.S0.S.L_FMU25.M,LFSI.M.I10.S.UNEMPL.TOTAL0.15_24.T,2001-01-03
Unemployment,Monthly,"Unemployed persons, women","Persons, thousands",seasonally adjusted,Euro area,,"Unemployment, age 15 to 74, female","Euro area (moving concept in the Real Time database context) - Standardised unemployment, Total (all ages), Female - Persons","Standardised unemployment, Total (all ages), Female",RTD.M.S0.S.L_FETOT.M,LFSI.M.I10.S.UNEMPL.TOTAL0.15_74.F,2001-01-03
Unemployment,Monthly,Unemployment rate,Percent,seasonally adjusted,Euro area,,"Unemployment rate, age 15 to 74, total","Euro area (moving concept in the Real Time database context) - Standardised unemployment, Total (all ages), Total (male and female) - Percentage","Standardised unemployment, Total (all ages), Total (male and female)",RTD.M.S0.S.L_UNETO.F,LFSI.M.I10.S.UNEHRT.TOTAL0.15_74.T,2001-01-03
Unemployment,Monthly,Unemployment rate - Japan,Percent,seasonally and working day adjusted,Japan,,Unemployment rate,"Japan - Standardised unemployment, Total (all ages), Total (male and female) - Percentage","Standardised unemployment, Total (all ages), Total (male and female)",RTD.M.JP.Y.L_UNETO.F,STS.M.JP.S.UNEH.RTT000.4.000,2001-01-03
Unemployment,Monthly,Unemployment rate - United States,Percent,seasonally and working day adjusted,United States,,UNEMPLOYMENT RATE SA,"United States - Standardised unemployment, Total (all ages), Total (male and female) - Percentage","Standardised unemployment, Total (all ages), Total (male and female)",RTD.M.US.Y.L_UNETO.F,BISM.M.UIHB.US.01,2001-01-03
Unemployment,Monthly,"Unemployment rate, 25 and over",Percent,seasonally adjusted,Euro area,,"Unemployment rate, age 25 to 74, total","Euro area (moving concept in the Real Time database context) - Standardised unemployment, Age 25 and over, Total (male and female) - Percentage","Standardised unemployment, Age 25 and over, Total (male and female)",RTD.M.S0.S.L_FMO25.F,LFSI.M.I10.S.UNEHRT.TOTAL0.25_74.T,2001-01-03
Unemployment,Monthly,"Unemployment rate, men",Percent,seasonally adjusted,Euro area,,"Unemployment rate, age 15 to 74, male","Euro area (moving concept in the Real Time database context) - Standardised unemployment, Total (all ages), Male - Percentage","Standardised unemployment, Total (all ages), Male",RTD.M.S0.S.L_MATOT.F,LFSI.M.I10.S.UNEHRT.TOTAL0.15_74.M,2001-01-03
Unemployment,Monthly,"Unemployment rate, under 25",Percent,seasonally adjusted,Euro area,,"Unemployment rate, age 15 to 24, total","Euro area (moving concept in the Real Time database context) - Standardised unemployment, Age under 25, Total (male and female) - Percentage","Standardised unemployment, Age under 25, Total (male and female)",RTD.M.S0.S.L_FMU25.F,LFSI.M.I10.S.UNEHRT.TOTAL0.15_24.T,2001-01-03
Unemployment,Monthly,"Unemployment rate, women",Percent,seasonally adjusted,Euro area,,"Unemployment rate, age 15 to 74, female","Euro area (moving concept in the Real Time database context) - Standardised unemployment, Total (all ages), Female - Percentage","Standardised unemployment, Total (all ages), Female",RTD.M.S0.S.L_FETOT.F,LFSI.M.I10.S.UNEHRT.TOTAL0.15_74.F,2001-01-03
Unit labour costs,Quarterly,"Unit labour costs, agriculture",Index,seasonally adjusted,Euro area,,"Unit Labour Cost (based on persons), deflator","Euro area (moving concept in the Real Time database context) - Unit Labour Cost - Agriculture, hunting, forestry, and fishing - Index","Unit Labour Cost - Agriculture, hunting, forestry, and fishing",RTD.Q.S0.S.L_ULC_AHFF.X,MNA.Q.Y.I10.W2.S1.S1._Z.ULC_PS._Z.A._Z.IX.D.N,2003-03-05
Unit labour costs,Quarterly,"Unit labour costs, arts and other services",Index,seasonally and working day adjusted,Euro area,,"Unit Labour Cost (based on persons), deflator","Euro area (moving concept in the Real Time database context) - Unit Labour Cost - Arts, entertainment and recreation, repair of household goods and other services (NACE Rev2) - Index","Unit Labour Cost - Arts, entertainment and recreation, repair of household goods and other services (NACE Rev2)",RTD.Q.S0.Y.L_ULC_ARTOSER.X,MNA.Q.Y.I10.W2.S1.S1._Z.ULC_PS._Z.RTU._Z.IX.D.N,2012-01-11
Unit labour costs,Quarterly,"Unit labour costs, construction",Index,seasonally adjusted,Euro area,,"Unit Labour Cost (based on persons), deflator",Euro area (moving concept in the Real Time database context) - Unit Labour Cost - Construction - Index,Unit Labour Cost - Construction,RTD.Q.S0.S.L_ULC_CONST.X,MNA.Q.Y.I10.W2.S1.S1._Z.ULC_PS._Z.F._Z.IX.D.N,2003-03-05
Unit labour costs,Quarterly,"Unit labour costs, finance and insurance",Index,seasonally and working day adjusted,Euro area,,"Unit Labour Cost (based on persons), deflator",Euro area (moving concept in the Real Time database context) - Unit Labour Cost - Financial and insurance activities (NACE Rev2) - Index,Unit Labour Cost - Financial and insurance activities (NACE Rev2),RTD.Q.S0.Y.L_ULC_FININS.X,MNA.Q.Y.I10.W2.S1.S1._Z.ULC_PS._Z.K._Z.IX.D.N,2012-01-11
Unit labour costs,Quarterly,"Unit labour costs, industry",Index,seasonally adjusted,Euro area,,"Unit Labour Cost (based on persons), deflator","Euro area (moving concept in the Real Time database context) - Unit Labour Cost - Industry, including energy - Index","Unit Labour Cost - Industry, including energy",RTD.Q.S0.S.L_ULC_INDTO.X,MNA.Q.Y.I10.W2.S1.S1._Z.ULC_PS._Z.BTE._Z.IX.D.N,2003-03-05
Unit labour costs,Quarterly,"Unit labour costs, information and communication",Index,seasonally and working day adjusted,Euro area,,"Unit Labour Cost (based on persons), deflator",Euro area (moving concept in the Real Time database context) - Unit Labour Cost - Information and communication (NACE Rev2) - Index,Unit Labour Cost - Information and communication (NACE Rev2),RTD.Q.S0.Y.L_ULC_INFCOM.X,MNA.Q.Y.I10.W2.S1.S1._Z.ULC_PS._Z.J._Z.IX.D.N,2012-01-11
Unit labour costs,Quarterly,"Unit labour costs, manufacturing - United States",Index,seasonally and working day adjusted,United States,,"UNIT LABOUR COSTS IN MANUFACTURING, SA",United States - Unit Labour Cost - Manufacturing - Index,Unit Labour Cost - Manufacturing,RTD.Q.US.Y.L_ULC_MANUF.X,BISM.Q.VPNB.US.01,2001-01-03
Unit labour costs,Quarterly,"Unit labour costs, professional and business services",Index,seasonally and working day adjusted,Euro area,,"Unit Labour Cost (based on persons), deflator","Euro area (moving concept in the Real Time database context) - Unit Labour Cost - Professional, scientific and technical activities; administrative and support service activities (NACE Rev2) - Index","Unit Labour Cost - Professional, scientific and technical activities; administrative and support service activities (NACE Rev2)",RTD.Q.S0.Y.L_ULC_SCADM.X,MNA.Q.Y.I10.W2.S1.S1._Z.ULC_PS._Z.M_N._Z.IX.D.N,2012-01-11
Unit labour costs,Quarterly,"Unit labour costs, public admin, education and health",Index,seasonally and working day adjusted,Euro area,,"Unit Labour Cost (based on persons), deflator",Euro area (moving concept in the Real Time database context) - Unit Labour Cost - Public administration and defence; compulsory social security; education; human health and social work activities (NACE Rev2) - Index,Unit Labour Cost - Public administration and defence; compulsory social security; education; human health and social work activities (NACE Rev2),RTD.Q.S0.Y.L_ULC_DEFEDU.X,MNA.Q.Y.I10.W2.S1.S1._Z.ULC_PS._Z.OTQ._Z.IX.D.N,2012-01-11
Unit labour costs,Quarterly,"Unit labour costs, real estate",Index,seasonally and working day adjusted,Euro area,,"Unit Labour Cost (based on persons), deflator",Euro area (moving concept in the Real Time database context) - Unit Labour Cost - Real estate activities (NACE Rev2) - Index,Unit Labour Cost - Real estate activities (NACE Rev2),RTD.Q.S0.Y.L_ULC_REST.X,MNA.Q.Y.I10.W2.S1.S1._Z.ULC_PS._Z.L._Z.IX.D.N,2012-01-11
Unit labour costs,Quarterly,"Unit labour costs, total",Index,seasonally adjusted,Euro area,,"Unit Labour Cost (based on persons), deflator",Euro area (moving concept in the Real Time database context) - Unit Labour Cost - Total - Index,Unit Labour Cost - Total,RTD.Q.S0.S.L_ULC_TO.X,MNA.Q.Y.I10.W2.S1.S1._Z.ULC_PS._Z._T._Z.IX.D.N,2001-01-03
Unit labour costs,Quarterly,"Unit labour costs, trade, transport and hospitality",Index,seasonally adjusted,Euro area,,"Unit Labour Cost (based on persons), deflator","Euro area (moving concept in the Real Time database context) - Unit Labour Cost - Trade, repairs, hotels, restaurants, transport and communications - Index","Unit Labour Cost - Trade, repairs, hotels, restaurants, transport and communications",RTD.Q.S0.S.L_ULC_WSHRTC.X,MNA.Q.Y.I10.W2.S1.S1._Z.ULC_PS._Z.GTI._Z.IX.D.N,2003-03-05
