series,rtd_key,quarter,rtd,eurostat,level_ratio,growth_difference_pp
Real GDP,RTD.Q.S0.S.G_GDPM_TO_C.E,1995-Q1,2113746.83244634,1968302.1,1.0738935006198185,
Real GDP,RTD.Q.S0.S.G_GDPM_TO_C.E,1995-Q2,2131161.74849836,1984518.7,1.073893508032129,6.959144149831786e-07
Real GDP,RTD.Q.S0.S.G_GDPM_TO_C.E,1995-Q3,2135938.58054403,1988966.9,1.073893477334404,-2.8649518979406707e-06
Real GDP,RTD.Q.S0.S.G_GDPM_TO_C.E,1995-Q4,2141024.32827421,1993702.7,1.0738934788392522,1.4046377394549836e-07
Real GDP,RTD.Q.S0.S.G_GDPM_TO_C.E,1996-Q1,2144803.26031496,1997221.6,1.0738934829840414,3.8664027535162404e-07
Real GDP,RTD.Q.S0.S.G_GDPM_TO_C.E,1996-Q2,2161935.32623554,2013174.8,1.0738934970950065,1.3244962682179562e-06
Real GDP,RTD.Q.S0.S.G_GDPM_TO_C.E,1996-Q3,2171303.9204587,2021898.8,1.0738934710573547,-2.4351097138719524e-06
Real GDP,RTD.Q.S0.S.G_GDPM_TO_C.E,1996-Q4,2183669.31109625,2033413.3,1.0738934928262003,2.0386395460647577e-06
Real GDP,RTD.Q.S0.S.G_GDPM_TO_C.E,1997-Q1,2189879.89490711,2039196.6,1.0738934612322861,-2.950364419440632e-06
Real GDP,RTD.Q.S0.S.G_GDPM_TO_C.E,1997-Q2,2216481.20645843,2063967.5,1.0738934631763484,1.832283658131928e-07
Real GDP,RTD.Q.S0.S.G_GDPM_TO_C.E,1997-Q3,2233061.59172386,2079407.0,1.0738934666103652,3.221646505124909e-07
Real GDP,RTD.Q.S0.S.G_GDPM_TO_C.E,1997-Q4,2256595.77419996,2101321.8,1.0738934770485702,9.822401336734288e-07
Real GDP,RTD.Q.S0.S.G_GDPM_TO_C.E,1998-Q1,2273168.79929823,2116754.4,1.0738935037991324,2.5092828481732e-06
Real GDP,RTD.Q.S0.S.G_GDPM_TO_C.E,1998-Q2,2282414.56440514,2125364.0,1.073893490435116,-1.2495068091311623e-06
Real GDP,RTD.Q.S0.S.G_GDPM_TO_C.E,1998-Q3,2293575.37720777,2135756.9,1.0738934647514284,-2.403336951672941e-06
Real GDP,RTD.Q.S0.S.G_GDPM_TO_C.E,1998-Q4,2300445.71020945,2142154.5,1.0738934610969704,-3.4131921733404624e-07
Real GDP,RTD.Q.S0.S.G_GDPM_TO_C.E,1999-Q1,2323454.51601174,2163580.1,1.0738934583525426,-2.581147517943805e-07
Real GDP,RTD.Q.S0.S.G_GDPM_TO_C.E,1999-Q2,2335156.31599101,2174476.7,1.073893464110703,5.388952395435354e-07
Real GDP,RTD.Q.S0.S.G_GDPM_TO_C.E,1999-Q3,2364818.31203179,2202097.6,1.0738935059153554,3.942259629852174e-06
Real GDP,RTD.Q.S0.S.G_GDPM_TO_C.E,1999-Q4,2389942.91202646,2225493.5,1.073893458698693,-4.443486201211044e-06
Real GDP,RTD.Q.S0.S.G_GDPM_TO_C.E,2000-Q1,2420546.49683887,2253991.2,1.0738934991577918,3.815758597980334e-06
Real GDP,RTD.Q.S0.S.G_GDPM_TO_C.E,2000-Q2,2443287.23045809,2275167.2,1.073893483722027,-1.4508684476055578e-06
Real GDP,RTD.Q.S0.S.G_GDPM_TO_C.E,2000-Q3,2458977.75758967,2289778.1,1.0738934736032586,-9.483017038292019e-07
Real GDP,RTD.Q.S0.S.G_GDPM_TO_C.E,2000-Q4,2471210.69218131,2301169.3,1.0738934732795673,-3.0291813502003606e-08
Real GDP,RTD.Q.S0.S.G_GDPM_TO_C.E,2001-Q1,2497933.8562809,2326053.7,1.073893460104081,-1.2401568438846766e-06
Real GDP,RTD.Q.S0.S.G_GDPM_TO_C.E,2001-Q2,2499899.93561671,2327884.4,1.0738935041691549,4.1065297828879466e-06
Real GDP,RTD.Q.S0.S.G_GDPM_TO_C.E,2001-Q3,2504208.52443403,2331896.6,1.0738934669890723,-3.468143128237955e-06
Real GDP,RTD.Q.S0.S.G_GDPM_TO_C.E,2001-Q4,2503621.0115279,2331349.5,1.0738934730841085,5.674311687187128e-07
Real GDP,RTD.Q.S0.S.G_GDPM_TO_C.E,2002-Q1,2509244.49929111,2336586.0,1.0738934921681076,1.7810764640913135e-06
Real GDP,RTD.Q.S0.S.G_GDPM_TO_C.E,2002-Q2,2521611.53827506,2348102.1,1.0738934811544436,-1.030637220011954e-06
Real GDP,RTD.Q.S0.S.G_GDPM_TO_C.E,2002-Q3,2531574.23239825,2357379.3,1.0738934682247572,-1.2087577605512934e-06
Real GDP,RTD.Q.S0.S.G_GDPM_TO_C.E,2002-Q4,2537287.82316105,2362699.7,1.0738934885212243,1.8942543977829018e-06
Real GDP,RTD.Q.S0.S.G_GDPM_TO_C.E,2003-Q1,2530424.53268684,2356308.7,1.0738934727384573,-1.4657017155528251e-06
Real GDP,RTD.Q.S0.S.G_GDPM_TO_C.E,2003-Q2,2532233.47417386,2357993.2,1.073893459138839,-1.2672896287924118e-06
Real GDP,RTD.Q.S0.S.G_GDPM_TO_C.E,2003-Q3,2547489.03924295,2372199.0,1.0738934799495952,1.949553851687824e-06
Real GDP,RTD.Q.S0.S.G_GDPM_TO_C.E,2003-Q4,2564575.05058803,2388109.3,1.0738934983369606,1.7236988059110558e-06
Real GDP,RTD.Q.S0.S.G_GDPM_TO_C.E,2004-Q1,2578167.1132274,2400766.1,1.0738935014233164,2.889218864154941e-07
Real GDP,RTD.Q.S0.S.G_GDPM_TO_C.E,2004-Q2,2594683.88683975,2416146.4,1.0738934887553793,-1.1871841287813822e-06
Real GDP,RTD.Q.S0.S.G_GDPM_TO_C.E,2004-Q3,2599614.46721996,2420737.7,1.0738934942104466,5.089362486998539e-07
Real GDP,RTD.Q.S0.S.G_GDPM_TO_C.E,2004-Q4,2611355.42275399,2431670.8,1.0738934821086763,-1.1319956083610805e-06
Real GDP,RTD.Q.S0.S.G_GDPM_TO_C.E,2005-Q1,2618809.79913935,2438612.2,1.0738935035014383,1.997761378547125e-06
Real GDP,RTD.Q.S0.S.G_GDPM_TO_C.E,2005-Q2,2635265.49564087,2453935.6,1.0738935021933216,-1.2257606041288227e-07
Real GDP,RTD.Q.S0.S.G_GDPM_TO_C.E,2005-Q3,2654232.13535579,2471597.2,1.0738934869143686,-1.4330024056263824e-06
Real GDP,RTD.Q.S0.S.G_GDPM_TO_C.E,2005-Q4,2673259.16212345,2489315.0,1.0738934856068638,-1.2262646453820025e-07
Real GDP,RTD.Q.S0.S.G_GDPM_TO_C.E,2006-Q1,2698606.21471725,2512918.0,1.0738934635818798,-2.0703933234500482e-06
Real GDP,RTD.Q.S0.S.G_GDPM_TO_C.E,2006-Q2,2728776.29467111,2541012.1,1.0738934673593683,3.556889449640721e-07
Real GDP,RTD.Q.S0.S.G_GDPM_TO_C.E,2006-Q3,2743082.3346146,2554333.7,1.0738934911341458,2.225492634622128e-06
Real GDP,RTD.Q.S0.S.G_GDPM_TO_C.E,2006-Q4,2775278.47083298,2584314.5,1.0738934718792854,-1.81404014032438e-06
Real GDP,RTD.Q.S0.S.G_GDPM_TO_C.E,2007-Q1,2795255.70085305,2602917.1,1.0738934793017612,6.961495602197942e-07
Real GDP,RTD.Q.S0.S.G_GDPM_TO_C.E,2007-Q2,2814169.04279818,2620529.0,1.0738934935649176,1.3371590723565419e-06
Real GDP,RTD.Q.S0.S.G_GDPM_TO_C.E,2007-Q3,2824480.08394211,2630130.6,1.0738934727964118,-1.941030625118856e-06
Real GDP,RTD.Q.S0.S.G_GDPM_TO_C.E,2007-Q4,2839228.38405536,2643864.1,1.073893466784227,-5.627725840895437e-07
Real GDP,RTD.Q.S0.S.G_GDPM_TO_C.E,2008-Q1,2858030.41718321,2661372.3,1.0738935011772726,3.223858247025646e-06
Real GDP,RTD.Q.S0.S.G_GDPM_TO_C.E,2008-Q2,2843813.51296853,2648133.7,1.073893479384568,-2.019222566929102e-06
Real GDP,RTD.Q.S0.S.G_GDPM_TO_C.E,2008-Q3,2827927.97516013,2633341.2,1.0738934913410119,1.1071540351181852e-06
Real GDP,RTD.Q.S0.S.G_GDPM_TO_C.E,2008-Q4,2779640.75827211,2588376.6,1.073893481447835,-9.055134309043922e-07
Real GDP,RTD.Q.S0.S.G_GDPM_TO_C.E,2009-Q1,2694634.81441029,2509219.8,1.0738934924753465,9.954685853408307e-07
Real GDP,RTD.Q.S0.S.G_GDPM_TO_C.E,2009-Q2,2694699.2847527,2509279.9,1.0738934643172728,-2.6221173898832717e-06
Real GDP,RTD.Q.S0.S.G_GDPM_TO_C.E,2009-Q3,2704331.18903408,2518249.0,1.0738934827469722,1.7222913317738175e-06
Real GDP,RTD.Q.S0.S.G_GDPM_TO_C.E,2009-Q4,2715903.92707754,2529025.4,1.0738934955250115,1.194971455120708e-06
Real GDP,RTD.Q.S0.S.G_GDPM_TO_C.E,2010-Q1,2726994.75868436,2539353.1,1.073893488339357,-6.718541722960936e-07
Real GDP,RTD.Q.S0.S.G_GDPM_TO_C.E,2010-Q2,2752508.45672806,2563111.2,1.0738934997155252,1.0692497331987738e-06
Real GDP,RTD.Q.S0.S.G_GDPM_TO_C.E,2010-Q3,2764525.55434098,2574301.5,1.0738934636603288,-3.3720857883778876e-06
Real GDP,RTD.Q.S0.S.G_GDPM_TO_C.E,2010-Q4,2780456.01963675,2589135.8,1.0738934665523339,2.7085276244065426e-07
Real GDP,RTD.Q.S0.S.G_GDPM_TO_C.E,2011-Q1,2807141.7276641,2613985.3,1.0738934636182156,-2.758447692485788e-07
Real GDP,RTD.Q.S0.S.G_GDPM_TO_C.E,2011-Q2,2807360.70819086,2614189.2,1.0738934688395392,4.862429348051478e-07
Real GDP,RTD.Q.S0.S.G_GDPM_TO_C.E,2011-Q3,2807688.86009419,2614494.7,1.0738934984623185,2.758769102051417e-06
Real GDP,RTD.Q.S0.S.G_GDPM_TO_C.E,2011-Q4,2799123.8886302,2606519.1,1.0738934883040758,-9.430408787203248e-07
Real GDP,RTD.Q.S0.S.G_GDPM_TO_C.E,2012-Q1,2793310.56510607,2601105.8,1.073893482189794,-5.681739745355685e-07
Real GDP,RTD.Q.S0.S.G_GDPM_TO_C.E,2012-Q2,2783350.9713067,2591831.5,1.0738934885646307,5.915025136360441e-07
Real GDP,RTD.Q.S0.S.G_GDPM_TO_C.E,2012-Q3,2779028.00893622,2587806.0,1.0738934869678098,-1.484635969717374e-07
Real GDP,RTD.Q.S0.S.G_GDPM_TO_C.E,2012-Q4,2767029.39292999,2576633.0,1.073893485385769,-1.4668217751534485e-07
Real GDP,RTD.Q.S0.S.G_GDPM_TO_C.E,2013-Q1,2758689.2159919,2568866.7,1.0738934861789051,7.363353260458894e-08
Real GDP,RTD.Q.S0.S.G_GDPM_TO_C.E,2013-Q2,2777351.04354836,2586244.4,1.073893497284464,1.0411353557060465e-06
Real GDP,RTD.Q.S0.S.G_GDPM_TO_C.E,2013-Q3,2784406.3753485,2592814.3,1.0738934814377181,-1.4793833713611093e-06
Real GDP,RTD.Q.S0.S.G_GDPM_TO_C.E,2013-Q4,2790316.24512857,2598317.5,1.0738934888167324,6.885856329574835e-07
Real GDP,RTD.Q.S0.S.G_GDPM_TO_C.E,2014-Q1,2804164.97297527,2611213.3,1.0738934934864457,4.369976824847299e-07
Real GDP,RTD.Q.S0.S.G_GDPM_TO_C.E,2014-Q2,2811001.41567762,2617579.4,1.0738934664895439,-2.5200562303595575e-06
Real GDP,RTD.Q.S0.S.G_GDPM_TO_C.E,2014-Q3,2823703.51579249,2629407.4,1.0738935000306495,3.1374310704990194e-06
Real GDP,RTD.Q.S0.S.G_GDPM_TO_C.E,2014-Q4,2834949.84216376,2639879.9,1.0738934912015354,-8.254336991697642e-07
Real GDP,RTD.Q.S0.S.G_GDPM_TO_C.E,2015-Q1,2857490.44099255,2660869.5,1.073893492707008,1.4130288050751005e-07
Real GDP,RTD.Q.S0.S.G_GDPM_TO_C.E,2015-Q2,2869983.59876611,2672503.0,1.0738934993772167,6.238394467672492e-07
Real GDP,RTD.Q.S0.S.G_GDPM_TO_C.E,2015-Q3,2881754.53153678,2683464.0,1.073893494206287,-4.834872058268047e-07
Real GDP,RTD.Q.S0.S.G_GDPM_TO_C.E,2015-Q4,2895530.70928532,2696292.3,1.073893475601781,-1.740716837339562e-06
Real GDP,RTD.Q.S0.S.G_GDPM_TO_C.E,2016-Q1,2910212.86837042,2709964.2,1.0738934737109884,-1.769616897462356e-07
Real GDP,RTD.Q.S0.S.G_GDPM_TO_C.E,2016-Q2,2915628.34585151,2715007.0,1.0738934911959748,1.6312160955322952e-06
Real GDP,RTD.Q.S0.S.G_GDPM_TO_C.E,2016-Q3,2930158.43472607,2728537.3,1.0738934867139511,-4.1944194784093725e-07
Real GDP,RTD.Q.S0.S.G_GDPM_TO_C.E,2016-Q4,2953687.79186147,2750447.6,1.0738934971389638,9.785631416292517e-07
Real GDP,RTD.Q.S0.S.G_GDPM_TO_C.E,2017-Q1,2976370.75734775,2771569.8,1.0738934871305605,-9.391306621253648e-07
Real GDP,RTD.Q.S0.S.G_GDPM_TO_C.E,2017-Q2,2996875.29932029,2790663.5,1.0738934663101767,-1.9521319671866877e-06
Real GDP,RTD.Q.S0.S.G_GDPM_TO_C.E,2017-Q3,3019988.59948255,2812186.4,1.0738934657683252,-5.0845860855019964e-08
Real GDP,RTD.Q.S0.S.G_GDPM_TO_C.E,2017-Q4,3044560.97011832,2835067.9,1.0738934930335602,2.5595723096571987e-06
Real GDP,RTD.Q.S0.S.G_GDPM_TO_C.E,2018-Q1,3045608.96585679,2836043.8,1.0738934870670158,-5.55790524714439e-07
Real GDP,RTD.Q.S0.S.G_GDPM_TO_C.E,2018-Q2,3060635.91257318,2850036.8,1.07389347133103,-1.4725507924140402e-06
Real GDP,RTD.Q.S0.S.G_GDPM_TO_C.E,2018-Q3,3065384.22473512,2854458.4,1.073893466002209,-4.96984875475448e-07
Real GDP,RTD.Q.S0.S.G_GDPM_TO_C.E,2018-Q4,3080897.3108771,2868904.0,1.0738934836708025,1.6536099600727994e-06
Real GDP,RTD.Q.S0.S.G_GDPM_TO_C.E,2019-Q1,3104245.61265583,2890645.7,1.0738934946803858,1.0329719302148987e-06
Real GDP,RTD.Q.S0.S.G_GDPM_TO_C.E,2019-Q2,3114172.9970032,2899890.0,1.0738934914783664,-2.99122704383592e-07
Real GDP,RTD.Q.S0.S.G_GDPM_TO_C.E,2019-Q3,3122288.71146967,2907447.3,1.0738934843185877,-6.684496733910805e-07
Real GDP,RTD.Q.S0.S.G_GDPM_TO_C.E,2019-Q4,3117299.6911724,2902801.6,1.073893472834106,-1.0677158490679517e-06
Real GDP,RTD.Q.S0.S.G_GDPM_TO_C.E,2020-Q1,3019238.04036387,2811487.4,1.0738934986384325,2.3272878957314447e-06
Real GDP,RTD.Q.S0.S.G_GDPM_TO_C.E,2020-Q2,2683246.6770517,2498615.3,1.073893478940796,-1.6301071941171585e-06
Real GDP,RTD.Q.S0.S.G_GDPM_TO_C.E,2020-Q3,2992406.72875745,2786502.4,1.0738934690160145,-1.0306703046580878e-06
Real GDP,RTD.Q.S0.S.G_GDPM_TO_C.E,2020-Q4,3000577.28637778,2794110.7,1.0738934883209101,1.802562965558252e-06
Real GDP,RTD.Q.S0.S.G_GDPM_TO_C.E,2021-Q1,3027611.92038324,2819285.1,1.073893491787418,3.2570646180118956e-07
Real GDP,RTD.Q.S0.S.G_GDPM_TO_C.E,2021-Q2,3092289.66868541,2879512.5,1.073893469358237,-2.1332029698228894e-06
Real GDP,RTD.Q.S0.S.G_GDPM_TO_C.E,2021-Q3,3149017.12661276,2932336.6,1.0738934700104892,6.185136847136619e-08
Real GDP,RTD.Q.S0.S.G_GDPM_TO_C.E,2021-Q4,3171670.04592799,2953430.8,1.0738934685478294,-1.371813773687336e-07
Real GDP,RTD.Q.S0.S.G_GDPM_TO_C.E,2022-Q1,3195746.03117942,2975850.1,1.0738934838080116,1.4318013885628034e-06
Real GDP,RTD.Q.S0.S.G_GDPM_TO_C.E,2022-Q2,3225900.88094683,3003930.0,1.0738934931728867,8.802773843186174e-07
Real GDP,RTD.Q.S0.S.G_GDPM_TO_C.E,2022-Q3,3243401.20893815,3020226.2,1.073893474911962,-1.7096657867199383e-06
Real GDP,RTD.Q.S0.S.G_GDPM_TO_C.E,2022-Q4,3241607.57619776,3018556.0,1.0738934696582605,-4.88949436494579e-07
Real GDP,RTD.Q.S0.S.G_GDPM_TO_C.E,2023-Q1,3235368.61027631,3012746.3,1.0738934806015064,1.017063999686485e-06
Real GDP,RTD.Q.S0.S.G_GDPM_TO_C.E,2023-Q2,3241962.2169652,3018886.2,1.073893483287048,2.505848861744653e-07
Real GDP,RTD.Q.S0.S.G_GDPM_TO_C.E,2023-Q3,3247962.40896063,3024473.5,1.0738934921931471,8.308628896003256e-07
Real GDP,RTD.Q.S0.S.G_GDPM_TO_C.E,2023-Q4,3248343.31535868,3024828.2,1.0738934909951845,-1.1156628954012149e-07
Real GDP,RTD.Q.S0.S.G_GDPM_TO_C.E,2024-Q1,3262462.31485772,3037975.7,1.0738934860004705,-4.671248499121816e-07
Real GDP,RTD.Q.S0.S.G_GDPM_TO_C.E,2024-Q2,3270047.00571088,3045038.5,1.0738934846672317,-1.244386593768354e-07
Real GDP,RTD.Q.S0.S.G_GDPM_TO_C.E,2024-Q3,3287668.00429137,3061447.0,1.073893490330347,5.301858951867189e-07
Real GDP,RTD.Q.S0.S.G_GDPM_TO_C.E,2024-Q4,3298444.2380603,3071481.8,1.0738934666844844,-2.2090988816003687e-06
Real GDP,RTD.Q.S0.S.G_GDPM_TO_C.E,2025-Q1,3314619.14288782,3086543.7,1.0738934760223287,8.737957246651717e-07
Real GDP,RTD.Q.S0.S.G_GDPM_TO_C.E,2025-Q2,3315739.92814337,3087587.3,1.073893498701517,2.112579755575439e-06
Real GDP,RTD.Q.S0.S.G_GDPM_TO_C.E,2025-Q3,3326064.27253295,3097201.3,1.073893476840834,-2.0419857360565175e-06
Real GDP,RTD.Q.S0.S.G_GDPM_TO_C.E,2025-Q4,3333816.85371061,3104420.4,1.0738934886881333,1.1057813553705387e-06
Real GDP,RTD.Q.S0.S.G_GDPM_TO_C.E,2026-Q1,3333488.05594154,3104114.2,1.0738934978428112,8.523913352931345e-07
Real GDP,RTD.Q.S0.S.G_GDPM_TO_C.E,2026-Q2,3354588.87963236,3123763.1,1.073893497119663,-6.776514904771602e-08
Nominal GDP,RTD.Q.S0.S.G_GDPM_TO_U.E,1995-Q1,1416850.80566753,1416850.8,1.0000000040000896,
Nominal GDP,RTD.Q.S0.S.G_GDPM_TO_U.E,1995-Q2,1434121.58675668,1434121.6,0.9999999907655528,-1.339585997683912e-06
Nominal GDP,RTD.Q.S0.S.G_GDPM_TO_U.E,1995-Q3,1456332.78470313,1456332.8,0.9999999894963087,-1.2889018741191194e-07
Nominal GDP,RTD.Q.S0.S.G_GDPM_TO_U.E,1995-Q4,1471374.61345669,1471374.6,1.0000000091456587,1.9852299582012733e-06
Nominal GDP,RTD.Q.S0.S.G_GDPM_TO_U.E,1996-Q1,1483748.76703864,1483748.8,0.9999999777850807,-3.162431894132567e-06
Nominal GDP,RTD.Q.S0.S.G_GDPM_TO_U.E,1996-Q2,1500149.40982719,1500149.4,1.0000000065508077,2.9083689234710164e-06
Nominal GDP,RTD.Q.S0.S.G_GDPM_TO_U.E,1996-Q3,1513401.36863362,1513401.4,0.9999999792742494,-2.75175131569938e-06
Nominal GDP,RTD.Q.S0.S.G_GDPM_TO_U.E,1996-Q4,1519230.6906026,1519230.7,0.9999999938143694,1.459612586351966e-06
Nominal GDP,RTD.Q.S0.S.G_GDPM_TO_U.E,1997-Q1,1515902.60466758,1515902.6,1.0000000030790763,9.244411236508654e-07
Nominal GDP,RTD.Q.S0.S.G_GDPM_TO_U.E,1997-Q2,1531651.62258342,1531651.6,1.0000000147444887,1.1786606579633485e-06
Nominal GDP,RTD.Q.S0.S.G_GDPM_TO_U.E,1997-Q3,1547341.06562154,1547341.1,0.9999999777822355,-3.7340876390956623e-06
Nominal GDP,RTD.Q.S0.S.G_GDPM_TO_U.E,1997-Q4,1572094.31472338,1572094.3,1.000000009365456,3.2088465662383214e-06
Nominal GDP,RTD.Q.S0.S.G_GDPM_TO_U.E,1998-Q1,1578381.79364486,1578381.8,0.9999999959736358,-1.344537992054029e-06
Nominal GDP,RTD.Q.S0.S.G_GDPM_TO_U.E,1998-Q2,1593586.00249359,1593586.0,1.0000000015647665,5.644988920749938e-07
Nominal GDP,RTD.Q.S0.S.G_GDPM_TO_U.E,1998-Q3,1610152.23556774,1610152.2,1.0000000220896756,2.0738276873544237e-06
Nominal GDP,RTD.Q.S0.S.G_GDPM_TO_U.E,1998-Q4,1631733.18334523,1631733.2,0.9999999897932028,-3.2729344567883345e-06
Nominal GDP,RTD.Q.S0.S.G_GDPM_TO_U.E,1999-Q1,1650467.10695011,1650467.1,1.0000000042109958,1.4583323659778102e-06
Nominal GDP,RTD.Q.S0.S.G_GDPM_TO_U.E,1999-Q2,1662182.92021878,1662182.9,1.0000000121639923,8.009450658263972e-07
Nominal GDP,RTD.Q.S0.S.G_GDPM_TO_U.E,1999-Q3,1686157.38520056,1686157.4,0.9999999912229784,-2.124305620299083e-06
Nominal GDP,RTD.Q.S0.S.G_GDPM_TO_U.E,1999-Q4,1709256.66839846,1709256.7,0.9999999815115307,-9.84448855767539e-07
Nominal GDP,RTD.Q.S0.S.G_GDPM_TO_U.E,2000-Q1,1738931.4729407,1738931.5,0.9999999844391225,2.9784184008008197e-07
Nominal GDP,RTD.Q.S0.S.G_GDPM_TO_U.E,2000-Q2,1759391.04135278,1759391.0,1.0000000235040307,3.952452920508165e-06
Nominal GDP,RTD.Q.S0.S.G_GDPM_TO_U.E,2000-Q3,1780376.17950747,1780376.2,0.9999999884897753,-3.5431888312231763e-06
Nominal GDP,RTD.Q.S0.S.G_GDPM_TO_U.E,2000-Q4,1799535.62053896,1799535.6,1.000000011413478,2.317039471400051e-06
Nominal GDP,RTD.Q.S0.S.G_GDPM_TO_U.E,2001-Q1,1832306.154276,1832306.2,0.9999999750456556,-3.7030101207591315e-06
Nominal GDP,RTD.Q.S0.S.G_GDPM_TO_U.E,2001-Q2,1845622.3393343,1845622.3,1.0000000213122153,4.660279828705427e-06
Nominal GDP,RTD.Q.S0.S.G_GDPM_TO_U.E,2001-Q3,1860723.61331298,1860723.6,1.0000000071547326,-1.4273322301860958e-06
Nominal GDP,RTD.Q.S0.S.G_GDPM_TO_U.E,2001-Q4,1874973.32100081,1874973.3,1.0000000112005916,4.076842641254075e-07
Nominal GDP,RTD.Q.S0.S.G_GDPM_TO_U.E,2002-Q1,1891140.64686879,1891140.6,1.000000024783345,1.3699873235850646e-06
Nominal GDP,RTD.Q.S0.S.G_GDPM_TO_U.E,2002-Q2,1907983.6746401,1907983.7,0.9999999867085343,-3.841391627013024e-06
Nominal GDP,RTD.Q.S0.S.G_GDPM_TO_U.E,2002-Q3,1929320.35328171,1929320.4,0.9999999757851056,-1.104558400299993e-06
Nominal GDP,RTD.Q.S0.S.G_GDPM_TO_U.E,2002-Q4,1942176.93532339,1942176.9,1.0000000181875246,4.268497888482159e-06
Nominal GDP,RTD.Q.S0.S.G_GDPM_TO_U.E,2003-Q1,1949081.78480774,1949081.8,0.9999999922054271,-2.607446947244796e-06
Nominal GDP,RTD.Q.S0.S.G_GDPM_TO_U.E,2003-Q2,1961188.21331168,1961188.2,1.0000000067875587,1.467270616117844e-06
Nominal GDP,RTD.Q.S0.S.G_GDPM_TO_U.E,2003-Q3,1986229.04640813,1986229.0,1.0000000233649444,1.6789048595811096e-06
Nominal GDP,RTD.Q.S0.S.G_GDPM_TO_U.E,2003-Q4,2003604.13235184,2003604.1,1.0000000161468225,-7.281264258196529e-07
Nominal GDP,RTD.Q.S0.S.G_GDPM_TO_U.E,2004-Q1,2023955.74856137,2023955.7,1.000000023993297,7.926174827588284e-07
Nominal GDP,RTD.Q.S0.S.G_GDPM_TO_U.E,2004-Q2,2049037.18817455,2049037.2,0.9999999942287773,-3.013337002144567e-06
Nominal GDP,RTD.Q.S0.S.G_GDPM_TO_U.E,2004-Q3,2063451.5767536,2063451.6,0.999999988734216,-5.533213887076727e-07
Nominal GDP,RTD.Q.S0.S.G_GDPM_TO_U.E,2004-Q4,2084107.35044516,2084107.4,0.9999999762225114,-1.2636950819100434e-06
Nominal GDP,RTD.Q.S0.S.G_GDPM_TO_U.E,2005-Q1,2097565.00491136,2097565.0,1.0000000023414577,2.6287603649421953e-06
Nominal GDP,RTD.Q.S0.S.G_GDPM_TO_U.E,2005-Q2,2120113.16323536,2120113.2,0.9999999826591145,-1.9893922509339745e-06
Nominal GDP,RTD.Q.S0.S.G_GDPM_TO_U.E,2005-Q3,2146924.36827954,2146924.4,0.9999999852251621,2.5984983054172517e-07
Nominal GDP,RTD.Q.S0.S.G_GDPM_TO_U.E,2005-Q4,2175891.79740125,2175891.8,0.9999999988056621,1.376373526262853e-06
Nominal GDP,RTD.Q.S0.S.G_GDPM_TO_U.E,2006-Q1,2202545.34202949,2202545.3,1.0000000190822365,2.05249515161654e-06
Nominal GDP,RTD.Q.S0.S.G_GDPM_TO_U.E,2006-Q2,2241181.27852058,2241181.3,0.9999999904160275,-2.916905739169806e-06
Nominal GDP,RTD.Q.S0.S.G_GDPM_TO_U.E,2006-Q3,2266554.85000411,2266554.9,0.9999999779419021,-1.2615351652200957e-06
Nominal GDP,RTD.Q.S0.S.G_GDPM_TO_U.E,2006-Q4,2305342.17191608,2305342.2,0.9999999878178953,1.0045000387037817e-06
Nominal GDP,RTD.Q.S0.S.G_GDPM_TO_U.E,2007-Q1,2341875.05459464,2341875.1,0.9999999806115365,-7.320558603751692e-07
Nominal GDP,RTD.Q.S0.S.G_GDPM_TO_U.E,2007-Q2,2367803.59609734,2367803.6,0.9999999983517804,1.793665860283511e-06
Nominal GDP,RTD.Q.S0.S.G_GDPM_TO_U.E,2007-Q3,2389857.43144039,2389857.4,1.00000001315576,1.4941864190376464e-06
Nominal GDP,RTD.Q.S0.S.G_GDPM_TO_U.E,2007-Q4,2419331.87846508,2419331.9,0.9999999910988154,-2.2328976223562336e-06
Nominal GDP,RTD.Q.S0.S.G_GDPM_TO_U.E,2008-Q1,2445911.23439384,2445911.2,1.0000000140617697,2.321523040471618e-06
Nominal GDP,RTD.Q.S0.S.G_GDPM_TO_U.E,2008-Q2,2451376.9957953,2451377.0,0.99999999828476,-1.581226571900629e-06
Nominal GDP,RTD.Q.S0.S.G_GDPM_TO_U.E,2008-Q3,2444940.79034825,2444940.8,0.9999999960523585,-2.2265402854770855e-07
Nominal GDP,RTD.Q.S0.S.G_GDPM_TO_U.E,2008-Q4,2410399.71494601,2410399.7,1.0000000062006356,1.0004906458860319e-06
Nominal GDP,RTD.Q.S0.S.G_GDPM_TO_U.E,2009-Q1,2343838.83021367,2343838.8,1.0000000128906776,6.505302851955719e-07
Nominal GDP,RTD.Q.S0.S.G_GDPM_TO_U.E,2009-Q2,2345254.79463574,2345254.8,0.9999999977127177,-1.5187129331906135e-06
Nominal GDP,RTD.Q.S0.S.G_GDPM_TO_U.E,2009-Q3,2355959.41121578,2355959.4,1.0000000047606,7.08005121197175e-07
Nominal GDP,RTD.Q.S0.S.G_GDPM_TO_U.E,2009-Q4,2372713.6389383,2372713.6,1.0000000164108722,1.1733122251555983e-06
Nominal GDP,RTD.Q.S0.S.G_GDPM_TO_U.E,2010-Q1,2384008.05396699,2384008.1,0.9999999806909171,-3.5889987204384965e-06
Nominal GDP,RTD.Q.S0.S.G_GDPM_TO_U.E,2010-Q2,2410897.08554691,2410897.1,0.9999999940050986,1.346435118954048e-06
Nominal GDP,RTD.Q.S0.S.G_GDPM_TO_U.E,2010-Q3,2430430.20274833,2430430.2,1.0000000011307997,7.18343362571261e-07
Nominal GDP,RTD.Q.S0.S.G_GDPM_TO_U.E,2010-Q4,2448864.05821115,2448864.1,0.9999999829354148,-1.8333390139346761e-06
Nominal GDP,RTD.Q.S0.S.G_GDPM_TO_U.E,2011-Q1,2482141.41708743,2482141.4,1.0000000068841486,2.427417045147706e-06
Nominal GDP,RTD.Q.S0.S.G_GDPM_TO_U.E,2011-Q2,2486989.79814162,2486989.8,0.9999999992527594,-7.646295596686059e-07
Nominal GDP,RTD.Q.S0.S.G_GDPM_TO_U.E,2011-Q3,2495198.25328315,2495198.3,0.9999999812772997,-1.8034788995535678e-06
Nominal GDP,RTD.Q.S0.S.G_GDPM_TO_U.E,2011-Q4,2494249.3830106,2494249.4,0.9999999931885722,1.1906742924949754e-06
Nominal GDP,RTD.Q.S0.S.G_GDPM_TO_U.E,2012-Q1,2498550.35189328,2498550.4,0.9999999807461479,-1.2463879706103853e-06
Nominal GDP,RTD.Q.S0.S.G_GDPM_TO_U.E,2012-Q2,2496215.39241844,2496215.4,0.9999999969627782,1.6201475383503805e-06
Nominal GDP,RTD.Q.S0.S.G_GDPM_TO_U.E,2012-Q3,2504044.94068044,2504044.9,1.0000000162458909,1.934359517008488e-06
Nominal GDP,RTD.Q.S0.S.G_GDPM_TO_U.E,2012-Q4,2497943.55407229,2497943.6,0.9999999816137923,-3.4547714244936856e-06
Nominal GDP,RTD.Q.S0.S.G_GDPM_TO_U.E,2013-Q1,2503664.47583368,2503664.5,0.9999999903476204,8.753830993413203e-07
Nominal GDP,RTD.Q.S0.S.G_GDPM_TO_U.E,2013-Q2,2525821.80533371,2525821.8,1.000000002111673,1.1868164229156264e-06
Nominal GDP,RTD.Q.S0.S.G_GDPM_TO_U.E,2013-Q3,2536531.65852377,2536531.7,0.9999999836484479,-1.8541512325498388e-06
Nominal GDP,RTD.Q.S0.S.G_GDPM_TO_U.E,2013-Q4,2543455.79407781,2543455.8,0.9999999976715971,1.406142913218389e-06
Nominal GDP,RTD.Q.S0.S.G_GDPM_TO_U.E,2014-Q1,2566940.59089813,2566940.6,0.9999999964541954,-1.2286425210561447e-07
Nominal GDP,RTD.Q.S0.S.G_GDPM_TO_U.E,2014-Q2,2578673.33807637,2578673.3,1.0000000147658759,1.8395377665569868e-06
Nominal GDP,RTD.Q.S0.S.G_GDPM_TO_U.E,2014-Q3,2595514.63558161,2595514.6,1.0000000137088845,-1.0638947500751783e-07
Nominal GDP,RTD.Q.S0.S.G_GDPM_TO_U.E,2014-Q4,2612944.57617841,2612944.6,0.9999999908832395,-2.297892853775352e-06
Nominal GDP,RTD.Q.S0.S.G_GDPM_TO_U.E,2015-Q1,2645846.46657284,2645846.5,0.9999999873661757,-3.561350325753665e-07
Nominal GDP,RTD.Q.S0.S.G_GDPM_TO_U.E,2015-Q2,2669450.90640336,2669450.9,1.0000000023987554,1.5166690126022786e-06
Nominal GDP,RTD.Q.S0.S.G_GDPM_TO_U.E,2015-Q3,2690607.1506717,2690607.2,0.9999999816664803,-2.0896585350982377e-06
Nominal GDP,RTD.Q.S0.S.G_GDPM_TO_U.E,2015-Q4,2707224.36148861,2707224.4,0.9999999857745853,4.1334766720524385e-07
Nominal GDP,RTD.Q.S0.S.G_GDPM_TO_U.E,2016-Q1,2726978.17710963,2726978.2,0.9999999916059578,5.873922459542769e-07
Nominal GDP,RTD.Q.S0.S.G_GDPM_TO_U.E,2016-Q2,2736838.36856421,2736838.4,0.9999999885138304,-3.1033078329301134e-07
Nominal GDP,RTD.Q.S0.S.G_GDPM_TO_U.E,2016-Q3,2758618.39883046,2758618.4,0.9999999995760414,1.1150245171620554e-06
Nominal GDP,RTD.Q.S0.S.G_GDPM_TO_U.E,2016-Q4,2782141.63220699,2782141.6,1.0000000115763301,1.210261735273832e-06
Nominal GDP,RTD.Q.S0.S.G_GDPM_TO_U.E,2017-Q1,2814686.64171656,2814686.6,1.000000014821032,3.2826574791755547e-07
Nominal GDP,RTD.Q.S0.S.G_GDPM_TO_U.E,2017-Q2,2846252.15370192,2846252.2,0.999999983733669,-3.1435994696238367e-06
Nominal GDP,RTD.Q.S0.S.G_GDPM_TO_U.E,2017-Q3,2873752.92941797,2873752.9,1.0000000102367779,2.6759184201807784e-06
Nominal GDP,RTD.Q.S0.S.G_GDPM_TO_U.E,2017-Q4,2909038.36516428,2909038.4,0.9999999880250051,-2.248450092778853e-06
Nominal GDP,RTD.Q.S0.S.G_GDPM_TO_U.E,2018-Q1,2922431.40594234,2922431.4,1.0000000020333548,1.407284333510006e-06
Nominal GDP,RTD.Q.S0.S.G_GDPM_TO_U.E,2018-Q2,2944871.86777109,2944871.9,0.9999999890559212,-1.3077083638179943e-06
Nominal GDP,RTD.Q.S0.S.G_GDPM_TO_U.E,2018-Q3,2964669.21343851,2964669.2,1.0000000045328867,1.5581011814091994e-06
Nominal GDP,RTD.Q.S0.S.G_GDPM_TO_U.E,2018-Q4,2995074.39773602,2995074.4,0.9999999992440989,-5.343028908200154e-07
Nominal GDP,RTD.Q.S0.S.G_GDPM_TO_U.E,2019-Q1,3028172.09037939,3028172.1,0.9999999968229646,-2.4478896687440965e-07
Nominal GDP,RTD.Q.S0.S.G_GDPM_TO_U.E,2019-Q2,3048626.2600046,3048626.3,0.9999999868808453,-1.0009274520328404e-06
Nominal GDP,RTD.Q.S0.S.G_GDPM_TO_U.E,2019-Q3,3071406.49001272,3071406.5,0.9999999967483042,9.94119120356629e-07
Nominal GDP,RTD.Q.S0.S.G_GDPM_TO_U.E,2019-Q4,3083108.65146805,3083108.7,0.9999999842587614,-1.2537128668554942e-06
Nominal GDP,RTD.Q.S0.S.G_GDPM_TO_U.E,2020-Q1,3003258.44008115,3003258.4,1.000000013345888,2.833379131317315e-06
Nominal GDP,RTD.Q.S0.S.G_GDPM_TO_U.E,2020-Q2,2699628.82203155,2699628.8,1.0000000081609555,-4.6607354775574095e-07
Nominal GDP,RTD.Q.S0.S.G_GDPM_TO_U.E,2020-Q3,2980059.5203004,2980059.5,1.0000000068120787,-1.488994474385663e-07
Nominal GDP,RTD.Q.S0.S.G_GDPM_TO_U.E,2020-Q4,3012521.9501377,3012522.0,0.9999999834483201,-2.361826556551705e-06
Nominal GDP,RTD.Q.S0.S.G_GDPM_TO_U.E,2021-Q1,3057165.90987064,3057165.9,1.0000000032286898,2.007350397015273e-06
Nominal GDP,RTD.Q.S0.S.G_GDPM_TO_U.E,2021-Q2,3133623.13910763,3133623.1,1.0000000124800044,9.482682417072397e-07
Nominal GDP,RTD.Q.S0.S.G_GDPM_TO_U.E,2021-Q3,3228027.39742568,3228027.4,0.9999999992025099,-1.3677495358521696e-06
Nominal GDP,RTD.Q.S0.S.G_GDPM_TO_U.E,2021-Q4,3285797.2599139,3285797.3,0.9999999878001908,-1.1606378746975565e-06
Nominal GDP,RTD.Q.S0.S.G_GDPM_TO_U.E,2022-Q1,3365390.65058497,3365390.7,0.9999999853167033,-2.5436461825734114e-07
Nominal GDP,RTD.Q.S0.S.G_GDPM_TO_U.E,2022-Q2,3437297.55175224,3437297.6,0.9999999859634615,6.60577148536845e-08
Nominal GDP,RTD.Q.S0.S.G_GDPM_TO_U.E,2022-Q3,3497114.25228219,3497114.3,0.99999998635509,3.9844372246022886e-08
Nominal GDP,RTD.Q.S0.S.G_GDPM_TO_U.E,2022-Q4,3558920.51723412,3558920.5,1.0000000048425133,1.881416067384123e-06
Nominal GDP,RTD.Q.S0.S.G_GDPM_TO_U.E,2023-Q1,3639197.83953095,3639197.8,1.000000010862545,6.155823406572836e-07
Nominal GDP,RTD.Q.S0.S.G_GDPM_TO_U.E,2023-Q2,3687271.58079189,3687271.6,0.9999999947906983,-1.6284155579526782e-06
Nominal GDP,RTD.Q.S0.S.G_GDPM_TO_U.E,2023-Q3,3718383.76554189,3718383.8,0.9999999907330411,-4.091894600932733e-07
Nominal GDP,RTD.Q.S0.S.G_GDPM_TO_U.E,2023-Q4,3759657.41137761,3759657.4,1.000000003026236,1.2429647755496376e-06
Nominal GDP,RTD.Q.S0.S.G_GDPM_TO_U.E,2024-Q1,3804942.93778826,3804942.9,1.0000000099313606,6.988297718280023e-07
Nominal GDP,RTD.Q.S0.S.G_GDPM_TO_U.E,2024-Q2,3827309.03708372,3827309.0,1.0000000096892412,-2.43542519484663e-08
Nominal GDP,RTD.Q.S0.S.G_GDPM_TO_U.E,2024-Q3,3866832.86221931,3866832.9,0.999999990229552,-1.9660645556029976e-06
Nominal GDP,RTD.Q.S0.S.G_GDPM_TO_U.E,2024-Q4,3905706.60141224,3905706.6,1.0000000003615837,1.0233890179733862e-06
Nominal GDP,RTD.Q.S0.S.G_GDPM_TO_U.E,2025-Q1,3951161.17159616,3951161.2,0.9999999928112677,-7.638186527714197e-07
Nominal GDP,RTD.Q.S0.S.G_GDPM_TO_U.E,2025-Q2,3973692.42719224,3973692.4,1.0000000068430661,1.4111813717576638e-06
Nominal GDP,RTD.Q.S0.S.G_GDPM_TO_U.E,2025-Q3,4005277.04901892,4005277.0,1.0000000122385841,5.438403949398207e-07
Nominal GDP,RTD.Q.S0.S.G_GDPM_TO_U.E,2025-Q4,4050462.16008955,4050462.2,0.9999999901466924,-2.234111962096108e-06
Nominal GDP,RTD.Q.S0.S.G_GDPM_TO_U.E,2026-Q1,4068091.58940516,4068091.6,0.999999997395624,7.280482217097983e-07
Nominal GDP,RTD.Q.S0.S.G_GDPM_TO_U.E,2026-Q2,4118504.65961374,4118504.7,0.9999999901939507,-7.29091875761867e-07
Real private consumption,RTD.Q.S0.S.G_FCHI_TO_C.E,1995-Q1,1166013.96961226,1104525.5,1.0556695790294204,
Real private consumption,RTD.Q.S0.S.G_FCHI_TO_C.E,1995-Q2,1177475.8188347,1115382.9,1.055669599054011,1.915507574778985e-06
Real private consumption,RTD.Q.S0.S.G_FCHI_TO_C.E,1995-Q3,1179523.04514151,1117322.2,1.055669568850874,-2.8660151585313542e-06
Real private consumption,RTD.Q.S0.S.G_FCHI_TO_C.E,1995-Q4,1183817.91595765,1121390.6,1.0556695552447557,-1.2935544635439555e-06
Real private consumption,RTD.Q.S0.S.G_FCHI_TO_C.E,1996-Q1,1194540.23586452,1131547.4,1.0556696395259448,8.055982192445299e-06
Real private consumption,RTD.Q.S0.S.G_FCHI_TO_C.E,1996-Q2,1198397.15588616,1135201.0,1.0556695738342021,-6.242848060722395e-06
Real private consumption,RTD.Q.S0.S.G_FCHI_TO_C.E,1996-Q3,1205265.37602217,1141707.0,1.055669603516638,2.827830880569593e-06
Real private consumption,RTD.Q.S0.S.G_FCHI_TO_C.E,1996-Q4,1207439.30265645,1143766.3,1.0556695914685106,-1.1433367363977709e-06
Real private consumption,RTD.Q.S0.S.G_FCHI_TO_C.E,1997-Q1,1211360.93012029,1147481.1,1.0556696141838762,2.158738143798189e-06
Real private consumption,RTD.Q.S0.S.G_FCHI_TO_C.E,1997-Q2,1219703.79039623,1155384.0,1.0556696218713693,7.332254137182304e-07
Real private consumption,RTD.Q.S0.S.G_FCHI_TO_C.E,1997-Q3,1226542.36005755,1161862.0,1.0556695718231166,-4.767482320033878e-06
Real private consumption,RTD.Q.S0.S.G_FCHI_TO_C.E,1997-Q4,1241553.38776408,1176081.4,1.055669605661717,3.2446452413736893e-06
Real private consumption,RTD.Q.S0.S.G_FCHI_TO_C.E,1998-Q1,1249000.87890874,1183136.2,1.0556695661148225,-3.768614598165243e-06
Real private consumption,RTD.Q.S0.S.G_FCHI_TO_C.E,1998-Q2,1256311.44699673,1190061.2,1.0556696134591483,4.511017226427327e-06
Real private consumption,RTD.Q.S0.S.G_FCHI_TO_C.E,1998-Q3,1269063.4105252,1202140.7,1.05566961548278,1.9363750602963137e-07
Real private consumption,RTD.Q.S0.S.G_FCHI_TO_C.E,1998-Q4,1281211.56234365,1213648.3,1.055669556282203,-5.661551583102664e-06
Real private consumption,RTD.Q.S0.S.G_FCHI_TO_C.E,1999-Q1,1290635.41379043,1222575.1,1.0556696384462843,7.840372573397758e-06
Real private consumption,RTD.Q.S0.S.G_FCHI_TO_C.E,1999-Q2,1301391.88911507,1232764.4,1.0556695903248585,-4.596370128950866e-06
Real private consumption,RTD.Q.S0.S.G_FCHI_TO_C.E,1999-Q3,1315098.74221212,1245748.4,1.0556696217407304,3.0072626389099355e-06
Real private consumption,RTD.Q.S0.S.G_FCHI_TO_C.E,1999-Q4,1325659.6985501,1255752.5,1.0556695674904888,-5.18020999429325e-06
Real private consumption,RTD.Q.S0.S.G_FCHI_TO_C.E,2000-Q1,1338944.70443938,1268336.9,1.0556695972808015,2.850215086169783e-06
Real private consumption,RTD.Q.S0.S.G_FCHI_TO_C.E,2000-Q2,1347896.54149891,1276816.7,1.0556695737915316,-2.2399350596558065e-06
Real private consumption,RTD.Q.S0.S.G_FCHI_TO_C.E,2000-Q3,1353165.06411539,1281807.4,1.0556695679205705,-5.583099982331419e-07
Real private consumption,RTD.Q.S0.S.G_FCHI_TO_C.E,2000-Q4,1357070.53720413,1285506.9,1.0556695862185805,1.7383110728630413e-06
Real private consumption,RTD.Q.S0.S.G_FCHI_TO_C.E,2001-Q1,1369762.69870155,1297529.7,1.0556696302994453,4.214683735348501e-06
Real private consumption,RTD.Q.S0.S.G_FCHI_TO_C.E,2001-Q2,1371388.59823272,1299069.9,1.0556695973270724,-3.1270684486273126e-06
Real private consumption,RTD.Q.S0.S.G_FCHI_TO_C.E,2001-Q3,1376448.92396603,1303863.4,1.0556695770170632,-1.9309973620096343e-06
Real private consumption,RTD.Q.S0.S.G_FCHI_TO_C.E,2001-Q4,1382192.73520647,1309304.3,1.0556695912527514,1.3541256338456265e-06
Real private consumption,RTD.Q.S0.S.G_FCHI_TO_C.E,2002-Q1,1383334.39812563,1310385.8,1.0556695578703845,-3.1648104137360633e-06
Real private consumption,RTD.Q.S0.S.G_FCHI_TO_C.E,2002-Q2,1384002.69502698,1311018.8,1.05566960216511,4.197916125825429e-06
Real private consumption,RTD.Q.S0.S.G_FCHI_TO_C.E,2002-Q3,1391431.98875906,1318056.3,1.0556696165095982,1.3660987008279335e-06
Real private consumption,RTD.Q.S0.S.G_FCHI_TO_C.E,2002-Q4,1399523.14757445,1325720.8,1.0556696006990687,-1.5063868152864757e-06
Real private consumption,RTD.Q.S0.S.G_FCHI_TO_C.E,2003-Q1,1400207.53242569,1326369.1,1.055669596363252,-4.1091803293369367e-07
Real private consumption,RTD.Q.S0.S.G_FCHI_TO_C.E,2003-Q2,1403103.10986509,1329112.0,1.055669582296368,-1.3352638106312043e-06
Real private consumption,RTD.Q.S0.S.G_FCHI_TO_C.E,2003-Q3,1411648.44552023,1337206.7,1.0556695875964652,5.051179474691025e-07
Real private consumption,RTD.Q.S0.S.G_FCHI_TO_C.E,2003-Q4,1416586.83415408,1341884.7,1.0556695624848245,-2.3870621923549606e-06
Real private consumption,RTD.Q.S0.S.G_FCHI_TO_C.E,2004-Q1,1424127.2388475,1349027.4,1.0556696171237887,5.2033139130713835e-06
Real private consumption,RTD.Q.S0.S.G_FCHI_TO_C.E,2004-Q2,1427312.20039324,1352044.4,1.055669621791444,4.431400135729291e-07
Real private consumption,RTD.Q.S0.S.G_FCHI_TO_C.E,2004-Q3,1429442.60241754,1354062.5,1.055669588676697,-3.1415297474524095e-06
Real private consumption,RTD.Q.S0.S.G_FCHI_TO_C.E,2004-Q4,1441485.08373165,1365469.9,1.0556696150765754,2.5218388932657376e-06
Real private consumption,RTD.Q.S0.S.G_FCHI_TO_C.E,2005-Q1,1447491.657842,1371159.7,1.0556696334073996,1.743652267016671e-06
Real private consumption,RTD.Q.S0.S.G_FCHI_TO_C.E,2005-Q2,1458012.82100432,1381126.1,1.0556695880298836,-4.329701752681103e-06
Real private consumption,RTD.Q.S0.S.G_FCHI_TO_C.E,2005-Q3,1465122.7686251,1387861.1,1.0556695973574732,8.878796364797381e-07
Real private consumption,RTD.Q.S0.S.G_FCHI_TO_C.E,2005-Q4,1470675.80992741,1393121.3,1.0556696031619142,5.519189549829662e-07
Real private consumption,RTD.Q.S0.S.G_FCHI_TO_C.E,2006-Q1,1480547.58274951,1402472.5,1.0556695997600738,-3.244078339292855e-07
Real private consumption,RTD.Q.S0.S.G_FCHI_TO_C.E,2006-Q2,1490128.61008163,1411548.3,1.0556695864262173,-1.2712446872953365e-06
Real private consumption,RTD.Q.S0.S.G_FCHI_TO_C.E,2006-Q3,1495102.69437598,1416260.1,1.055669572542487,-1.3195487369443981e-06
Real private consumption,RTD.Q.S0.S.G_FCHI_TO_C.E,2006-Q4,1505735.44141137,1426332.1,1.0556696027603738,2.882794758463092e-06
Real private consumption,RTD.Q.S0.S.G_FCHI_TO_C.E,2007-Q1,1509102.97471608,1429522.1,1.0556695658752528,-3.501816747686348e-06
Real private consumption,RTD.Q.S0.S.G_FCHI_TO_C.E,2007-Q2,1521042.78363938,1440832.2,1.0556696217917534,5.338687669720343e-06
Real private consumption,RTD.Q.S0.S.G_FCHI_TO_C.E,2007-Q3,1525683.64966995,1445228.4,1.055669574213979,-4.520632290727633e-06
Real private consumption,RTD.Q.S0.S.G_FCHI_TO_C.E,2007-Q4,1530761.57749828,1450038.5,1.0556696098057259,3.382706736942964e-06
Real private consumption,RTD.Q.S0.S.G_FCHI_TO_C.E,2008-Q1,1533793.72756827,1452910.8,1.0556695755639438,-3.2500329094631297e-06
Real private consumption,RTD.Q.S0.S.G_FCHI_TO_C.E,2008-Q2,1528057.23931856,1447476.8,1.055669589535777,1.318554387896853e-06
Real private consumption,RTD.Q.S0.S.G_FCHI_TO_C.E,2008-Q3,1522297.61033751,1442020.9,1.055669588656801,-8.294858133695016e-08
Real private consumption,RTD.Q.S0.S.G_FCHI_TO_C.E,2008-Q4,1512391.62294244,1432637.3,1.0556695842991384,-4.101005091072807e-07
Real private consumption,RTD.Q.S0.S.G_FCHI_TO_C.E,2009-Q1,1506898.24068549,1427433.6,1.0556695881934473,3.675547532999701e-07
Real private consumption,RTD.Q.S0.S.G_FCHI_TO_C.E,2009-Q2,1507738.58898727,1428229.6,1.0556696129160674,2.3431959261799307e-06
Real private consumption,RTD.Q.S0.S.G_FCHI_TO_C.E,2009-Q3,1509962.88143127,1430336.6,1.055669610517741,-2.275204913360085e-07
Real private consumption,RTD.Q.S0.S.G_FCHI_TO_C.E,2009-Q4,1513341.9002554,1433537.4,1.0556696325156218,2.088447703663121e-06
Real private consumption,RTD.Q.S0.S.G_FCHI_TO_C.E,2010-Q1,1514329.40834486,1434472.9,1.0556695831234317,-4.6818077636956446e-06
Real private consumption,RTD.Q.S0.S.G_FCHI_TO_C.E,2010-Q2,1519121.13208979,1439011.9,1.0556696105777792,2.6088863069873014e-06
Real private consumption,RTD.Q.S0.S.G_FCHI_TO_C.E,2010-Q3,1524035.36209704,1443667.0,1.0556695983887143,-1.1583638936940588e-06
Real private consumption,RTD.Q.S0.S.G_FCHI_TO_C.E,2010-Q4,1530742.78181003,1450020.7,1.0556696065166726,7.733224505201974e-07
Real private consumption,RTD.Q.S0.S.G_FCHI_TO_C.E,2011-Q1,1528248.07145422,1447657.6,1.05566956679136,-3.7569114375024526e-06
Real private consumption,RTD.Q.S0.S.G_FCHI_TO_C.E,2011-Q2,1523994.89853296,1443628.7,1.055669576625181,9.289320423988556e-07
Real private consumption,RTD.Q.S0.S.G_FCHI_TO_C.E,2011-Q3,1523039.66650507,1442723.8,1.0556696066877596,2.8459411494097253e-06
Real private consumption,RTD.Q.S0.S.G_FCHI_TO_C.E,2011-Q4,1516828.36368596,1436840.1,1.055669565239695,-3.910222601266611e-06
Real private consumption,RTD.Q.S0.S.G_FCHI_TO_C.E,2012-Q1,1516028.94605568,1436082.8,1.055669593741865,2.6984909529126355e-06
Real private consumption,RTD.Q.S0.S.G_FCHI_TO_C.E,2012-Q2,1508395.10222569,1428851.5,1.0556696075314265,1.2996609011217686e-06
Real private consumption,RTD.Q.S0.S.G_FCHI_TO_C.E,2012-Q3,1505629.65702763,1426231.9,1.0556695983504716,-8.680862473298134e-07
Real private consumption,RTD.Q.S0.S.G_FCHI_TO_C.E,2012-Q4,1498313.66715848,1419301.7,1.0556696065103566,7.692023351602018e-07
Real private consumption,RTD.Q.S0.S.G_FCHI_TO_C.E,2013-Q1,1491300.76695363,1412658.6,1.055669619647401,1.2386030423527927e-06
Real private consumption,RTD.Q.S0.S.G_FCHI_TO_C.E,2013-Q2,1496705.92680963,1417778.8,1.0556695634111821,-5.346374143400112e-06
Real private consumption,RTD.Q.S0.S.G_FCHI_TO_C.E,2013-Q3,1500614.20370076,1421480.9,1.0556696215198953,5.518814627514246e-06
Real private consumption,RTD.Q.S0.S.G_FCHI_TO_C.E,2013-Q4,1502400.50419403,1423173.0,1.0556696228736984,1.2839385110652302e-07
Real private consumption,RTD.Q.S0.S.G_FCHI_TO_C.E,2014-Q1,1501880.73342685,1422680.7,1.0556695774581395,-4.30057358613567e-06
Real private consumption,RTD.Q.S0.S.G_FCHI_TO_C.E,2014-Q2,1508213.69783595,1428679.7,1.0556695792877508,1.7404366836615281e-07
Real private consumption,RTD.Q.S0.S.G_FCHI_TO_C.E,2014-Q3,1515958.22187557,1436015.8,1.055669597699113,1.753001388493658e-06
Real private consumption,RTD.Q.S0.S.G_FCHI_TO_C.E,2014-Q4,1524281.02755048,1443899.7,1.0556696061024737,8.003921081467524e-07
Real private consumption,RTD.Q.S0.S.G_FCHI_TO_C.E,2015-Q1,1532274.41851791,1451471.6,1.0556695828688,-2.212388472422333e-06
Real private consumption,RTD.Q.S0.S.G_FCHI_TO_C.E,2015-Q2,1541068.83975993,1459802.2,1.055669624117521,3.929777392386313e-06
Real private consumption,RTD.Q.S0.S.G_FCHI_TO_C.E,2015-Q3,1547632.30591485,1466019.6,1.0556695871698099,-3.514837709772678e-06
Real private consumption,RTD.Q.S0.S.G_FCHI_TO_C.E,2015-Q4,1553223.14508792,1471315.6,1.055669596032231,8.425398378975046e-07
Real private consumption,RTD.Q.S0.S.G_FCHI_TO_C.E,2016-Q1,1563205.38746551,1480771.4,1.0556696242684793,2.6919138251813024e-06
Real private consumption,RTD.Q.S0.S.G_FCHI_TO_C.E,2016-Q2,1566212.85026158,1483620.3,1.055669601084307,-2.2003831867678514e-06
Real private consumption,RTD.Q.S0.S.G_FCHI_TO_C.E,2016-Q3,1573387.29920213,1490416.4,1.0556696096487734,8.149991348460617e-07
Real private consumption,RTD.Q.S0.S.G_FCHI_TO_C.E,2016-Q4,1584705.27038989,1501137.5,1.055669630789911,2.0170338510538954e-06
Real private consumption,RTD.Q.S0.S.G_FCHI_TO_C.E,2017-Q1,1591980.93451151,1508029.5,1.055669623513008,-6.924810724839858e-07
Real private consumption,RTD.Q.S0.S.G_FCHI_TO_C.E,2017-Q2,1600308.08970858,1515917.6,1.0556695757794354,-4.545290810398228e-06
Real private consumption,RTD.Q.S0.S.G_FCHI_TO_C.E,2017-Q3,1607177.08756198,1522424.3,1.0556696234827438,4.53816839662835e-06
Real private consumption,RTD.Q.S0.S.G_FCHI_TO_C.E,2017-Q4,1614178.79396953,1529056.8,1.0556696088526796,-1.3918938668311398e-06
Real private consumption,RTD.Q.S0.S.G_FCHI_TO_C.E,2018-Q1,1621317.83130893,1535819.4,1.05566958674238,-2.103696772337571e-06
Real private consumption,RTD.Q.S0.S.G_FCHI_TO_C.E,2018-Q2,1627259.59008685,1541447.8,1.0556696049563599,1.731671539495494e-06
Real private consumption,RTD.Q.S0.S.G_FCHI_TO_C.E,2018-Q3,1628419.25870445,1542546.3,1.0556696150413443,9.559971703154702e-07
Real private consumption,RTD.Q.S0.S.G_FCHI_TO_C.E,2018-Q4,1635495.50602038,1549249.4,1.0556696075017877,-7.173001304039417e-07
Real private consumption,RTD.Q.S0.S.G_FCHI_TO_C.E,2019-Q1,1643607.14188114,1556933.3,1.055669592191997,-1.45743741519766e-06
Real private consumption,RTD.Q.S0.S.G_FCHI_TO_C.E,2019-Q2,1648713.27419841,1561770.2,1.0556695691840003,-2.186240388724059e-06
Real private consumption,RTD.Q.S0.S.G_FCHI_TO_C.E,2019-Q3,1657674.93162884,1570259.2,1.0556696191487622,4.758718707975618e-06
Real private consumption,RTD.Q.S0.S.G_FCHI_TO_C.E,2019-Q4,1657291.89449141,1569896.4,1.05566959354223,-2.425059464350454e-06
Real private consumption,RTD.Q.S0.S.G_FCHI_TO_C.E,2020-Q1,1579395.96878219,1496108.2,1.0556696158621348,2.014913158987497e-06
Real private consumption,RTD.Q.S0.S.G_FCHI_TO_C.E,2020-Q2,1393313.53131648,1319838.6,1.0556696336328395,1.4850273455380147e-06
Real private consumption,RTD.Q.S0.S.G_FCHI_TO_C.E,2020-Q3,1580619.88068591,1497267.6,1.055669594857933,-4.166787292092522e-06
Real private consumption,RTD.Q.S0.S.G_FCHI_TO_C.E,2020-Q4,1542008.65680005,1460692.5,1.055669592881493,-1.8264804113599098e-07
Real private consumption,RTD.Q.S0.S.G_FCHI_TO_C.E,2021-Q1,1520788.87653765,1440591.7,1.0556696089097626,1.4974100293052572e-06
Real private consumption,RTD.Q.S0.S.G_FCHI_TO_C.E,2021-Q2,1577699.77351716,1494501.5,1.0556695818084894,-2.6632817951011134e-06
Real private consumption,RTD.Q.S0.S.G_FCHI_TO_C.E,2021-Q3,1638307.47303848,1551913.1,1.0556695945401064,1.252352554992342e-06
Real private consumption,RTD.Q.S0.S.G_FCHI_TO_C.E,2021-Q4,1644271.9057004,1557563.0,1.0556695977629156,3.0639719650338293e-07
Real private consumption,RTD.Q.S0.S.G_FCHI_TO_C.E,2022-Q1,1662767.70711142,1575083.4,1.055669628104404,2.9064763928943194e-06
Real private consumption,RTD.Q.S0.S.G_FCHI_TO_C.E,2022-Q2,1683162.75672325,1594403.0,1.055669587126498,-3.929309899675104e-06
Real private consumption,RTD.Q.S0.S.G_FCHI_TO_C.E,2022-Q3,1693365.33367856,1604067.5,1.055669623428291,3.4595897258071773e-06
Real private consumption,RTD.Q.S0.S.G_FCHI_TO_C.E,2022-Q4,1677133.59748853,1588691.8,1.055669575111126,-4.533049213772955e-06
Real private consumption,RTD.Q.S0.S.G_FCHI_TO_C.E,2023-Q1,1687105.61590757,1598137.9,1.055669611431886,3.4609993537770833e-06
Real private consumption,RTD.Q.S0.S.G_FCHI_TO_C.E,2023-Q2,1692997.83034551,1603719.4,1.055669608003439,-3.258994185628694e-07
Real private consumption,RTD.Q.S0.S.G_FCHI_TO_C.E,2023-Q3,1691610.11472742,1602404.9,1.0556695843400254,-2.239717544760822e-06
Real private consumption,RTD.Q.S0.S.G_FCHI_TO_C.E,2023-Q4,1693141.96302728,1603856.0,1.0556695632446305,-2.000104859511964e-06
Real private consumption,RTD.Q.S0.S.G_FCHI_TO_C.E,2024-Q1,1706894.62163192,1616883.4,1.0556695811410521,1.7090372672612375e-06
Real private consumption,RTD.Q.S0.S.G_FCHI_TO_C.E,2024-Q2,1710709.78710446,1620497.4,1.0556695660878321,-1.42912770506598e-06
Real private consumption,RTD.Q.S0.S.G_FCHI_TO_C.E,2024-Q3,1720693.96737686,1629955.0,1.0556696150365257,4.663804964444296e-06
Real private consumption,RTD.Q.S0.S.G_FCHI_TO_C.E,2024-Q4,1730569.37358288,1639309.7,1.0556695745671973,-3.855523611484557e-06
Real private consumption,RTD.Q.S0.S.G_FCHI_TO_C.E,2025-Q1,1735875.94961513,1644336.4,1.0556695999767018,2.4143367971518614e-06
Real private consumption,RTD.Q.S0.S.G_FCHI_TO_C.E,2025-Q2,1738813.14751742,1647118.7,1.055669605060898,4.824235677602928e-07
Real private consumption,RTD.Q.S0.S.G_FCHI_TO_C.E,2025-Q3,1742476.76343398,1650589.1,1.0556696172499744,1.1570626012868956e-06
Real private consumption,RTD.Q.S0.S.G_FCHI_TO_C.E,2025-Q4,1751879.6559103,1659496.2,1.0556695796653828,-3.5794730957050547e-06
Real private consumption,RTD.Q.S0.S.G_FCHI_TO_C.E,2026-Q1,1752969.82146384,1660528.9,1.0556695649583938,-1.3940101517562198e-06
Real private consumption,RTD.Q.S0.S.G_FCHI_TO_C.E,2026-Q2,1759904.16996511,1667097.5,1.0556696113845232,4.415186327655363e-06
Nominal private consumption,RTD.Q.S0.S.G_FCHI_TO_U.E,1995-Q1,791431.0858874,791431.1,0.9999999821682519,
Nominal private consumption,RTD.Q.S0.S.G_FCHI_TO_U.E,1995-Q2,801707.303331012,801707.3,1.000000004154898,2.2272128141764824e-06
Nominal private consumption,RTD.Q.S0.S.G_FCHI_TO_U.E,1995-Q3,814394.492749759,814394.5,0.9999999910973846,-1.3264151332847973e-06
Nominal private consumption,RTD.Q.S0.S.G_FCHI_TO_U.E,1995-Q4,823421.795301381,823421.8,0.9999999942937884,3.231835021821894e-07
Nominal private consumption,RTD.Q.S0.S.G_FCHI_TO_U.E,1996-Q1,836372.70104612,836372.7,1.0000000012507821,7.066414564604884e-07
Nominal private consumption,RTD.Q.S0.S.G_FCHI_TO_U.E,1996-Q2,844464.349251588,844464.3,1.0000000583228774,5.762424692967727e-06
Nominal private consumption,RTD.Q.S0.S.G_FCHI_TO_U.E,1996-Q3,852816.749084187,852816.7,1.0000000575553774,-7.750911024118068e-08
Nominal private consumption,RTD.Q.S0.S.G_FCHI_TO_U.E,1996-Q4,853133.601900888,853133.6,1.0000000022281248,-5.534780855853683e-06
Nominal private consumption,RTD.Q.S0.S.G_FCHI_TO_U.E,1997-Q1,853572.090272558,853572.1,0.9999999886038426,-1.3631284767612328e-06
Nominal private consumption,RTD.Q.S0.S.G_FCHI_TO_U.E,1997-Q2,856893.285594627,856893.3,0.9999999831888369,-5.436075367626358e-07
Nominal private consumption,RTD.Q.S0.S.G_FCHI_TO_U.E,1997-Q3,865418.41101052,865418.4,1.0000000127227708,2.9827762926259993e-06
Nominal private consumption,RTD.Q.S0.S.G_FCHI_TO_U.E,1997-Q4,879147.509333968,879147.5,1.0000000106170672,-2.1391088900202249e-07
Nominal private consumption,RTD.Q.S0.S.G_FCHI_TO_U.E,1998-Q1,879958.768286446,879958.8,0.9999999639601831,-4.66999396930845e-06
Nominal private consumption,RTD.Q.S0.S.G_FCHI_TO_U.E,1998-Q2,887651.40384935,887651.4,1.000000004336556,4.07293447857171e-06
Nominal private consumption,RTD.Q.S0.S.G_FCHI_TO_U.E,1998-Q3,900868.554372859,900868.6,0.9999999493520575,-5.580322182119346e-06
Nominal private consumption,RTD.Q.S0.S.G_FCHI_TO_U.E,1998-Q4,915719.269893391,915719.3,0.9999999671224479,1.8063333939721815e-06
Nominal private consumption,RTD.Q.S0.S.G_FCHI_TO_U.E,1999-Q1,923222.543307076,923222.5,1.000000046908601,8.04399058473848e-06
Nominal private consumption,RTD.Q.S0.S.G_FCHI_TO_U.E,1999-Q2,934523.297639135,934523.3,0.9999999974737227,-5.0039988819250425e-06
Nominal private consumption,RTD.Q.S0.S.G_FCHI_TO_U.E,1999-Q3,947931.196980324,947931.2,0.9999999968144566,-6.687248532699641e-08
Nominal private consumption,RTD.Q.S0.S.G_FCHI_TO_U.E,1999-Q4,960043.56310461,960043.6,0.9999999615690475,-3.569576523254625e-06
Nominal private consumption,RTD.Q.S0.S.G_FCHI_TO_U.E,2000-Q1,975968.14011435,975968.1,1.000000041102112,8.085230374099694e-06
Nominal private consumption,RTD.Q.S0.S.G_FCHI_TO_U.E,2000-Q2,988339.491639627,988339.5,0.9999999915409907,-5.018935733680507e-06
Nominal private consumption,RTD.Q.S0.S.G_FCHI_TO_U.E,2000-Q3,999505.135636463,999505.1,1.000000035654108,4.461147828926926e-06
Nominal private consumption,RTD.Q.S0.S.G_FCHI_TO_U.E,2000-Q4,1009728.87881628,1009728.9,0.9999999790203886,-5.721301610250862e-06
Nominal private consumption,RTD.Q.S0.S.G_FCHI_TO_U.E,2001-Q1,1023340.90214105,1023340.9,1.0000000020922157,2.338285520764316e-06
Nominal private consumption,RTD.Q.S0.S.G_FCHI_TO_U.E,2001-Q2,1034244.10139278,1034244.1,1.0000000013466646,-7.534946000475884e-08
Nominal private consumption,RTD.Q.S0.S.G_FCHI_TO_U.E,2001-Q3,1041607.20064525,1041607.2,1.0000000006194754,-7.323663897551569e-08
Nominal private consumption,RTD.Q.S0.S.G_FCHI_TO_U.E,2001-Q4,1049466.26473596,1049466.3,0.9999999663981205,-3.4479560762079586e-06
Nominal private consumption,RTD.Q.S0.S.G_FCHI_TO_U.E,2002-Q1,1056932.4424552,1056932.4,1.0000000401683211,7.429501813760453e-06
Nominal private consumption,RTD.Q.S0.S.G_FCHI_TO_U.E,2002-Q2,1062275.73316799,1062275.7,1.0000000312235233,-8.99001761922591e-07
Nominal private consumption,RTD.Q.S0.S.G_FCHI_TO_U.E,2002-Q3,1071837.83121257,1071837.8,1.0000000291206095,-2.1218433676750692e-07
Nominal private consumption,RTD.Q.S0.S.G_FCHI_TO_U.E,2002-Q4,1084150.50540373,1084150.5,1.0000000049842988,-2.4413574939430305e-06
Nominal private consumption,RTD.Q.S0.S.G_FCHI_TO_U.E,2003-Q1,1095119.71274758,1095119.7,1.0000000116403531,6.723398504604461e-07
Nominal private consumption,RTD.Q.S0.S.G_FCHI_TO_U.E,2003-Q2,1100463.05010509,1100463.1,0.999999954660079,-5.725829632652335e-06
Nominal private consumption,RTD.Q.S0.S.G_FCHI_TO_U.E,2003-Q3,1111983.58359562,1111983.6,0.9999999852476421,3.0907778780786543e-06
Nominal private consumption,RTD.Q.S0.S.G_FCHI_TO_U.E,2003-Q4,1120989.08701669,1120989.1,0.9999999884179872,3.196020559315116e-07
Nominal private consumption,RTD.Q.S0.S.G_FCHI_TO_U.E,2004-Q1,1132814.71654095,1132814.7,1.000000014601638,2.6459868740502657e-06
Nominal private consumption,RTD.Q.S0.S.G_FCHI_TO_U.E,2004-Q2,1143645.81784512,1143645.8,1.0000000156037123,1.0116556481420957e-07
Nominal private consumption,RTD.Q.S0.S.G_FCHI_TO_U.E,2004-Q3,1150885.92461085,1150885.9,1.000000021384266,5.817148318598697e-07
Nominal private consumption,RTD.Q.S0.S.G_FCHI_TO_U.E,2004-Q4,1165411.11554534,1165411.1,1.0000000133389326,-8.146872287895235e-07
Nominal private consumption,RTD.Q.S0.S.G_FCHI_TO_U.E,2005-Q1,1176355.9544831,1176356.0,0.9999999613068663,-5.25207219936874e-06
Nominal private consumption,RTD.Q.S0.S.G_FCHI_TO_U.E,2005-Q2,1189321.88986927,1189321.9,0.9999999914819276,3.0507654846800847e-06
Nominal private consumption,RTD.Q.S0.S.G_FCHI_TO_U.E,2005-Q3,1203837.06200955,1203837.1,0.9999999684422002,-2.3320918307589977e-06
Nominal private consumption,RTD.Q.S0.S.G_FCHI_TO_U.E,2005-Q4,1214531.63610292,1214531.6,1.000000029725797,6.182802247955976e-06
Nominal private consumption,RTD.Q.S0.S.G_FCHI_TO_U.E,2006-Q1,1230435.03339185,1230435.0,1.0000000271382479,-2.621431072213909e-07
Nominal private consumption,RTD.Q.S0.S.G_FCHI_TO_U.E,2006-Q2,1247088.42187795,1247088.4,1.000000017543223,-9.72488911621383e-07
Nominal private consumption,RTD.Q.S0.S.G_FCHI_TO_U.E,2006-Q3,1257028.00470068,1257028.0,1.000000003739519,-1.391372284054171e-06
Nominal private consumption,RTD.Q.S0.S.G_FCHI_TO_U.E,2006-Q4,1270045.17808602,1270045.2,0.9999999827455118,-2.1211411294075333e-06
Nominal private consumption,RTD.Q.S0.S.G_FCHI_TO_U.E,2007-Q1,1281964.27763594,1281964.3,0.9999999825548495,-1.9245161020364776e-08
Nominal private consumption,RTD.Q.S0.S.G_FCHI_TO_U.E,2007-Q2,1300789.37327694,1300789.4,0.999999979456275,-3.144075888528164e-07
Nominal private consumption,RTD.Q.S0.S.G_FCHI_TO_U.E,2007-Q3,1312353.2172947,1312353.2,1.0000000131783884,3.4021897965530457e-06
Nominal private consumption,RTD.Q.S0.S.G_FCHI_TO_U.E,2007-Q4,1330156.79201046,1330156.8,0.9999999939935352,-1.9445117516170285e-06
Nominal private consumption,RTD.Q.S0.S.G_FCHI_TO_U.E,2008-Q1,1344921.6606681,1344921.7,0.9999999707552492,-2.3496234069497746e-06
Nominal private consumption,RTD.Q.S0.S.G_FCHI_TO_U.E,2008-Q2,1351024.43003153,1351024.4,1.0000000222287104,5.170702799262017e-06
Nominal private consumption,RTD.Q.S0.S.G_FCHI_TO_U.E,2008-Q3,1352942.24091556,1352942.2,1.0000000302419128,8.02457700288528e-07
Nominal private consumption,RTD.Q.S0.S.G_FCHI_TO_U.E,2008-Q4,1337003.43394682,1337003.4,1.0000000253902273,-4.794528551954613e-07
Nominal private consumption,RTD.Q.S0.S.G_FCHI_TO_U.E,2009-Q1,1320739.5113119,1320739.5,1.000000008564823,-1.6620732012917472e-06
Nominal private consumption,RTD.Q.S0.S.G_FCHI_TO_U.E,2009-Q2,1321467.68018371,1321467.7,0.9999999850043327,-2.35734805009713e-06
Nominal private consumption,RTD.Q.S0.S.G_FCHI_TO_U.E,2009-Q3,1324306.35895508,1324306.4,0.9999999690064777,-1.6032220884198978e-06
Nominal private consumption,RTD.Q.S0.S.G_FCHI_TO_U.E,2009-Q4,1332536.09396259,1332536.1,0.9999999954692333,2.662720510748784e-06
Nominal private consumption,RTD.Q.S0.S.G_FCHI_TO_U.E,2010-Q1,1340393.07104433,1340393.1,0.9999999783976282,-1.7172264055176356e-06
Nominal private consumption,RTD.Q.S0.S.G_FCHI_TO_U.E,2010-Q2,1351558.7536829,1351558.8,0.9999999657306067,-1.2772540136651855e-06
Nominal private consumption,RTD.Q.S0.S.G_FCHI_TO_U.E,2010-Q3,1361009.06559964,1361009.1,0.9999999747243716,9.056650984717862e-07
Nominal private consumption,RTD.Q.S0.S.G_FCHI_TO_U.E,2010-Q4,1374194.43957929,1374194.4,1.0000000288018132,5.460133878365525e-06
Nominal private consumption,RTD.Q.S0.S.G_FCHI_TO_U.E,2011-Q1,1383275.64936583,1383275.6,1.0000000356876315,6.93132240492389e-07
Nominal private consumption,RTD.Q.S0.S.G_FCHI_TO_U.E,2011-Q2,1388785.14766184,1388785.1,1.0000000343190893,-1.3739929194400702e-07
Nominal private consumption,RTD.Q.S0.S.G_FCHI_TO_U.E,2011-Q3,1391596.83930523,1391596.8,1.000000028244697,-6.086690262918637e-07
Nominal private consumption,RTD.Q.S0.S.G_FCHI_TO_U.E,2011-Q4,1393160.64640698,1393160.6,1.0000000333105745,5.071570052805896e-07
Nominal private consumption,RTD.Q.S0.S.G_FCHI_TO_U.E,2012-Q1,1400195.74285761,1400195.7,1.0000000306083001,-2.7159201554383117e-07
Nominal private consumption,RTD.Q.S0.S.G_FCHI_TO_U.E,2012-Q2,1398779.06770122,1398779.1,0.9999999769093061,-5.3644664155250155e-06
Nominal private consumption,RTD.Q.S0.S.G_FCHI_TO_U.E,2012-Q3,1400165.44160657,1400165.4,1.000000029715468,5.2858498245100805e-06
Nominal private consumption,RTD.Q.S0.S.G_FCHI_TO_U.E,2012-Q4,1400165.52599965,1400165.5,1.0000000185689835,-1.1146485068280754e-06
Nominal private consumption,RTD.Q.S0.S.G_FCHI_TO_U.E,2013-Q1,1399010.61788909,1399010.6,1.0000000127869582,-5.777256006922471e-07
Nominal private consumption,RTD.Q.S0.S.G_FCHI_TO_U.E,2013-Q2,1403796.95982918,1403797.0,0.9999999713841674,-4.154444033233062e-06
Nominal private consumption,RTD.Q.S0.S.G_FCHI_TO_U.E,2013-Q3,1411030.39294497,1411030.4,0.9999999950000865,2.373760632501387e-06
Nominal private consumption,RTD.Q.S0.S.G_FCHI_TO_U.E,2013-Q4,1414556.95198008,1414557.0,0.9999999660530329,-2.9019401326380034e-06
Nominal private consumption,RTD.Q.S0.S.G_FCHI_TO_U.E,2014-Q1,1418519.6980462,1418519.7,0.9999999986226487,3.2660856463806454e-06
Nominal private consumption,RTD.Q.S0.S.G_FCHI_TO_U.E,2014-Q2,1423689.44134396,1423689.4,1.000000029040014,3.0528219285841374e-06
Nominal private consumption,RTD.Q.S0.S.G_FCHI_TO_U.E,2014-Q3,1431475.81156553,1431475.8,1.000000008079445,-2.107520513661143e-06
Nominal private consumption,RTD.Q.S0.S.G_FCHI_TO_U.E,2014-Q4,1440336.18485989,1440336.2,0.9999999894884889,-1.8706028281911813e-06
Nominal private consumption,RTD.Q.S0.S.G_FCHI_TO_U.E,2015-Q1,1444097.6757453,1444097.7,0.9999999832042528,-6.300647781287694e-07
Nominal private consumption,RTD.Q.S0.S.G_FCHI_TO_U.E,2015-Q2,1461739.05886857,1461739.1,0.9999999718613054,-1.1481515294065048e-06
Nominal private consumption,RTD.Q.S0.S.G_FCHI_TO_U.E,2015-Q3,1468733.81804833,1468733.8,1.00000001228836,4.0620507180122445e-06
Nominal private consumption,RTD.Q.S0.S.G_FCHI_TO_U.E,2015-Q4,1474038.45598436,1474038.5,0.9999999701394231,-4.2301168123870525e-06
Nominal private consumption,RTD.Q.S0.S.G_FCHI_TO_U.E,2016-Q1,1481824.21675525,1481824.2,1.000000011307178,4.13851992675518e-06
Nominal private consumption,RTD.Q.S0.S.G_FCHI_TO_U.E,2016-Q2,1489226.98701263,1489227.0,0.99999999127912,-2.0128112510064966e-06
Nominal private consumption,RTD.Q.S0.S.G_FCHI_TO_U.E,2016-Q3,1499922.19387578,1499922.2,0.999999995916975,4.67116256785971e-07
Nominal private consumption,RTD.Q.S0.S.G_FCHI_TO_U.E,2016-Q4,1516222.28730267,1516222.3,0.9999999916256805,-4.3379293490630744e-07
Nominal private consumption,RTD.Q.S0.S.G_FCHI_TO_U.E,2017-Q1,1531121.85792348,1531121.9,0.9999999725191574,-1.9294279063331032e-06
Nominal private consumption,RTD.Q.S0.S.G_FCHI_TO_U.E,2017-Q2,1544106.24616037,1544106.2,1.0000000298945566,5.78619585578366e-06
Nominal private consumption,RTD.Q.S0.S.G_FCHI_TO_U.E,2017-Q3,1553465.90316362,1553465.9,1.0000000020364914,-2.8026927667568202e-06
Nominal private consumption,RTD.Q.S0.S.G_FCHI_TO_U.E,2017-Q4,1566191.46218505,1566191.5,0.9999999758554748,-2.63954849089032e-06
Nominal private consumption,RTD.Q.S0.S.G_FCHI_TO_U.E,2018-Q1,1581097.35192487,1581097.4,0.9999999695938214,-6.321247525420404e-07
Nominal private consumption,RTD.Q.S0.S.G_FCHI_TO_U.E,2018-Q2,1594462.83115285,1594462.8,1.000000019538148,5.03665196216474e-06
Nominal private consumption,RTD.Q.S0.S.G_FCHI_TO_U.E,2018-Q3,1604053.24667123,1604053.2,1.0000000290958118,9.615151341790806e-07
Nominal private consumption,RTD.Q.S0.S.G_FCHI_TO_U.E,2018-Q4,1615942.15504033,1615942.2,0.999999972177427,-5.734025365633499e-06
Nominal private consumption,RTD.Q.S0.S.G_FCHI_TO_U.E,2019-Q1,1623602.84562122,1623602.8,1.0000000280987567,5.618643417193425e-06
Nominal private consumption,RTD.Q.S0.S.G_FCHI_TO_U.E,2019-Q2,1638150.90498373,1638150.9,1.00000000304229,-2.5280981530428903e-06
Nominal private consumption,RTD.Q.S0.S.G_FCHI_TO_U.E,2019-Q3,1650615.80154697,1650615.8,1.0000000009372076,-2.121100184382385e-07
Nominal private consumption,RTD.Q.S0.S.G_FCHI_TO_U.E,2019-Q4,1655751.32337436,1655751.3,1.0000000141170717,1.3220870176411381e-06
Nominal private consumption,RTD.Q.S0.S.G_FCHI_TO_U.E,2020-Q1,1582287.59794926,1582287.6,0.9999999987039396,-1.4729269803837042e-06
Nominal private consumption,RTD.Q.S0.S.G_FCHI_TO_U.E,2020-Q2,1394293.88429625,1394293.9,0.9999999887371308,-8.782638953874766e-07
Nominal private consumption,RTD.Q.S0.S.G_FCHI_TO_U.E,2020-Q3,1577059.16615899,1577059.2,0.9999999785416996,-1.153185747782004e-06
Nominal private consumption,RTD.Q.S0.S.G_FCHI_TO_U.E,2020-Q4,1541697.38918011,1541697.4,0.999999992981833,1.411634797943151e-06
Nominal private consumption,RTD.Q.S0.S.G_FCHI_TO_U.E,2021-Q1,1541154.69791222,1541154.7,0.9999999986453144,5.66148783409659e-07
Nominal private consumption,RTD.Q.S0.S.G_FCHI_TO_U.E,2021-Q2,1604360.66682688,1604360.7,0.9999999793231535,-2.0114603316301327e-06
Nominal private consumption,RTD.Q.S0.S.G_FCHI_TO_U.E,2021-Q3,1678341.58644461,1678341.6,0.9999999919233427,1.3181214120194795e-06
Nominal private consumption,RTD.Q.S0.S.G_FCHI_TO_U.E,2021-Q4,1710918.11032044,1710918.1,1.0000000060321064,1.4382613988672688e-06
Nominal private consumption,RTD.Q.S0.S.G_FCHI_TO_U.E,2022-Q1,1765851.70361131,1765851.7,1.0000000020450812,-4.1150391982824885e-07
Nominal private consumption,RTD.Q.S0.S.G_FCHI_TO_U.E,2022-Q2,1819469.29441963,1819469.3,0.9999999969329683,-5.267335012604235e-07
Nominal private consumption,RTD.Q.S0.S.G_FCHI_TO_U.E,2022-Q3,1866332.35260238,1866332.4,0.9999999746038702,-2.2904216745445183e-06
Nominal private consumption,RTD.Q.S0.S.G_FCHI_TO_U.E,2022-Q4,1895336.31511153,1895336.3,1.0000000079730071,3.3887713746239e-06
Nominal private consumption,RTD.Q.S0.S.G_FCHI_TO_U.E,2023-Q1,1935648.47447736,1935648.5,0.9999999868144243,-2.1608608014034303e-06
Nominal private consumption,RTD.Q.S0.S.G_FCHI_TO_U.E,2023-Q2,1960086.0320452,1960086.0,1.0000000163488745,2.990732195229384e-06
Nominal private consumption,RTD.Q.S0.S.G_FCHI_TO_U.E,2023-Q3,1974549.86327033,1974549.9,0.9999999813984595,-3.520832114745076e-06
Nominal private consumption,RTD.Q.S0.S.G_FCHI_TO_U.E,2023-Q4,1991382.83924262,1991382.8,1.0000000197062162,3.863432840311987e-06
Nominal private consumption,RTD.Q.S0.S.G_FCHI_TO_U.E,2024-Q1,2021026.87423347,2021026.9,0.9999999872507734,-3.293857986363946e-06
Nominal private consumption,RTD.Q.S0.S.G_FCHI_TO_U.E,2024-Q2,2031044.81495383,2031044.8,1.0000000073626294,2.021154732467778e-06
Nominal private consumption,RTD.Q.S0.S.G_FCHI_TO_U.E,2024-Q3,2049221.73500324,2049221.7,1.0000000170812362,9.805583678357266e-07
Nominal private consumption,RTD.Q.S0.S.G_FCHI_TO_U.E,2024-Q4,2069801.13185199,2069801.1,1.0000000153889135,-1.7093180204597047e-07
Nominal private consumption,RTD.Q.S0.S.G_FCHI_TO_U.E,2025-Q1,2096165.16758241,2096165.2,0.9999999845348114,-3.124710579172074e-06
Nominal private consumption,RTD.Q.S0.S.G_FCHI_TO_U.E,2025-Q2,2102500.75584643,2102500.8,0.9999999789994992,-5.552042603440555e-07
Nominal private consumption,RTD.Q.S0.S.G_FCHI_TO_U.E,2025-Q3,2119392.49489109,2119392.5,0.9999999975894459,1.8739300555736804e-06
Nominal private consumption,RTD.Q.S0.S.G_FCHI_TO_U.E,2025-Q4,2144248.29426177,2144248.3,0.9999999973238967,-2.686635358628564e-08
Nominal private consumption,RTD.Q.S0.S.G_FCHI_TO_U.E,2026-Q1,2162551.24443719,2162551.2,1.000000020548503,2.3422847217347e-06
Nominal private consumption,RTD.Q.S0.S.G_FCHI_TO_U.E,2026-Q2,2192856.68021485,2192856.7,0.9999999909774542,-2.998544990084895e-06
Real government consumption,RTD.Q.S0.S.G_FCGG_TO_C.E,1995-Q1,445021.860120225,405995.4,1.0961253751156417,
Real government consumption,RTD.Q.S0.S.G_FCGG_TO_C.E,1995-Q2,448520.158006101,409186.9,1.0961254087217869,3.090004252470635e-06
Real government consumption,RTD.Q.S0.S.G_FCGG_TO_C.E,1995-Q3,451799.035471638,412178.3,1.096125233840884,-1.6071097785896882e-05
Real government consumption,RTD.Q.S0.S.G_FCGG_TO_C.E,1995-Q4,454775.244368718,414893.5,1.096125257129162,2.1385958115516246e-06
Real government consumption,RTD.Q.S0.S.G_FCGG_TO_C.E,1996-Q1,454492.276913903,414635.3,1.0961253827493775,1.145325662088581e-05
Real government consumption,RTD.Q.S0.S.G_FCGG_TO_C.E,1996-Q2,456096.969530566,416099.3,1.096125298770188,-7.68850956234246e-06
Real government consumption,RTD.Q.S0.S.G_FCGG_TO_C.E,1996-Q3,460128.118837098,419776.9,1.096125391456981,8.530592676692095e-06
Real government consumption,RTD.Q.S0.S.G_FCGG_TO_C.E,1996-Q4,461025.585842259,420595.7,1.0961252952473337,-8.794368855369328e-06
Real government consumption,RTD.Q.S0.S.G_FCGG_TO_C.E,1997-Q1,461708.469388899,421218.7,1.0961252892829758,-5.44937006630164e-07
Real government consumption,RTD.Q.S0.S.G_FCGG_TO_C.E,1997-Q2,465161.980049142,424369.3,1.0961254267194682,1.2632176349391955e-05
Real government consumption,RTD.Q.S0.S.G_FCGG_TO_C.E,1997-Q3,466290.487224821,425398.9,1.0961252772981336,-1.3664846676419984e-05
Real government consumption,RTD.Q.S0.S.G_FCGG_TO_C.E,1997-Q4,464416.931577475,423689.6,1.096125398351706,1.0999396538036166e-05
Real government consumption,RTD.Q.S0.S.G_FCGG_TO_C.E,1998-Q1,470632.69322854,429360.3,1.096125313002949,-7.89061844752581e-06
Real government consumption,RTD.Q.S0.S.G_FCGG_TO_C.E,1998-Q2,472974.223759991,431496.5,1.0961252843533864,-2.6267163555360185e-06
Real government consumption,RTD.Q.S0.S.G_FCGG_TO_C.E,1998-Q3,474215.889079884,432629.3,1.0961252256374776,-5.370741407162427e-06
Real government consumption,RTD.Q.S0.S.G_FCGG_TO_C.E,1998-Q4,475756.54721074,434034.8,1.0961253503422768,1.141383572100807e-05
Real government consumption,RTD.Q.S0.S.G_FCGG_TO_C.E,1999-Q1,482582.666507429,440262.3,1.0961253473382322,-2.779924956897162e-07
Real government consumption,RTD.Q.S0.S.G_FCGG_TO_C.E,1999-Q2,481208.861702521,439009.0,1.0961252769362837,-6.404517016722622e-06
Real government consumption,RTD.Q.S0.S.G_FCGG_TO_C.E,1999-Q3,483355.236274505,440967.1,1.0961253941042426,1.0736962519075632e-05
Real government consumption,RTD.Q.S0.S.G_FCGG_TO_C.E,1999-Q4,488064.869392734,445263.8,1.0961251945312736,-1.838453627112102e-05
Real government consumption,RTD.Q.S0.S.G_FCGG_TO_C.E,2000-Q1,492936.918659198,449708.5,1.0961254204872668,2.0819841206609624e-05
Real government consumption,RTD.Q.S0.S.G_FCGG_TO_C.E,2000-Q2,493740.666343587,450441.8,1.0961253292735864,-8.335032886108706e-06
Real government consumption,RTD.Q.S0.S.G_FCGG_TO_C.E,2000-Q3,497332.864836333,453719.0,1.0961252776197008,-4.746692128243524e-06
Real government consumption,RTD.Q.S0.S.G_FCGG_TO_C.E,2000-Q4,500630.764474818,456727.7,1.096125250285494,-2.510248209297572e-06
Real government consumption,RTD.Q.S0.S.G_FCGG_TO_C.E,2001-Q1,504755.687019043,460490.9,1.0961252155450694,-3.1954986434712396e-06
Real government consumption,RTD.Q.S0.S.G_FCGG_TO_C.E,2001-Q2,504663.042129118,460406.3,1.096125405167388,1.7296151855195063e-05
Real government consumption,RTD.Q.S0.S.G_FCGG_TO_C.E,2001-Q3,506221.25451,461827.9,1.0961253196482932,-7.826034531532855e-06
Real government consumption,RTD.Q.S0.S.G_FCGG_TO_C.E,2001-Q4,511785.939724286,466904.6,1.0961252892438542,-2.8043019462131724e-06
Real government consumption,RTD.Q.S0.S.G_FCGG_TO_C.E,2002-Q1,512251.068806271,467328.9,1.0961253815166812,8.42574121584505e-06
Real government consumption,RTD.Q.S0.S.G_FCGG_TO_C.E,2002-Q2,516397.064379242,471111.3,1.0961254047169788,2.133704168905126e-06
Real government consumption,RTD.Q.S0.S.G_FCGG_TO_C.E,2002-Q3,518968.399278034,473457.2,1.096125265975539,-1.272046998845866e-05
Real government consumption,RTD.Q.S0.S.G_FCGG_TO_C.E,2002-Q4,521668.78069186,475920.8,1.0961251970745134,-6.3185795706743875e-06
Real government consumption,RTD.Q.S0.S.G_FCGG_TO_C.E,2003-Q1,522726.435761308,476885.7,1.0961252051829358,7.412348512758626e-07
Real government consumption,RTD.Q.S0.S.G_FCGG_TO_C.E,2003-Q2,524988.059357772,478948.9,1.096125409950356,1.8761846320991538e-05
Real government consumption,RTD.Q.S0.S.G_FCGG_TO_C.E,2003-Q3,529442.852273785,483013.1,1.0961252443749145,-1.5233700212391454e-05
Real government consumption,RTD.Q.S0.S.G_FCGG_TO_C.E,2003-Q4,531125.718067847,484548.4,1.096125212812274,-2.888626582375764e-06
Real government consumption,RTD.Q.S0.S.G_FCGG_TO_C.E,2004-Q1,530794.02416303,484245.8,1.0961251995640025,-1.2078910427426592e-06
Real government consumption,RTD.Q.S0.S.G_FCGG_TO_C.E,2004-Q2,533468.50263527,486685.7,1.0961252870903542,8.025302067338203e-06
Real government consumption,RTD.Q.S0.S.G_FCGG_TO_C.E,2004-Q3,536319.956716843,489287.1,1.0961252743365664,-1.169753027774334e-06
Real government consumption,RTD.Q.S0.S.G_FCGG_TO_C.E,2004-Q4,535843.837359433,488852.7,1.0961253509685698,6.984965084111394e-06
Real government consumption,RTD.Q.S0.S.G_FCGG_TO_C.E,2005-Q1,539330.572173752,492033.7,1.0961252698214614,-7.451258943191874e-06
Real government consumption,RTD.Q.S0.S.G_FCGG_TO_C.E,2005-Q2,542123.025373923,494581.3,1.0961251979683078,-6.589136236634374e-06
Real government consumption,RTD.Q.S0.S.G_FCGG_TO_C.E,2005-Q3,543398.731649922,495745.1,1.0961252701235413,6.598244639555162e-06
Real government consumption,RTD.Q.S0.S.G_FCGG_TO_C.E,2005-Q4,544073.630093191,496360.8,1.096125298559417,2.5974396189454296e-06
Real government consumption,RTD.Q.S0.S.G_FCGG_TO_C.E,2006-Q1,549697.837811089,501491.8,1.0961252762479645,-2.0565250391513246e-06
Real government consumption,RTD.Q.S0.S.G_FCGG_TO_C.E,2006-Q2,551438.795490856,503080.1,1.0961252402765604,-3.2920808967773496e-06
Real government consumption,RTD.Q.S0.S.G_FCGG_TO_C.E,2006-Q3,553332.429388944,504807.6,1.0961253938905515,1.4062396558323087e-05
Real government consumption,RTD.Q.S0.S.G_FCGG_TO_C.E,2006-Q4,558505.014734416,509526.6,1.0961253342502943,-5.491869958795803e-06
Real government consumption,RTD.Q.S0.S.G_FCGG_TO_C.E,2007-Q1,560997.906876175,511800.9,1.096125284023875,-4.602631298311621e-06
Real government consumption,RTD.Q.S0.S.G_FCGG_TO_C.E,2007-Q2,563636.787381593,514208.4,1.0961252040643308,-7.329059337202182e-06
Real government consumption,RTD.Q.S0.S.G_FCGG_TO_C.E,2007-Q3,565997.056283972,516361.6,1.0961253824528625,1.6342614572728564e-05
Real government consumption,RTD.Q.S0.S.G_FCGG_TO_C.E,2007-Q4,569406.820750724,519472.4,1.0961252623829947,-1.1020018875207427e-05
Real government consumption,RTD.Q.S0.S.G_FCGG_TO_C.E,2008-Q1,573148.152054572,522885.6,1.0961253322994018,6.420415266106261e-06
Real government consumption,RTD.Q.S0.S.G_FCGG_TO_C.E,2008-Q2,578916.388332464,528148.0,1.0961253064149898,-2.3852123165468697e-06
Real government consumption,RTD.Q.S0.S.G_FCGG_TO_C.E,2008-Q3,579536.651675169,528713.9,1.0961252421681538,-5.867547714366594e-06
Real government consumption,RTD.Q.S0.S.G_FCGG_TO_C.E,2008-Q4,583786.64938181,532591.2,1.096125225842654,-1.500305013557579e-06
Real government consumption,RTD.Q.S0.S.G_FCGG_TO_C.E,2009-Q1,588341.373818255,536746.5,1.0961252170591798,-8.075722535139107e-07
Real government consumption,RTD.Q.S0.S.G_FCGG_TO_C.E,2009-Q2,591640.584546883,539756.3,1.0961253894523935,1.5815702814059307e-05
Real government consumption,RTD.Q.S0.S.G_FCGG_TO_C.E,2009-Q3,596804.646737771,544467.5,1.0961253825761335,-6.327997237320915e-07
Real government consumption,RTD.Q.S0.S.G_FCGG_TO_C.E,2009-Q4,595057.231347102,542873.4,1.0961252316785128,-1.3726150571713447e-05
Real government consumption,RTD.Q.S0.S.G_FCGG_TO_C.E,2010-Q1,596642.757612049,544319.8,1.0961253983633314,1.5247247242555773e-05
Real government consumption,RTD.Q.S0.S.G_FCGG_TO_C.E,2010-Q2,595328.75285611,543121.1,1.0961252524641558,-1.3281133437459403e-05
Real government consumption,RTD.Q.S0.S.G_FCGG_TO_C.E,2010-Q3,597187.451823603,544816.8,1.0961252513204494,-1.0466663091790451e-07
Real government consumption,RTD.Q.S0.S.G_FCGG_TO_C.E,2010-Q4,595553.180167997,543325.8,1.0961253453599975,8.555791430886472e-06
Real government consumption,RTD.Q.S0.S.G_FCGG_TO_C.E,2011-Q1,596015.234115446,543747.4,1.0961252120294203,-1.2173246166646834e-05
Real government consumption,RTD.Q.S0.S.G_FCGG_TO_C.E,2011-Q2,596838.093263058,544498.1,1.0961252082662143,-3.4379297186859503e-07
Real government consumption,RTD.Q.S0.S.G_FCGG_TO_C.E,2011-Q3,596472.406155152,544164.4,1.0961253734260308,1.505837067261595e-05
Real government consumption,RTD.Q.S0.S.G_FCGG_TO_C.E,2011-Q4,597300.640545049,544920.0,1.096125377202248,3.449843299918598e-07
Real government consumption,RTD.Q.S0.S.G_FCGG_TO_C.E,2012-Q1,596190.876576865,543907.6,1.0961252914591835,-7.80784437104387e-06
Real government consumption,RTD.Q.S0.S.G_FCGG_TO_C.E,2012-Q2,594476.625317396,542343.7,1.0961252528929462,-3.508298551668787e-06
Real government consumption,RTD.Q.S0.S.G_FCGG_TO_C.E,2012-Q3,594465.040281034,542333.1,1.0961253153846482,5.701034688776474e-06
Real government consumption,RTD.Q.S0.S.G_FCGG_TO_C.E,2012-Q4,594460.494060651,542329.0,1.09612521930535,-8.765290859802377e-06
Real government consumption,RTD.Q.S0.S.G_FCGG_TO_C.E,2013-Q1,594964.950374355,542789.2,1.0961252552083849,3.2782295544819817e-06
Real government consumption,RTD.Q.S0.S.G_FCGG_TO_C.E,2013-Q2,596308.000676313,544014.4,1.0961253979238654,1.3049386615726632e-05
Real government consumption,RTD.Q.S0.S.G_FCGG_TO_C.E,2013-Q3,597479.463906653,545083.2,1.096125259238687,-1.2677166960628483e-05
Real government consumption,RTD.Q.S0.S.G_FCGG_TO_C.E,2013-Q4,598448.896799078,545967.6,1.0961252953455076,3.299386075461541e-06
Real government consumption,RTD.Q.S0.S.G_FCGG_TO_C.E,2014-Q1,599382.709028743,546819.5,1.0961253375725317,3.858401331768846e-06
Real government consumption,RTD.Q.S0.S.G_FCGG_TO_C.E,2014-Q2,600598.509837168,547928.7,1.0961252984871355,-3.5730110203857635e-06
Real government consumption,RTD.Q.S0.S.G_FCGG_TO_C.E,2014-Q3,602547.878328285,549707.1,1.0961253335244987,3.206849008563495e-06
Real government consumption,RTD.Q.S0.S.G_FCGG_TO_C.E,2014-Q4,604519.778528215,551506.1,1.0961252804424375,-4.858548430242138e-06
Real government consumption,RTD.Q.S0.S.G_FCGG_TO_C.E,2015-Q1,606058.63226405,552910.0,1.0961252866905102,5.714654749411352e-07
Real government consumption,RTD.Q.S0.S.G_FCGG_TO_C.E,2015-Q2,608412.308000837,555057.3,1.0961252252710432,-5.625086685334679e-06
Real government consumption,RTD.Q.S0.S.G_FCGG_TO_C.E,2015-Q3,611168.420011893,557571.7,1.0961252517154172,2.4234609430351384e-06
Real government consumption,RTD.Q.S0.S.G_FCGG_TO_C.E,2015-Q4,615039.474730725,561103.3,1.096125213896844,-3.472058707210124e-06
Real government consumption,RTD.Q.S0.S.G_FCGG_TO_C.E,2016-Q1,619063.460409472,564774.4,1.0961252146157332,6.601368340852787e-08
Real government consumption,RTD.Q.S0.S.G_FCGG_TO_C.E,2016-Q2,620780.463176302,566340.8,1.096125271526088,5.2063573230398674e-06
Real government consumption,RTD.Q.S0.S.G_FCGG_TO_C.E,2016-Q3,623055.983465782,568416.8,1.0961252085895103,-5.762779320406253e-06
Real government consumption,RTD.Q.S0.S.G_FCGG_TO_C.E,2016-Q4,627059.143853875,572068.9,1.0961252112357007,2.4296424872005673e-07
Real government consumption,RTD.Q.S0.S.G_FCGG_TO_C.E,2017-Q1,626155.550463142,571244.5,1.0961253026736222,8.329901612924573e-06
Real government consumption,RTD.Q.S0.S.G_FCGG_TO_C.E,2017-Q2,628495.407208225,573379.2,1.0961252295308672,-6.697782084508219e-06
Real government consumption,RTD.Q.S0.S.G_FCGG_TO_C.E,2017-Q3,631482.907320569,576104.7,1.0961252482761712,1.7182715250640967e-06
Real government consumption,RTD.Q.S0.S.G_FCGG_TO_C.E,2017-Q4,634382.400002711,578749.9,1.0961252865922066,3.5116392682610353e-06
Real government consumption,RTD.Q.S0.S.G_FCGG_TO_C.E,2018-Q1,633647.657132319,578079.6,1.0961252691364978,-1.590647735749684e-06
Real government consumption,RTD.Q.S0.S.G_FCGG_TO_C.E,2018-Q2,636310.099663776,580508.5,1.0961253791525465,1.0078984868933105e-05
Real government consumption,RTD.Q.S0.S.G_FCGG_TO_C.E,2018-Q3,636835.550894849,580987.9,1.096125325320629,-4.915165230379159e-06
Real government consumption,RTD.Q.S0.S.G_FCGG_TO_C.E,2018-Q4,640215.320846429,584071.3,1.0961252861532982,-3.592216812897675e-06
Real government consumption,RTD.Q.S0.S.G_FCGG_TO_C.E,2019-Q1,645491.898019425,588885.1,1.0961253698207427,7.695928183615308e-06
Real government consumption,RTD.Q.S0.S.G_FCGG_TO_C.E,2019-Q2,647408.894526291,590634.0,1.096125340780062,-2.6572623879062007e-06
Real government consumption,RTD.Q.S0.S.G_FCGG_TO_C.E,2019-Q3,650983.925461735,593895.5,1.0961253713182453,2.8013964481488074e-06
Real government consumption,RTD.Q.S0.S.G_FCGG_TO_C.E,2019-Q4,651160.896830526,594057.0,1.0961252823054453,-8.122885208905473e-06
Real government consumption,RTD.Q.S0.S.G_FCGG_TO_C.E,2020-Q1,651954.501780921,594781.0,1.096125299531964,1.5734983538351344e-06
Real government consumption,RTD.Q.S0.S.G_FCGG_TO_C.E,2020-Q2,634029.479805569,578427.9,1.0961253421654955,3.7825375942546202e-06
Real government consumption,RTD.Q.S0.S.G_FCGG_TO_C.E,2020-Q3,669846.15607047,611103.6,1.096125364128881,2.1169211050775516e-06
Real government consumption,RTD.Q.S0.S.G_FCGG_TO_C.E,2020-Q4,671751.845545268,612842.2,1.0961253085137872,-5.0882245306027585e-06
Real government consumption,RTD.Q.S0.S.G_FCGG_TO_C.E,2021-Q1,674028.994968577,614919.7,1.0961252257304117,-7.5779662767061495e-06
Real government consumption,RTD.Q.S0.S.G_FCGG_TO_C.E,2021-Q2,685054.586049432,624978.4,1.0961252197666864,-5.529731783582292e-07
Real government consumption,RTD.Q.S0.S.G_FCGG_TO_C.E,2021-Q3,689242.810278789,628799.3,1.0961252823894507,5.748031051133751e-06
Real government consumption,RTD.Q.S0.S.G_FCGG_TO_C.E,2021-Q4,690832.292927399,630249.4,1.096125268706958,-1.2511385927282959e-06
Real government consumption,RTD.Q.S0.S.G_FCGG_TO_C.E,2022-Q1,692732.180842992,631982.7,1.0961252275465643,-3.7654083184790466e-06
Real government consumption,RTD.Q.S0.S.G_FCGG_TO_C.E,2022-Q2,693500.823535585,632683.9,1.0961252902683076,5.728481844435862e-06
Real government consumption,RTD.Q.S0.S.G_FCGG_TO_C.E,2022-Q3,691607.569004997,630956.7,1.0961252475883005,-3.883086441280881e-06
Real government consumption,RTD.Q.S0.S.G_FCGG_TO_C.E,2022-Q4,695898.769065168,634871.5,1.0961253876810788,1.2860025866423541e-05
Real government consumption,RTD.Q.S0.S.G_FCGG_TO_C.E,2023-Q1,695656.546847928,634650.6,1.0961252488344422,-1.2662632142834696e-05
Real government consumption,RTD.Q.S0.S.G_FCGG_TO_C.E,2023-Q2,699409.015361855,638074.0,1.096125238392185,-9.577905801805287e-07
Real government consumption,RTD.Q.S0.S.G_FCGG_TO_C.E,2023-Q3,702606.057856958,640990.6,1.0961253688540176,1.1956495615805807e-05
Real government consumption,RTD.Q.S0.S.G_FCGG_TO_C.E,2023-Q4,708927.410106026,646757.6,1.0961253645972246,-3.9184306910300393e-07
Real government consumption,RTD.Q.S0.S.G_FCGG_TO_C.E,2024-Q1,712919.247416843,650399.4,1.0961253153321526,-4.519781970913073e-06
Real government consumption,RTD.Q.S0.S.G_FCGG_TO_C.E,2024-Q2,718958.68872033,655909.2,1.0961253306407808,1.408444227912753e-06
Real government consumption,RTD.Q.S0.S.G_FCGG_TO_C.E,2024-Q3,723542.750267497,660091.3,1.0961252636832162,-6.147516762311511e-06
Real government consumption,RTD.Q.S0.S.G_FCGG_TO_C.E,2024-Q4,726282.098871173,662590.4,1.0961252968216457,3.0346797297298167e-06
Real government consumption,RTD.Q.S0.S.G_FCGG_TO_C.E,2025-Q1,724886.953994084,661317.6,1.096125301963964,4.682348175855111e-07
Real government consumption,RTD.Q.S0.S.G_FCGG_TO_C.E,2025-Q2,728937.253409295,665012.7,1.0961253122072632,9.39722233361806e-07
Real government consumption,RTD.Q.S0.S.G_FCGG_TO_C.E,2025-Q3,733840.9663362,669486.4,1.0961252780283512,-3.1391339305741894e-06
Real government consumption,RTD.Q.S0.S.G_FCGG_TO_C.E,2025-Q4,737863.744254339,673156.4,1.096125275276799,-2.5240143308735696e-07
Real government consumption,RTD.Q.S0.S.G_FCGG_TO_C.E,2026-Q1,741852.164867656,676795.0,1.0961253627282352,8.021358310905669e-06
Real government consumption,RTD.Q.S0.S.G_FCGG_TO_C.E,2026-Q2,743006.760076266,677848.4,1.0961252694205164,-8.525753636412503e-06
Real gross fixed capital formation,RTD.Q.S0.S.G_GFCF_TO_C.E,1995-Q1,436945.984597946,406228.1,1.0756173307507433,
Real gross fixed capital formation,RTD.Q.S0.S.G_GFCF_TO_C.E,1995-Q2,440242.033360002,409292.4,1.0756174152268694,7.912977273427657e-06
Real gross fixed capital formation,RTD.Q.S0.S.G_GFCF_TO_C.E,1995-Q3,440453.699932751,409489.2,1.075617378755657,-3.392353864484221e-06
Real gross fixed capital formation,RTD.Q.S0.S.G_GFCF_TO_C.E,1995-Q4,440440.537695691,409477.0,1.0756172817904082,-9.014577284638392e-06
Real gross fixed capital formation,RTD.Q.S0.S.G_GFCF_TO_C.E,1996-Q1,426055.262584968,396103.0,1.0756173585783697,6.90579983197992e-06
Real gross fixed capital formation,RTD.Q.S0.S.G_GFCF_TO_C.E,1996-Q2,449553.311684205,417949.1,1.0756173698763918,1.1083064910266671e-06
Real gross fixed capital formation,RTD.Q.S0.S.G_GFCF_TO_C.E,1996-Q3,455050.92977252,423060.3,1.0756171868939723,-1.7219892578523854e-05
Real gross fixed capital formation,RTD.Q.S0.S.G_GFCF_TO_C.E,1996-Q4,455479.757167077,423458.9,1.0756173908898288,1.898333910066441e-05
Real gross fixed capital formation,RTD.Q.S0.S.G_GFCF_TO_C.E,1997-Q1,450076.384653634,418435.4,1.0756173704558314,-1.8772092102992133e-06
Real gross fixed capital formation,RTD.Q.S0.S.G_GFCF_TO_C.E,1997-Q2,457071.570310077,424938.8,1.0756174072833005,3.477058818646128e-06
Real gross fixed capital formation,RTD.Q.S0.S.G_GFCF_TO_C.E,1997-Q3,458266.846613275,426050.1,1.0756172727415743,-1.2541037253122056e-05
Real gross fixed capital formation,RTD.Q.S0.S.G_GFCF_TO_C.E,1997-Q4,468403.66805421,435474.3,1.0756172478013284,-2.3699807671917483e-06
Real gross fixed capital formation,RTD.Q.S0.S.G_GFCF_TO_C.E,1998-Q1,477430.303167025,443866.3,1.0756173720938602,1.1778145636576198e-05
Real gross fixed capital formation,RTD.Q.S0.S.G_GFCF_TO_C.E,1998-Q2,479739.469711951,446013.2,1.0756172008181617,-1.6000497193857655e-05
Real gross fixed capital formation,RTD.Q.S0.S.G_GFCF_TO_C.E,1998-Q3,487754.969666028,453465.2,1.0756172020830441,1.1956073908692133e-07
Real gross fixed capital formation,RTD.Q.S0.S.G_GFCF_TO_C.E,1998-Q4,492136.29660949,457538.5,1.0756172357287748,3.1561374402855336e-06
Real gross fixed capital formation,RTD.Q.S0.S.G_GFCF_TO_C.E,1999-Q1,502012.538051229,466720.4,1.075617303317423,6.4098098828679895e-06
Real gross fixed capital formation,RTD.Q.S0.S.G_GFCF_TO_C.E,1999-Q2,508538.714465161,472787.8,1.0756172525288534,-4.783190510337931e-06
Real gross fixed capital formation,RTD.Q.S0.S.G_GFCF_TO_C.E,1999-Q3,517251.954678193,480888.5,1.0756172266090642,-2.4510480978179316e-06
Real gross fixed capital formation,RTD.Q.S0.S.G_GFCF_TO_C.E,1999-Q4,521073.288973758,484441.2,1.07561720385004,-2.1315355036577444e-06
Real gross fixed capital formation,RTD.Q.S0.S.G_GFCF_TO_C.E,2000-Q1,531181.853193284,493839.1,1.0756172469804113,4.087613802994383e-06
Real gross fixed capital formation,RTD.Q.S0.S.G_GFCF_TO_C.E,2000-Q2,536154.621722686,498462.2,1.0756174123588227,1.5519145901699005e-05
Real gross fixed capital formation,RTD.Q.S0.S.G_GFCF_TO_C.E,2000-Q3,542841.287085738,504678.8,1.0756173770044195,-3.327886588522233e-06
Real gross fixed capital formation,RTD.Q.S0.S.G_GFCF_TO_C.E,2000-Q4,541643.202654731,503565.0,1.0756172542864,-1.1383898201877685e-05
Real gross fixed capital formation,RTD.Q.S0.S.G_GFCF_TO_C.E,2001-Q1,546844.485445252,508400.6,1.0756173093526091,5.16865967803426e-06
Real gross fixed capital formation,RTD.Q.S0.S.G_GFCF_TO_C.E,2001-Q2,545546.009712175,507193.4,1.075617328049172,1.7340896052431276e-06
Real gross fixed capital formation,RTD.Q.S0.S.G_GFCF_TO_C.E,2001-Q3,541329.152411685,503273.0,1.0756173138866678,-1.306508690124275e-06
Real gross fixed capital formation,RTD.Q.S0.S.G_GFCF_TO_C.E,2001-Q4,539606.393036159,501671.4,1.0756172128531922,-9.363176700638576e-06
Real gross fixed capital formation,RTD.Q.S0.S.G_GFCF_TO_C.E,2002-Q1,537745.187650234,499941.0,1.0756172981416487,7.901907150831278e-06
Real gross fixed capital formation,RTD.Q.S0.S.G_GFCF_TO_C.E,2002-Q2,532596.971354926,495154.7,1.0756173199101735,2.0044414461573012e-06
Real gross fixed capital formation,RTD.Q.S0.S.G_GFCF_TO_C.E,2002-Q3,534927.348749394,497321.3,1.0756172091350078,-1.0343815737279272e-05
Real gross fixed capital formation,RTD.Q.S0.S.G_GFCF_TO_C.E,2002-Q4,538716.12219064,500843.7,1.0756172478372792,3.623630173699155e-06
Real gross fixed capital formation,RTD.Q.S0.S.G_GFCF_TO_C.E,2003-Q1,538137.722535479,500305.9,1.0756173823564323,1.2492799661423248e-05
Real gross fixed capital formation,RTD.Q.S0.S.G_GFCF_TO_C.E,2003-Q2,538890.066396273,501005.4,1.0756172815627794,-9.383873722512703e-06
Real gross fixed capital formation,RTD.Q.S0.S.G_GFCF_TO_C.E,2003-Q3,543717.542981835,505493.5,1.075617278920174,-2.478835803287893e-07
Real gross fixed capital formation,RTD.Q.S0.S.G_GFCF_TO_C.E,2003-Q4,549039.717236737,510441.5,1.0756173180212365,3.6708039496957667e-06
Real gross fixed capital formation,RTD.Q.S0.S.G_GFCF_TO_C.E,2004-Q1,548820.013599736,510237.2,1.0756174061784127,8.192680656105011e-06
Real gross fixed capital formation,RTD.Q.S0.S.G_GFCF_TO_C.E,2004-Q2,553752.6379339,514823.1,1.075617309972882,-9.024603397911335e-06
Real gross fixed capital formation,RTD.Q.S0.S.G_GFCF_TO_C.E,2004-Q3,554622.357077511,515631.7,1.0756172614629997,-4.517040874674194e-06
Real gross fixed capital formation,RTD.Q.S0.S.G_GFCF_TO_C.E,2004-Q4,556872.753165558,517723.9,1.0756172414786298,-1.8654830125086619e-06
Real gross fixed capital formation,RTD.Q.S0.S.G_GFCF_TO_C.E,2005-Q1,557903.212241236,518681.9,1.0756172757160718,3.1889406226781603e-06
Real gross fixed capital formation,RTD.Q.S0.S.G_GFCF_TO_C.E,2005-Q2,568299.243393391,528347.1,1.0756172285101802,-4.470505876597031e-06
Real gross fixed capital formation,RTD.Q.S0.S.G_GFCF_TO_C.E,2005-Q3,575725.605687796,535251.3,1.0756173888560308,1.5102136052824733e-05
Real gross fixed capital formation,RTD.Q.S0.S.G_GFCF_TO_C.E,2005-Q4,580893.941981995,540056.3,1.0756173791176864,-9.135001421967104e-07
Real gross fixed capital formation,RTD.Q.S0.S.G_GFCF_TO_C.E,2006-Q1,588065.263586325,546723.5,1.0756173158576958,-5.953879167464038e-06
Real gross fixed capital formation,RTD.Q.S0.S.G_GFCF_TO_C.E,2006-Q2,602594.935961891,560231.7,1.0756173489680985,3.1543262890565416e-06
Real gross fixed capital formation,RTD.Q.S0.S.G_GFCF_TO_C.E,2006-Q3,606543.353103528,563902.6,1.075617230889746,-1.1049659742745632e-05
Real gross fixed capital formation,RTD.Q.S0.S.G_GFCF_TO_C.E,2006-Q4,620356.969312673,576745.1,1.0756172342212755,3.1678581979832643e-07
Real gross fixed capital formation,RTD.Q.S0.S.G_GFCF_TO_C.E,2007-Q1,627312.197867204,583211.3,1.0756173583522883,1.1669830923821678e-05
Real gross fixed capital formation,RTD.Q.S0.S.G_GFCF_TO_C.E,2007-Q2,630296.913136904,585986.2,1.0756173321776248,-2.4450332203329594e-06
Real gross fixed capital formation,RTD.Q.S0.S.G_GFCF_TO_C.E,2007-Q3,634569.279040981,589958.2,1.075617355671946,2.1990695486806544e-06
Real gross fixed capital formation,RTD.Q.S0.S.G_GFCF_TO_C.E,2007-Q4,646396.108767316,600953.6,1.075617333463542,-2.1031935970583504e-06
Real gross fixed capital formation,RTD.Q.S0.S.G_GFCF_TO_C.E,2008-Q1,644605.432866205,599288.8,1.0756173532130167,1.8310195359916293e-06
Real gross fixed capital formation,RTD.Q.S0.S.G_GFCF_TO_C.E,2008-Q2,635396.730432846,590727.5,1.0756173200550947,-3.038648965780766e-06
Real gross fixed capital formation,RTD.Q.S0.S.G_GFCF_TO_C.E,2008-Q3,625150.457921565,581201.6,1.0756172349173936,-7.787601929987176e-06
Real gross fixed capital formation,RTD.Q.S0.S.G_GFCF_TO_C.E,2008-Q4,604569.419851471,562067.4,1.0756173011483514,5.954768456106763e-06
Real gross fixed capital formation,RTD.Q.S0.S.G_GFCF_TO_C.E,2009-Q1,570833.404596129,530703.1,1.0756172417235343,-5.216429033616521e-06
Real gross fixed capital formation,RTD.Q.S0.S.G_GFCF_TO_C.E,2009-Q2,557081.565667184,517918.0,1.0756173094335086,6.143336084285522e-06
Real gross fixed capital formation,RTD.Q.S0.S.G_GFCF_TO_C.E,2009-Q3,550846.06931836,512120.9,1.0756172406132223,-6.326597257189093e-06
Real gross fixed capital formation,RTD.Q.S0.S.G_GFCF_TO_C.E,2009-Q4,549242.125589707,510629.7,1.0756172733190157,3.031799711283867e-06
Real gross fixed capital formation,RTD.Q.S0.S.G_GFCF_TO_C.E,2010-Q1,545230.850183598,506900.4,1.075617320845669,4.386276719614557e-06
Real gross fixed capital formation,RTD.Q.S0.S.G_GFCF_TO_C.E,2010-Q2,557199.478639447,518027.6,1.0756173583018493,3.558737571296433e-06
Real gross fixed capital formation,RTD.Q.S0.S.G_GFCF_TO_C.E,2010-Q3,555399.262522302,516354.0,1.075617236474012,-1.1289725398988537e-05
Real gross fixed capital formation,RTD.Q.S0.S.G_GFCF_TO_C.E,2010-Q4,556125.57506962,517029.2,1.0756173443774937,1.0044891030069891e-05
Real gross fixed capital formation,RTD.Q.S0.S.G_GFCF_TO_C.E,2011-Q1,564168.492410052,524506.7,1.075617322734013,-2.0412926904356254e-06
Real gross fixed capital formation,RTD.Q.S0.S.G_GFCF_TO_C.E,2011-Q2,562816.760294309,523250.0,1.0756173154215174,-6.782128525451014e-07
Real gross fixed capital formation,RTD.Q.S0.S.G_GFCF_TO_C.E,2011-Q3,563111.735455882,523524.2,1.0756173935338271,7.265896706520891e-06
Real gross fixed capital formation,RTD.Q.S0.S.G_GFCF_TO_C.E,2011-Q4,561343.498910725,521880.3,1.075617337751061,-5.169831296392147e-06
Real gross fixed capital formation,RTD.Q.S0.S.G_GFCF_TO_C.E,2012-Q1,553229.401796734,514336.7,1.0756172013327727,-1.249946464110252e-05
Real gross fixed capital formation,RTD.Q.S0.S.G_GFCF_TO_C.E,2012-Q2,549977.70724073,511313.6,1.0756172087750648,6.878421721090433e-07
Real gross fixed capital formation,RTD.Q.S0.S.G_GFCF_TO_C.E,2012-Q3,542932.606809273,504763.7,1.0756173766244939,1.5405042375071787e-05
Real gross fixed capital formation,RTD.Q.S0.S.G_GFCF_TO_C.E,2012-Q4,536163.459411405,498470.5,1.0756172319353001,-1.3284023436810344e-05
Real gross fixed capital formation,RTD.Q.S0.S.G_GFCF_TO_C.E,2013-Q1,526281.814404236,489283.5,1.075617335152802,9.419258195642044e-06
Real gross fixed capital formation,RTD.Q.S0.S.G_GFCF_TO_C.E,2013-Q2,532213.589366635,494798.3,1.0756172552869219,-7.508810062617499e-06
Real gross fixed capital formation,RTD.Q.S0.S.G_GFCF_TO_C.E,2013-Q3,535418.086022076,497777.5,1.0756172909022124,3.331085585145388e-06
Real gross fixed capital formation,RTD.Q.S0.S.G_GFCF_TO_C.E,2013-Q4,541394.926136894,503334.2,1.0756172064940035,-7.935021129057418e-06
Real gross fixed capital formation,RTD.Q.S0.S.G_GFCF_TO_C.E,2014-Q1,541951.80826463,503851.9,1.0756172761572003,6.483240300170223e-06
Real gross fixed capital formation,RTD.Q.S0.S.G_GFCF_TO_C.E,2014-Q2,539168.827863103,501264.6,1.0756172046920989,-6.609983571603806e-06
Real gross fixed capital formation,RTD.Q.S0.S.G_GFCF_TO_C.E,2014-Q3,542376.384955654,504246.6,1.0756173367468498,1.2350150035977947e-05
Real gross fixed capital formation,RTD.Q.S0.S.G_GFCF_TO_C.E,2014-Q4,543771.245513226,505543.4,1.0756173367375106,-8.705036691480927e-10
Real gross fixed capital formation,RTD.Q.S0.S.G_GFCF_TO_C.E,2015-Q1,544406.335035951,506133.9,1.0756172132235184,-1.149649215825832e-05
Real gross fixed capital formation,RTD.Q.S0.S.G_GFCF_TO_C.E,2015-Q2,587016.943283315,545748.9,1.0756172724916442,5.941428704581142e-06
Real gross fixed capital formation,RTD.Q.S0.S.G_GFCF_TO_C.E,2015-Q3,557601.64820005,518401.5,1.075617351030138,6.935825869192058e-06
Real gross fixed capital formation,RTD.Q.S0.S.G_GFCF_TO_C.E,2015-Q4,576129.871660428,535627.2,1.075617279444412,-6.876461333682471e-06
Real gross fixed capital formation,RTD.Q.S0.S.G_GFCF_TO_C.E,2016-Q1,578407.00700441,537744.2,1.0756173790519918,9.297104841543558e-06
Real gross fixed capital formation,RTD.Q.S0.S.G_GFCF_TO_C.E,2016-Q2,581342.018725176,540472.9,1.0756173320164175,-4.395080455132927e-06
Real gross fixed capital formation,RTD.Q.S0.S.G_GFCF_TO_C.E,2016-Q3,588549.482092298,547173.7,1.0756172712473169,-5.719740281406871e-06
Real gross fixed capital formation,RTD.Q.S0.S.G_GFCF_TO_C.E,2016-Q4,596550.446606358,554612.2,1.0756172449981412,-2.4735580472778906e-06
Real gross fixed capital formation,RTD.Q.S0.S.G_GFCF_TO_C.E,2017-Q1,590281.172167001,548783.6,1.0756173693364761,1.1438234515104284e-05
Real gross fixed capital formation,RTD.Q.S0.S.G_GFCF_TO_C.E,2017-Q2,636646.948722182,591889.8,1.0756173678312786,-1.5092995742094217e-07
Real gross fixed capital formation,RTD.Q.S0.S.G_GFCF_TO_C.E,2017-Q3,607193.989237119,564507.5,1.0756172225118692,-1.2885304278675846e-05
Real gross fixed capital formation,RTD.Q.S0.S.G_GFCF_TO_C.E,2017-Q4,609684.541684128,566822.9,1.0756173430609948,1.125340602925462e-05
Real gross fixed capital formation,RTD.Q.S0.S.G_GFCF_TO_C.E,2018-Q1,614160.419845128,570984.1,1.0756173768150952,3.1611519180074765e-06
Real gross fixed capital formation,RTD.Q.S0.S.G_GFCF_TO_C.E,2018-Q2,625023.470248678,581083.5,1.075617308439627,-6.469296143229997e-06
Real gross fixed capital formation,RTD.Q.S0.S.G_GFCF_TO_C.E,2018-Q3,628146.713229064,583987.2,1.0756172622089388,-4.319538615682461e-06
Real gross fixed capital formation,RTD.Q.S0.S.G_GFCF_TO_C.E,2018-Q4,654987.794977267,608941.3,1.0756172967365936,3.3471980964705494e-06
Real gross fixed capital formation,RTD.Q.S0.S.G_GFCF_TO_C.E,2019-Q1,643815.870316944,598554.8,1.0756172539539302,-3.909655821310309e-06
Real gross fixed capital formation,RTD.Q.S0.S.G_GFCF_TO_C.E,2019-Q2,691120.367730242,642533.7,1.0756173065011874,5.244260847803162e-06
Real gross fixed capital formation,RTD.Q.S0.S.G_GFCF_TO_C.E,2019-Q3,652453.664106381,606585.3,1.0756173354454535,2.5403919527988705e-06
Real gross fixed capital formation,RTD.Q.S0.S.G_GFCF_TO_C.E,2019-Q4,715447.149430093,665150.3,1.0756172694052653,-6.732531888431481e-06
Real gross fixed capital formation,RTD.Q.S0.S.G_GFCF_TO_C.E,2020-Q1,688457.319026627,640057.9,1.0756172512309075,-1.625926004944489e-06
Real gross fixed capital formation,RTD.Q.S0.S.G_GFCF_TO_C.E,2020-Q2,560285.471893904,520896.7,1.075617242140148,-6.87819913025578e-07
Real gross fixed capital formation,RTD.Q.S0.S.G_GFCF_TO_C.E,2020-Q3,632129.798555612,587690.2,1.0756173891543743,1.542049978731086e-05
Real gross fixed capital formation,RTD.Q.S0.S.G_GFCF_TO_C.E,2020-Q4,661187.796560904,614705.4,1.0756173551768116,-3.3040985059074046e-06
Real gross fixed capital formation,RTD.Q.S0.S.G_GFCF_TO_C.E,2021-Q1,649168.262423917,603530.9,1.0756172756422528,-7.259898637812512e-06
Real gross fixed capital formation,RTD.Q.S0.S.G_GFCF_TO_C.E,2021-Q2,659167.585357406,612827.2,1.0756173769007087,9.55899102095259e-06
Real gross fixed capital formation,RTD.Q.S0.S.G_GFCF_TO_C.E,2021-Q3,653177.915142224,607258.7,1.0756172207038353,-1.4389650282442545e-05
Real gross fixed capital formation,RTD.Q.S0.S.G_GFCF_TO_C.E,2021-Q4,672500.360910489,625222.7,1.0756173134956377,8.882042679125846e-06
Real gross fixed capital formation,RTD.Q.S0.S.G_GFCF_TO_C.E,2022-Q1,670474.761306202,623339.5,1.0756173181808661,4.342730730577671e-07
Real gross fixed capital formation,RTD.Q.S0.S.G_GFCF_TO_C.E,2022-Q2,671378.562084418,624179.8,1.07561725336901,-6.033672517169464e-06
Real gross fixed capital formation,RTD.Q.S0.S.G_GFCF_TO_C.E,2022-Q3,678747.901779936,631031.0,1.0756173655175991,1.0540884143317442e-05
Real gross fixed capital formation,RTD.Q.S0.S.G_GFCF_TO_C.E,2022-Q4,678201.715601177,630523.2,1.0756173850560566,1.8150259961657866e-06
Real gross fixed capital formation,RTD.Q.S0.S.G_GFCF_TO_C.E,2023-Q1,691930.622396857,643287.0,1.0756172942976572,-8.60860378537609e-06
Real gross fixed capital formation,RTD.Q.S0.S.G_GFCF_TO_C.E,2023-Q2,691848.324286657,643210.5,1.0756172734845857,-1.9347584534479267e-06
Real gross fixed capital formation,RTD.Q.S0.S.G_GFCF_TO_C.E,2023-Q3,692696.707283983,643999.2,1.0756173412699628,6.3097252978039364e-06
Real gross fixed capital formation,RTD.Q.S0.S.G_GFCF_TO_C.E,2023-Q4,698530.490869017,649422.9,1.0756172763064207,-6.0905171794800594e-06
Real gross fixed capital formation,RTD.Q.S0.S.G_GFCF_TO_C.E,2024-Q1,685701.367373306,637495.7,1.0756172431803164,-3.023167816085248e-06
Real gross fixed capital formation,RTD.Q.S0.S.G_GFCF_TO_C.E,2024-Q2,669452.878648361,622389.5,1.0756172439418739,6.912418415438992e-08
Real gross fixed capital formation,RTD.Q.S0.S.G_GFCF_TO_C.E,2024-Q3,679611.785332618,631834.2,1.0756172827185013,3.6597645802771694e-06
Real gross fixed capital formation,RTD.Q.S0.S.G_GFCF_TO_C.E,2024-Q4,684820.558664216,636676.8,1.07561726556428,-1.6070490493902412e-06
Real gross fixed capital formation,RTD.Q.S0.S.G_GFCF_TO_C.E,2025-Q1,701524.222443964,652206.2,1.0756172241906992,-3.9403177165553416e-06
Real gross fixed capital formation,RTD.Q.S0.S.G_GFCF_TO_C.E,2025-Q2,693192.343517843,644460.0,1.075617328488724,9.581409010639419e-06
Real gross fixed capital formation,RTD.Q.S0.S.G_GFCF_TO_C.E,2025-Q3,700014.542184197,650802.6,1.0756173103552398,-1.7024594400893989e-06
Real gross fixed capital formation,RTD.Q.S0.S.G_GFCF_TO_C.E,2025-Q4,704855.221007346,655303.0,1.0756172656120084,-4.188537827687355e-06
Real gross fixed capital formation,RTD.Q.S0.S.G_GFCF_TO_C.E,2026-Q1,703489.585613491,654033.3,1.075617381582086,1.0760832913625507e-05
Real gross fixed capital formation,RTD.Q.S0.S.G_GFCF_TO_C.E,2026-Q2,703082.631823204,653655.0,1.0756173085545189,-6.785435835432452e-06
Real exports of goods and services,RTD.Q.S0.S.G_XGS_TO_C.E,1995-Q1,481000.601057118,472537.6,1.017909688154166,
Real exports of goods and services,RTD.Q.S0.S.G_XGS_TO_C.E,1995-Q2,485349.941403724,476810.5,1.0179095078730942,-1.7871060387086857e-05
Real exports of goods and services,RTD.Q.S0.S.G_XGS_TO_C.E,1995-Q3,485483.35429427,476941.5,1.0179096478169125,1.3751936256412023e-05
Real exports of goods and services,RTD.Q.S0.S.G_XGS_TO_C.E,1995-Q4,490325.203542728,481698.2,1.0179095615111868,-8.563282816176354e-06
Real exports of goods and services,RTD.Q.S0.S.G_XGS_TO_C.E,1996-Q1,498875.014303762,490097.6,1.0179095231312334,-3.836213791075238e-06
Real exports of goods and services,RTD.Q.S0.S.G_XGS_TO_C.E,1996-Q2,501376.848526824,492555.4,1.0179095560150675,3.2467270427716244e-06
Real exports of goods and services,RTD.Q.S0.S.G_XGS_TO_C.E,1996-Q3,510110.078572594,501135.0,1.017909502574344,-5.34149451336674e-06
Real exports of goods and services,RTD.Q.S0.S.G_XGS_TO_C.E,1996-Q4,526653.93920393,517387.7,1.0179096627228092,1.624332657268468e-05
Real exports of goods and services,RTD.Q.S0.S.G_XGS_TO_C.E,1997-Q1,540087.568315946,530585.0,1.0179096060309771,-5.711499229121841e-06
Real exports of goods and services,RTD.Q.S0.S.G_XGS_TO_C.E,1997-Q2,557581.916635639,547771.5,1.017909687954994,8.308956589431205e-06
Real exports of goods and services,RTD.Q.S0.S.G_XGS_TO_C.E,1997-Q3,578296.127388989,568121.3,1.0179096037923396,-8.575349230710572e-06
Real exports of goods and services,RTD.Q.S0.S.G_XGS_TO_C.E,1997-Q4,586791.33405623,576467.0,1.0179096705556954,6.655218598439205e-06
Real exports of goods and services,RTD.Q.S0.S.G_XGS_TO_C.E,1998-Q1,598007.06926308,587485.4,1.0179096693519192,-1.2052001618911845e-07
Real exports of goods and services,RTD.Q.S0.S.G_XGS_TO_C.E,1998-Q2,607684.546497769,596992.6,1.017909680116251,1.074607092199642e-06
Real exports of goods and services,RTD.Q.S0.S.G_XGS_TO_C.E,1998-Q3,608133.376859625,597433.6,1.0179095666189932,-1.1158268820032902e-05
Real exports of goods and services,RTD.Q.S0.S.G_XGS_TO_C.E,1998-Q4,604879.914993834,594237.4,1.0179095341253075,-3.17511983372043e-06
Real exports of goods and services,RTD.Q.S0.S.G_XGS_TO_C.E,1999-Q1,610308.295512757,599570.2,1.0179096551375586,1.1994998971864845e-05
Real exports of goods and services,RTD.Q.S0.S.G_XGS_TO_C.E,1999-Q2,627168.085051798,616133.4,1.0179095712905646,-8.464727385693038e-06
Real exports of goods and services,RTD.Q.S0.S.G_XGS_TO_C.E,1999-Q3,644555.239992502,633214.6,1.0179096312569262,6.054449608328127e-06
Real exports of goods and services,RTD.Q.S0.S.G_XGS_TO_C.E,1999-Q4,664975.601444843,653275.7,1.0179095922974681,-3.948655735719342e-06
Real exports of goods and services,RTD.Q.S0.S.G_XGS_TO_C.E,2000-Q1,690490.394940806,678341.6,1.0179095531525797,-3.993169994664925e-06
Real exports of goods and services,RTD.Q.S0.S.G_XGS_TO_C.E,2000-Q2,713823.072590934,701263.7,1.0179096288470857,7.687552172619405e-06
Real exports of goods and services,RTD.Q.S0.S.G_XGS_TO_C.E,2000-Q3,729633.150855556,716795.6,1.0179096395898022,1.0787451598659459e-06
Real exports of goods and services,RTD.Q.S0.S.G_XGS_TO_C.E,2000-Q4,755906.068629983,742606.3,1.017909582277962,-5.8330866137268345e-06
Real exports of goods and services,RTD.Q.S0.S.G_XGS_TO_C.E,2001-Q1,756741.683420159,743427.2,1.0179095995144636,1.6951952952481975e-06
Real exports of goods and services,RTD.Q.S0.S.G_XGS_TO_C.E,2001-Q2,751380.943037505,738160.8,1.0179095707026233,-2.8104400251471873e-06
Real exports of goods and services,RTD.Q.S0.S.G_XGS_TO_C.E,2001-Q3,748315.681088889,735149.5,1.017909528726999,-4.1068860423543185e-06
Real exports of goods and services,RTD.Q.S0.S.G_XGS_TO_C.E,2001-Q4,746190.318426356,733061.5,1.0179095729708298,4.33419340417629e-06
Real exports of goods and services,RTD.Q.S0.S.G_XGS_TO_C.E,2002-Q1,755584.567354875,742290.4,1.0179096582077243,8.479140900519155e-06
Real exports of goods and services,RTD.Q.S0.S.G_XGS_TO_C.E,2002-Q2,765537.928049473,752068.7,1.017909571358937,-8.644466453766597e-06
Real exports of goods and services,RTD.Q.S0.S.G_XGS_TO_C.E,2002-Q3,770099.402740057,756549.9,1.0179095955733481,2.3930114556591775e-06
Real exports of goods and services,RTD.Q.S0.S.G_XGS_TO_C.E,2002-Q4,777263.211626992,763587.7,1.0179095493903216,-4.579251822178776e-06
Real exports of goods and services,RTD.Q.S0.S.G_XGS_TO_C.E,2003-Q1,765661.857210372,752190.4,1.0179096372545728,8.502994253145602e-06
Real exports of goods and services,RTD.Q.S0.S.G_XGS_TO_C.E,2003-Q2,761749.950048044,748347.4,1.0179095297826168,-1.0504161584989902e-05
Real exports of goods and services,RTD.Q.S0.S.G_XGS_TO_C.E,2003-Q3,773840.196485342,760224.9,1.0179095639794775,3.412839721939065e-06
Real exports of goods and services,RTD.Q.S0.S.G_XGS_TO_C.E,2003-Q4,792115.132512484,778178.3,1.0179095620020295,-1.9885335600378085e-07
Real exports of goods and services,RTD.Q.S0.S.G_XGS_TO_C.E,2004-Q1,808159.169923996,793940.0,1.0179096278358515,6.598548929481751e-06
Real exports of goods and services,RTD.Q.S0.S.G_XGS_TO_C.E,2004-Q2,833707.388677281,819038.7,1.0179096405057306,1.2840442487060955e-06
Real exports of goods and services,RTD.Q.S0.S.G_XGS_TO_C.E,2004-Q3,834924.990786733,820234.9,1.01790961441257,-2.5671502035251592e-06
Real exports of goods and services,RTD.Q.S0.S.G_XGS_TO_C.E,2004-Q4,844928.134614534,830062.1,1.0179095450985343,-6.891032700018229e-06
Real exports of goods and services,RTD.Q.S0.S.G_XGS_TO_C.E,2005-Q1,850942.548898913,835970.7,1.0179095378569045,-7.164858040198396e-07
Real exports of goods and services,RTD.Q.S0.S.G_XGS_TO_C.E,2005-Q2,864808.345707314,849592.5,1.01790958101362,4.308824586019e-06
Real exports of goods and services,RTD.Q.S0.S.G_XGS_TO_C.E,2005-Q3,884956.90193387,869386.5,1.0179096431033494,6.241842220866545e-06
Real exports of goods and services,RTD.Q.S0.S.G_XGS_TO_C.E,2005-Q4,902191.4150673,886317.8,1.0179096200790505,-2.3059705700489985e-06
Real exports of goods and services,RTD.Q.S0.S.G_XGS_TO_C.E,2006-Q1,923012.143282835,906772.2,1.0179096175233813,-2.568645518508106e-07
Real exports of goods and services,RTD.Q.S0.S.G_XGS_TO_C.E,2006-Q2,945224.78055834,928594.0,1.0179096360285982,1.8617125840947324e-06
Real exports of goods and services,RTD.Q.S0.S.G_XGS_TO_C.E,2006-Q3,953989.745611583,937204.8,1.0179095813546655,-5.4210038902269275e-06
Real exports of goods and services,RTD.Q.S0.S.G_XGS_TO_C.E,2006-Q4,984957.110149602,967627.3,1.0179095919984915,1.0795982774425283e-06
Real exports of goods and services,RTD.Q.S0.S.G_XGS_TO_C.E,2007-Q1,994017.176960799,976528.0,1.0179095499164377,-4.172192236140404e-06
Real exports of goods and services,RTD.Q.S0.S.G_XGS_TO_C.E,2007-Q2,1012001.25509321,994195.6,1.0179096096313542,5.972563532630204e-06
Real exports of goods and services,RTD.Q.S0.S.G_XGS_TO_C.E,2007-Q3,1025752.11938497,1007704.5,1.0179096346051546,2.486776651267064e-06
Real exports of goods and services,RTD.Q.S0.S.G_XGS_TO_C.E,2007-Q4,1031675.75044636,1013523.9,1.017909642235728,7.539607826956285e-07
Real exports of goods and services,RTD.Q.S0.S.G_XGS_TO_C.E,2008-Q1,1047741.04635852,1029306.6,1.0179095775335747,-6.455357071111223e-06
Real exports of goods and services,RTD.Q.S0.S.G_XGS_TO_C.E,2008-Q2,1037605.86725764,1019349.7,1.0179096214553651,4.273161213763643e-06
Real exports of goods and services,RTD.Q.S0.S.G_XGS_TO_C.E,2008-Q3,1025723.96803347,1007676.9,1.0179095779941665,-4.220759275419539e-06
Real exports of goods and services,RTD.Q.S0.S.G_XGS_TO_C.E,2008-Q4,967177.850767799,950160.9,1.017909546443975,-2.9225951108102777e-06
Real exports of goods and services,RTD.Q.S0.S.G_XGS_TO_C.E,2009-Q1,882976.436227169,867440.9,1.0179096192341968,6.528397612726167e-06
Real exports of goods and services,RTD.Q.S0.S.G_XGS_TO_C.E,2009-Q2,878012.082243844,862563.9,1.0179096090664634,-9.932677014212743e-07
Real exports of goods and services,RTD.Q.S0.S.G_XGS_TO_C.E,2009-Q3,900024.438458022,884189.0,1.0179095628400963,-4.655157503918872e-06
Real exports of goods and services,RTD.Q.S0.S.G_XGS_TO_C.E,2009-Q4,919370.310588233,903194.5,1.0179095539091891,-8.962363740039336e-07
Real exports of goods and services,RTD.Q.S0.S.G_XGS_TO_C.E,2010-Q1,941732.673527283,925163.4,1.0179095644372476,1.059439713735344e-06
Real exports of goods and services,RTD.Q.S0.S.G_XGS_TO_C.E,2010-Q2,987885.905479003,970504.6,1.0179095549665638,-9.76003322605834e-07
Real exports of goods and services,RTD.Q.S0.S.G_XGS_TO_C.E,2010-Q3,1007784.01974039,990052.6,1.017909573431139,1.8505072807428746e-06
Real exports of goods and services,RTD.Q.S0.S.G_XGS_TO_C.E,2010-Q4,1025129.60132296,1007093.0,1.0179095687518034,-4.676127041136624e-07
Real exports of goods and services,RTD.Q.S0.S.G_XGS_TO_C.E,2011-Q1,1046267.43952825,1027858.9,1.0179095978331754,2.9158798042772105e-06
Real exports of goods and services,RTD.Q.S0.S.G_XGS_TO_C.E,2011-Q2,1054489.32045748,1035936.1,1.0179096186120746,2.057371850661127e-06
Real exports of goods and services,RTD.Q.S0.S.G_XGS_TO_C.E,2011-Q3,1063893.22308416,1045174.6,1.017909565621055,-5.252292889501575e-06
Real exports of goods and services,RTD.Q.S0.S.G_XGS_TO_C.E,2011-Q4,1060239.91960796,1041585.5,1.0179096383426611,7.119677880584874e-06
Real exports of goods and services,RTD.Q.S0.S.G_XGS_TO_C.E,2012-Q1,1070755.13950138,1051915.8,1.017909550841788,-8.681388941056412e-06
Real exports of goods and services,RTD.Q.S0.S.G_XGS_TO_C.E,2012-Q2,1079202.73644204,1060214.7,1.0179096143847468,6.291744658604159e-06
Real exports of goods and services,RTD.Q.S0.S.G_XGS_TO_C.E,2012-Q3,1090469.86274933,1071283.6,1.0179096018545695,-1.2438231555833568e-06
Real exports of goods and services,RTD.Q.S0.S.G_XGS_TO_C.E,2012-Q4,1084316.50767409,1065238.5,1.0179096114852122,9.407808088113256e-07
Real exports of goods and services,RTD.Q.S0.S.G_XGS_TO_C.E,2013-Q1,1089123.77374661,1069961.2,1.0179095968588487,-1.4432724348978354e-06
Real exports of goods and services,RTD.Q.S0.S.G_XGS_TO_C.E,2013-Q2,1101689.72568547,1082306.1,1.0179095596758347,-3.6950256410150928e-06
Real exports of goods and services,RTD.Q.S0.S.G_XGS_TO_C.E,2013-Q3,1112679.22820915,1093102.2,1.017909604618077,4.4591923487047325e-06
Real exports of goods and services,RTD.Q.S0.S.G_XGS_TO_C.E,2013-Q4,1122561.70377061,1102810.8,1.0179096031437214,-1.4612793197699148e-07
Real exports of goods and services,RTD.Q.S0.S.G_XGS_TO_C.E,2014-Q1,1131993.71008453,1112076.9,1.017909561905773,-4.085278315635321e-06
Real exports of goods and services,RTD.Q.S0.S.G_XGS_TO_C.E,2014-Q2,1145718.87334182,1125560.5,1.0179096311054092,6.880636904682547e-06
Real exports of goods and services,RTD.Q.S0.S.G_XGS_TO_C.E,2014-Q3,1164502.56833503,1144013.7,1.0179096354659303,4.354031135633818e-07
Real exports of goods and services,RTD.Q.S0.S.G_XGS_TO_C.E,2014-Q4,1178505.84352706,1157770.6,1.0179096303940176,-5.042592121640155e-07
Real exports of goods and services,RTD.Q.S0.S.G_XGS_TO_C.E,2015-Q1,1219074.11684822,1197625.1,1.017909625347882,-5.128000468701543e-07
Real exports of goods and services,RTD.Q.S0.S.G_XGS_TO_C.E,2015-Q2,1227870.76386113,1206267.0,1.017909603645901,-2.1473988587317194e-06
Real exports of goods and services,RTD.Q.S0.S.G_XGS_TO_C.E,2015-Q3,1232471.08470402,1210786.4,1.0179095872765174,-1.614162314922396e-06
Real exports of goods and services,RTD.Q.S0.S.G_XGS_TO_C.E,2015-Q4,1243381.92858781,1221505.3,1.0179095650160583,-2.206239879676275e-06
Real exports of goods and services,RTD.Q.S0.S.G_XGS_TO_C.E,2016-Q1,1251889.77619243,1229863.4,1.0179096119068427,4.638096973152983e-06
Real exports of goods and services,RTD.Q.S0.S.G_XGS_TO_C.E,2016-Q2,1262984.93793192,1240763.4,1.0179095691667888,-4.236019446324235e-06
Real exports of goods and services,RTD.Q.S0.S.G_XGS_TO_C.E,2016-Q3,1274822.96256349,1252393.1,1.0179096024750456,3.302892181977768e-06
Real exports of goods and services,RTD.Q.S0.S.G_XGS_TO_C.E,2016-Q4,1285664.40064452,1263043.8,1.0179095931942503,-9.195042283138832e-07
Real exports of goods and services,RTD.Q.S0.S.G_XGS_TO_C.E,2017-Q1,1311170.18815771,1288100.8,1.0179096140284285,2.0873659911657683e-06
Real exports of goods and services,RTD.Q.S0.S.G_XGS_TO_C.E,2017-Q2,1332868.32311686,1309417.2,1.017909588416022,-2.557816358716991e-06
Real exports of goods and services,RTD.Q.S0.S.G_XGS_TO_C.E,2017-Q3,1349637.78846759,1325891.6,1.0179096002023016,1.172458574671964e-06
Real exports of goods and services,RTD.Q.S0.S.G_XGS_TO_C.E,2017-Q4,1378592.25472345,1354336.6,1.0179096206389533,2.0507802789282437e-06
Real exports of goods and services,RTD.Q.S0.S.G_XGS_TO_C.E,2018-Q1,1375198.55978702,1351002.6,1.0179096322886574,1.1416559364541001e-06
Real exports of goods and services,RTD.Q.S0.S.G_XGS_TO_C.E,2018-Q2,1385484.22224958,1361107.3,1.0179096256772555,-6.543656727586722e-07
Real exports of goods and services,RTD.Q.S0.S.G_XGS_TO_C.E,2018-Q3,1388640.37581618,1364208.0,1.017909567907665,-5.688245030555095e-06
Real exports of goods and services,RTD.Q.S0.S.G_XGS_TO_C.E,2018-Q4,1400858.95475761,1376211.6,1.017909567654865,-2.5053736862901133e-08
Real exports of goods and services,RTD.Q.S0.S.G_XGS_TO_C.E,2019-Q1,1428508.24240797,1403374.4,1.0179095773786169,9.741212281255685e-07
Real exports of goods and services,RTD.Q.S0.S.G_XGS_TO_C.E,2019-Q2,1433532.8942274,1408310.6,1.017909610442043,3.2595943277868855e-06
Real exports of goods and services,RTD.Q.S0.S.G_XGS_TO_C.E,2019-Q3,1435291.47226374,1410038.3,1.0179095647712122,-4.49223183096592e-06
Real exports of goods and services,RTD.Q.S0.S.G_XGS_TO_C.E,2019-Q4,1436141.4714951,1410873.3,1.0179095964854534,3.117469660196548e-06
Real exports of goods and services,RTD.Q.S0.S.G_XGS_TO_C.E,2020-Q1,1396602.31137125,1372029.8,1.0179096047121208,7.859415673827641e-07
Real exports of goods and services,RTD.Q.S0.S.G_XGS_TO_C.E,2020-Q2,1130050.23143269,1110167.6,1.0179095763853043,-2.2517157276524813e-06
Real exports of goods and services,RTD.Q.S0.S.G_XGS_TO_C.E,2020-Q3,1308448.17672739,1285426.7,1.017909598989495,2.571215819813233e-06
Real exports of goods and services,RTD.Q.S0.S.G_XGS_TO_C.E,2020-Q4,1379806.82620333,1355529.8,1.0179096219082235,2.3743408350540562e-06
Real exports of goods and services,RTD.Q.S0.S.G_XGS_TO_C.E,2021-Q1,1402433.83553826,1377758.7,1.0179096205585636,-1.3476564308945171e-07
Real exports of goods and services,RTD.Q.S0.S.G_XGS_TO_C.E,2021-Q2,1435504.72498659,1410247.8,1.0179095652456185,-5.562113325474627e-06
Real exports of goods and services,RTD.Q.S0.S.G_XGS_TO_C.E,2021-Q3,1462486.74951315,1436755.0,1.0179096293474879,6.415769981948927e-06
Real exports of goods and services,RTD.Q.S0.S.G_XGS_TO_C.E,2021-Q4,1507874.19976981,1481343.9,1.0179096155658454,-1.3959341460534347e-06
Real exports of goods and services,RTD.Q.S0.S.G_XGS_TO_C.E,2022-Q1,1532904.06143642,1505933.4,1.0179095977527426,-1.7790175332876856e-06
Real exports of goods and services,RTD.Q.S0.S.G_XGS_TO_C.E,2022-Q2,1556313.95663012,1528931.4,1.017909604466309,6.69616762039027e-07
Real exports of goods and services,RTD.Q.S0.S.G_XGS_TO_C.E,2022-Q3,1580391.60125683,1552585.4,1.0179096114499273,6.966887289294732e-07
Real exports of goods and services,RTD.Q.S0.S.G_XGS_TO_C.E,2022-Q4,1579401.09383329,1551612.3,1.01790962461002,1.2920444492081629e-06
Real exports of goods and services,RTD.Q.S0.S.G_XGS_TO_C.E,2023-Q1,1560434.25991692,1532979.2,1.0179096102001384,-1.3986345304140002e-06
Real exports of goods and services,RTD.Q.S0.S.G_XGS_TO_C.E,2023-Q2,1547615.06871117,1520385.6,1.017909580774226,-2.8670694374177685e-06
Real exports of goods and services,RTD.Q.S0.S.G_XGS_TO_C.E,2023-Q3,1537661.68758962,1510607.3,1.0179096099890554,2.8516221828311927e-06
Real exports of goods and services,RTD.Q.S0.S.G_XGS_TO_C.E,2023-Q4,1549645.66841948,1522380.5,1.0179095623068477,-4.7208344788884915e-06
Real exports of goods and services,RTD.Q.S0.S.G_XGS_TO_C.E,2024-Q1,1552434.4516082,1525120.2,1.0179095730344403,1.0557812180067572e-06
Real exports of goods and services,RTD.Q.S0.S.G_XGS_TO_C.E,2024-Q2,1575914.55560066,1548187.1,1.0179096283651117,5.517929047016423e-06
Real exports of goods and services,RTD.Q.S0.S.G_XGS_TO_C.E,2024-Q3,1558677.44207223,1531253.3,1.0179096052052459,-2.250351760491043e-06
Real exports of goods and services,RTD.Q.S0.S.G_XGS_TO_C.E,2024-Q4,1566619.06856912,1539055.2,1.0179096036120863,-1.5731034253008147e-07
Real exports of goods and services,RTD.Q.S0.S.G_XGS_TO_C.E,2025-Q1,1594237.82073383,1566188.0,1.0179096128522438,9.237615117285713e-07
Real exports of goods and services,RTD.Q.S0.S.G_XGS_TO_C.E,2025-Q2,1584602.9617697,1556722.7,1.0179095877317779,-2.452933878238639e-06
Real exports of goods and services,RTD.Q.S0.S.G_XGS_TO_C.E,2025-Q3,1594691.73715514,1566634.0,1.0179095673623448,-2.0138449130513436e-06
Real exports of goods and services,RTD.Q.S0.S.G_XGS_TO_C.E,2025-Q4,1601790.04321485,1573607.4,1.0179095772013083,9.708876813618872e-07
Real exports of goods and services,RTD.Q.S0.S.G_XGS_TO_C.E,2026-Q1,1592679.79283659,1564657.4,1.0179096029818349,2.518288333419605e-06
Real exports of goods and services,RTD.Q.S0.S.G_XGS_TO_C.E,2026-Q2,1646240.69313305,1617275.9,1.017909617730067,1.4975992224108836e-06
Real imports of goods and services,RTD.Q.S0.S.G_MGS_TO_C.E,1995-Q1,444619.146655572,443464.6,1.0026034697145432,
Real imports of goods and services,RTD.Q.S0.S.G_MGS_TO_C.E,1995-Q2,452426.939226211,451252.1,1.0026035097148822,4.059707525705392e-06
Real imports of goods and services,RTD.Q.S0.S.G_MGS_TO_C.E,1995-Q3,455603.765348293,454420.7,1.0026034583114127,-5.162999516805655e-06
Real imports of goods and services,RTD.Q.S0.S.G_MGS_TO_C.E,1995-Q4,459845.510666739,458651.4,1.0026035256116934,6.7750467236393774e-06
Real imports of goods and services,RTD.Q.S0.S.G_MGS_TO_C.E,1996-Q1,464776.693041169,463569.8,1.002603476415351,-4.95947833911714e-06
Real imports of goods and services,RTD.Q.S0.S.G_MGS_TO_C.E,1996-Q2,465544.656433082,464335.8,1.002603409931093,-6.642119032562732e-06
Real imports of goods and services,RTD.Q.S0.S.G_MGS_TO_C.E,1996-Q3,470332.179925097,469110.9,1.0026033927693792,-1.7293178888877492e-06
Real imports of goods and services,RTD.Q.S0.S.G_MGS_TO_C.E,1996-Q4,484650.247611898,483391.8,1.0026033697962977,-2.3610970290022237e-06
Real imports of goods and services,RTD.Q.S0.S.G_MGS_TO_C.E,1997-Q1,496418.658111639,495129.6,1.0026034761638953,1.0866753119564976e-05
Real imports of goods and services,RTD.Q.S0.S.G_MGS_TO_C.E,1997-Q2,510390.462625534,509065.1,1.0026035228608954,4.788662266719257e-06
Real imports of goods and services,RTD.Q.S0.S.G_MGS_TO_C.E,1997-Q3,526628.241020249,525260.8,1.0026033563141374,-1.7139913399688567e-05
Real imports of goods and services,RTD.Q.S0.S.G_MGS_TO_C.E,1997-Q4,539154.704783463,537754.7,1.0026034264014114,7.1568058812587765e-06
Real imports of goods and services,RTD.Q.S0.S.G_MGS_TO_C.E,1998-Q1,557702.855429888,556254.7,1.0026034034946367,-2.363329287824456e-06
Real imports of goods and services,RTD.Q.S0.S.G_MGS_TO_C.E,1998-Q2,565731.856315412,564262.8,1.0026034966604425,9.426166269754788e-06
Real imports of goods and services,RTD.Q.S0.S.G_MGS_TO_C.E,1998-Q3,573367.76196251,571878.9,1.0026034567152415,-4.037923151400946e-06
Real imports of goods and services,RTD.Q.S0.S.G_MGS_TO_C.E,1998-Q4,581391.434488687,579881.7,1.002603521526351,6.554741815989473e-06
Real imports of goods and services,RTD.Q.S0.S.G_MGS_TO_C.E,1999-Q1,589247.0363893,587716.9,1.0026035262714073,4.796681940533176e-07
Real imports of goods and services,RTD.Q.S0.S.G_MGS_TO_C.E,1999-Q2,603741.734977346,602174.0,1.0026034584311942,-6.932849849761169e-06
Real imports of goods and services,RTD.Q.S0.S.G_MGS_TO_C.E,1999-Q3,619486.286804461,617877.7,1.002603406474228,-5.317348317213089e-06
Real imports of goods and services,RTD.Q.S0.S.G_MGS_TO_C.E,1999-Q4,637345.947638943,635691.0,1.0026033837807096,-2.328714265864562e-06
Real imports of goods and services,RTD.Q.S0.S.G_MGS_TO_C.E,2000-Q1,656165.768269997,654461.9,1.0026034644186268,8.280345209499274e-06
Real imports of goods and services,RTD.Q.S0.S.G_MGS_TO_C.E,2000-Q2,678744.880902567,676982.4,1.0026034368139658,-2.8480409364206594e-06
Real imports of goods and services,RTD.Q.S0.S.G_MGS_TO_C.E,2000-Q3,696931.2596974,695121.5,1.002603515640647,8.072859536412125e-06
Real imports of goods and services,RTD.Q.S0.S.G_MGS_TO_C.E,2000-Q4,720089.160185995,718219.3,1.002603466916017,-5.021294291474021e-06
Real imports of goods and services,RTD.Q.S0.S.G_MGS_TO_C.E,2001-Q1,711268.591233495,709421.6,1.002603517053181,4.939442099782809e-06
Real imports of goods and services,RTD.Q.S0.S.G_MGS_TO_C.E,2001-Q2,710093.261859289,708249.4,1.0026034075839514,-1.0900455504891937e-05
Real imports of goods and services,RTD.Q.S0.S.G_MGS_TO_C.E,2001-Q3,703137.70224274,701311.9,1.0026034097564007,2.1455838217221412e-07
Real imports of goods and services,RTD.Q.S0.S.G_MGS_TO_C.E,2001-Q4,695199.401416154,693394.2,1.002603427337803,1.733777366119682e-06
Real imports of goods and services,RTD.Q.S0.S.G_MGS_TO_C.E,2002-Q1,699415.302467358,697599.1,1.002603504602225,7.753112418740216e-06
Real imports of goods and services,RTD.Q.S0.S.G_MGS_TO_C.E,2002-Q2,706661.819324358,704826.8,1.0026035039024594,-7.051796924173459e-08
Real imports of goods and services,RTD.Q.S0.S.G_MGS_TO_C.E,2002-Q3,709743.365162789,707900.4,1.0026034243839796,-7.9657853424564e-06
Real imports of goods and services,RTD.Q.S0.S.G_MGS_TO_C.E,2002-Q4,719911.031271154,718041.6,1.0026035138787974,9.054118055296101e-06
Real imports of goods and services,RTD.Q.S0.S.G_MGS_TO_C.E,2003-Q1,722804.52163696,720927.6,1.0026034814549478,-3.246963453662488e-06
Real imports of goods and services,RTD.Q.S0.S.G_MGS_TO_C.E,2003-Q2,720626.947467189,718755.7,1.0026034540904358,-2.721122838167389e-06
Real imports of goods and services,RTD.Q.S0.S.G_MGS_TO_C.E,2003-Q3,727973.167538977,726082.8,1.0026035151073363,6.147885800444897e-06
Real imports of goods and services,RTD.Q.S0.S.G_MGS_TO_C.E,2003-Q4,744938.524664559,743004.1,1.002603518156305,3.1119227195119947e-07
Real imports of goods and services,RTD.Q.S0.S.G_MGS_TO_C.E,2004-Q1,752502.217393659,750548.2,1.00260345357388,-6.506875571687942e-06
Real imports of goods and services,RTD.Q.S0.S.G_MGS_TO_C.E,2004-Q2,771411.227720725,769408.1,1.0026034658599579,1.2562099804824811e-06
Real imports of goods and services,RTD.Q.S0.S.G_MGS_TO_C.E,2004-Q3,782132.206140756,780101.3,1.0026033877148468,-7.902542842330718e-06
Real imports of goods and services,RTD.Q.S0.S.G_MGS_TO_C.E,2004-Q4,794081.372540352,792019.4,1.002603436911207,4.9818267955359374e-06
Real imports of goods and services,RTD.Q.S0.S.G_MGS_TO_C.E,2005-Q1,794666.944352194,792603.4,1.0026035017667019,6.47347835336376e-06
Real imports of goods and services,RTD.Q.S0.S.G_MGS_TO_C.E,2005-Q2,817374.13072861,815251.7,1.0026034054619084,-9.879943707602479e-06
Real imports of goods and services,RTD.Q.S0.S.G_MGS_TO_C.E,2005-Q3,833199.121310608,831035.6,1.002603403886197,-1.6020476056866073e-07
Real imports of goods and services,RTD.Q.S0.S.G_MGS_TO_C.E,2005-Q4,852591.651303054,850377.7,1.0026034917226239,8.964740461081533e-06
Real imports of goods and services,RTD.Q.S0.S.G_MGS_TO_C.E,2006-Q1,873404.043911394,871136.1,1.002603432358496,-6.065533808552459e-06
Real imports of goods and services,RTD.Q.S0.S.G_MGS_TO_C.E,2006-Q2,889724.467031048,887414.1,1.0026034824452845,5.089021826165663e-06
Real imports of goods and services,RTD.Q.S0.S.G_MGS_TO_C.E,2006-Q3,896206.424320977,893879.3,1.0026033988268628,-8.400890294524288e-06
Real imports of goods and services,RTD.Q.S0.S.G_MGS_TO_C.E,2006-Q4,921861.128643185,919467.3,1.0026034951359173,9.88087387465697e-06
Real imports of goods and services,RTD.Q.S0.S.G_MGS_TO_C.E,2007-Q1,936476.486086993,934044.7,1.0026035007607164,5.699138050374586e-07
Real imports of goods and services,RTD.Q.S0.S.G_MGS_TO_C.E,2007-Q2,945981.296615843,943524.9,1.0026034253212002,-7.600731355417167e-06
Real imports of goods and services,RTD.Q.S0.S.G_MGS_TO_C.E,2007-Q3,963482.935745677,960981.1,1.0026034182625205,-7.170604554573856e-07
Real imports of goods and services,RTD.Q.S0.S.G_MGS_TO_C.E,2007-Q4,973548.840443248,971020.8,1.0026034874260654,6.9704649829915866e-06
Real imports of goods and services,RTD.Q.S0.S.G_MGS_TO_C.E,2008-Q1,974487.71394885,971957.3,1.002603420900126,-6.641718397482066e-06
Real imports of goods and services,RTD.Q.S0.S.G_MGS_TO_C.E,2008-Q2,967202.125705746,964690.6,1.0026034520350318,3.082188781977635e-06
Real imports of goods and services,RTD.Q.S0.S.G_MGS_TO_C.E,2008-Q3,962465.004485506,959965.8,1.0026034307529559,-2.11228495805571e-06
Real imports of goods and services,RTD.Q.S0.S.G_MGS_TO_C.E,2008-Q4,915459.758816967,913082.6,1.0026034433434248,1.194447385444164e-06
Real imports of goods and services,RTD.Q.S0.S.G_MGS_TO_C.E,2009-Q1,848253.947450709,846051.3,1.0026034443191671,9.017633217922594e-08
Real imports of goods and services,RTD.Q.S0.S.G_MGS_TO_C.E,2009-Q2,827859.548351538,825709.9,1.0026033941842505,-4.880248083427574e-06
Real imports of goods and services,RTD.Q.S0.S.G_MGS_TO_C.E,2009-Q3,845887.787961955,843691.3,1.0026034261132655,3.2539616556803708e-06
Real imports of goods and services,RTD.Q.S0.S.G_MGS_TO_C.E,2009-Q4,858205.152008517,855976.7,1.0026034026492976,-2.3743822907817957e-06
Real imports of goods and services,RTD.Q.S0.S.G_MGS_TO_C.E,2010-Q1,883727.132604919,881432.4,1.0026034130409989,1.0672951855639212e-06
Real imports of goods and services,RTD.Q.S0.S.G_MGS_TO_C.E,2010-Q2,924676.347066614,922275.2,1.0026035038854064,9.480702933828411e-06
Real imports of goods and services,RTD.Q.S0.S.G_MGS_TO_C.E,2010-Q3,933876.343151863,931451.4,1.0026034027667605,-1.0185953680519333e-05
Real imports of goods and services,RTD.Q.S0.S.G_MGS_TO_C.E,2010-Q4,950518.636292117,948050.4,1.0026034863675148,8.486961800002746e-06
Real imports of goods and services,RTD.Q.S0.S.G_MGS_TO_C.E,2011-Q1,967654.510173514,965141.8,1.0026034621788362,-2.4560806943796365e-06
Real imports of goods and services,RTD.Q.S0.S.G_MGS_TO_C.E,2011-Q2,965839.71169308,963331.7,1.0026034767599572,1.4515982527107951e-06
Real imports of goods and services,RTD.Q.S0.S.G_MGS_TO_C.E,2011-Q3,968293.76356093,965779.4,1.0026034553656145,-2.1393006699454986e-06
Real imports of goods and services,RTD.Q.S0.S.G_MGS_TO_C.E,2011-Q4,954325.973923089,951847.9,1.002603434774704,-2.0241186837743896e-06
Real imports of goods and services,RTD.Q.S0.S.G_MGS_TO_C.E,2012-Q1,956045.994313197,953563.4,1.0026034916117763,5.679165560046329e-06
Real imports of goods and services,RTD.Q.S0.S.G_MGS_TO_C.E,2012-Q2,954761.995722877,952282.8,1.0026034238178794,-6.752704617696281e-06
Real imports of goods and services,RTD.Q.S0.S.G_MGS_TO_C.E,2012-Q3,954473.572899447,951995.1,1.0026034513197044,2.742212479311945e-06
Real imports of goods and services,RTD.Q.S0.S.G_MGS_TO_C.E,2012-Q4,947680.214395979,945219.4,1.0026034319608537,-1.9171155440922405e-06
Real imports of goods and services,RTD.Q.S0.S.G_MGS_TO_C.E,2013-Q1,949373.270204153,946908.0,1.0026034949584892,6.2946301948585415e-06
Real imports of goods and services,RTD.Q.S0.S.G_MGS_TO_C.E,2013-Q2,963510.286049082,961008.3,1.0026035009781724,6.093457516342937e-07
Real imports of goods and services,RTD.Q.S0.S.G_MGS_TO_C.E,2013-Q3,977526.090845018,974987.8,1.002603407801634,-9.428647462783601e-06
Real imports of goods and services,RTD.Q.S0.S.G_MGS_TO_C.E,2013-Q4,986381.599901159,983820.3,1.0026034224961193,1.478910194308014e-06
Real imports of goods and services,RTD.Q.S0.S.G_MGS_TO_C.E,2014-Q1,992249.071215478,989672.5,1.002603458432439,3.6056215124702362e-06
Real imports of goods and services,RTD.Q.S0.S.G_MGS_TO_C.E,2014-Q2,1006833.65722891,1004219.2,1.0026034726570754,1.4396237091318653e-06
Real imports of goods and services,RTD.Q.S0.S.G_MGS_TO_C.E,2014-Q3,1022818.51619385,1020162.6,1.0026034243892592,-4.890680860292207e-06
Real imports of goods and services,RTD.Q.S0.S.G_MGS_TO_C.E,2014-Q4,1033364.33444346,1030681.0,1.0026034577560468,3.3623280604189176e-06
Real imports of goods and services,RTD.Q.S0.S.G_MGS_TO_C.E,2015-Q1,1063524.02330889,1060762.4,1.0026034325018403,-2.5923782898118475e-06
Real imports of goods and services,RTD.Q.S0.S.G_MGS_TO_C.E,2015-Q2,1104771.13692608,1101902.4,1.0026034401287085,7.902091869738115e-07
Real imports of goods and services,RTD.Q.S0.S.G_MGS_TO_C.E,2015-Q3,1086653.68165442,1083832.0,1.0026034308402225,-9.112437915348437e-07
Real imports of goods and services,RTD.Q.S0.S.G_MGS_TO_C.E,2015-Q4,1113709.63187545,1110817.7,1.002603426174655,-4.769316053199191e-07
Real imports of goods and services,RTD.Q.S0.S.G_MGS_TO_C.E,2016-Q1,1121098.44575262,1118187.3,1.0026034509179456,2.4842770729449626e-06
Real imports of goods and services,RTD.Q.S0.S.G_MGS_TO_C.E,2016-Q2,1129019.50072458,1126087.8,1.0026034388478233,-1.212383926585403e-06
Real imports of goods and services,RTD.Q.S0.S.G_MGS_TO_C.E,2016-Q3,1141821.83950615,1138856.9,1.0026034346423593,-4.242106887986097e-07
Real imports of goods and services,RTD.Q.S0.S.G_MGS_TO_C.E,2016-Q4,1161760.83465166,1158744.1,1.002603452006064,1.762104173685941e-06
Real imports of goods and services,RTD.Q.S0.S.G_MGS_TO_C.E,2017-Q1,1165267.15292349,1162241.3,1.0026034636038919,1.1602624194750888e-06
Real imports of goods and services,RTD.Q.S0.S.G_MGS_TO_C.E,2017-Q2,1222902.90380109,1219727.4,1.002603453690628,-1.0376572712189613e-06
Real imports of goods and services,RTD.Q.S0.S.G_MGS_TO_C.E,2017-Q3,1196842.84433598,1193735.0,1.0026034625239102,8.622596414653572e-07
Real imports of goods and services,RTD.Q.S0.S.G_MGS_TO_C.E,2017-Q4,1221636.22087425,1218464.0,1.0026034588418287,-3.7485989867747094e-07
Real imports of goods and services,RTD.Q.S0.S.G_MGS_TO_C.E,2018-Q1,1223172.83265631,1219996.6,1.0026034766460086,1.778028391186126e-06
Real imports of goods and services,RTD.Q.S0.S.G_MGS_TO_C.E,2018-Q2,1238886.18235568,1235669.2,1.0026034333102096,-4.377853279891042e-06
Real imports of goods and services,RTD.Q.S0.S.G_MGS_TO_C.E,2018-Q3,1249823.37791373,1246578.0,1.0026034294795272,-3.8544658576000757e-07
Real imports of goods and services,RTD.Q.S0.S.G_MGS_TO_C.E,2018-Q4,1281487.52607639,1278159.9,1.0026034505357193,2.153358713563591e-06
Real imports of goods and services,RTD.Q.S0.S.G_MGS_TO_C.E,2019-Q1,1277560.31723871,1274242.9,1.002603441807453,-8.678923024696417e-07
Real imports of goods and services,RTD.Q.S0.S.G_MGS_TO_C.E,2019-Q2,1323341.58539817,1319905.3,1.0026034332903806,-8.799372119838722e-07
Real imports of goods and services,RTD.Q.S0.S.G_MGS_TO_C.E,2019-Q3,1293791.86727505,1290432.3,1.0026034432608746,9.722544436208125e-07
Real imports of goods and services,RTD.Q.S0.S.G_MGS_TO_C.E,2019-Q4,1350576.63622521,1347069.6,1.00260345584609,1.310346853244937e-06
Real imports of goods and services,RTD.Q.S0.S.G_MGS_TO_C.E,2020-Q1,1318473.02003655,1315049.4,1.0026034155344659,-3.925121716541469e-06
Real imports of goods and services,RTD.Q.S0.S.G_MGS_TO_C.E,2020-Q2,1050157.64284569,1047430.7,1.002603458964579,3.4502058632313037e-06
Real imports of goods and services,RTD.Q.S0.S.G_MGS_TO_C.E,2020-Q3,1182932.493006,1179860.8,1.00260343678339,-2.4920749019941013e-06
Real imports of goods and services,RTD.Q.S0.S.G_MGS_TO_C.E,2020-Q4,1255612.42192325,1252352.0,1.0026034389079508,2.2492390172601517e-07
Real imports of goods and services,RTD.Q.S0.S.G_MGS_TO_C.E,2021-Q1,1256251.46961288,1252989.4,1.002603429536499,-9.351874608043431e-07
Real imports of goods and services,RTD.Q.S0.S.G_MGS_TO_C.E,2021-Q2,1287180.78559754,1283838.4,1.002603431707246,2.2184161174720884e-07
Real imports of goods and services,RTD.Q.S0.S.G_MGS_TO_C.E,2021-Q3,1309701.52924385,1306300.6,1.0026034813456028,5.037568606702791e-06
Real imports of goods and services,RTD.Q.S0.S.G_MGS_TO_C.E,2021-Q4,1383583.09219304,1379990.4,1.0026034182506198,-6.648115546958877e-06
Real imports of goods and services,RTD.Q.S0.S.G_MGS_TO_C.E,2022-Q1,1394652.25927775,1391030.8,1.002603435723889,1.7567326260348182e-06
Real imports of goods and services,RTD.Q.S0.S.G_MGS_TO_C.E,2022-Q2,1416687.04336173,1413008.3,1.0026034831937858,4.809468290289942e-06
Real imports of goods and services,RTD.Q.S0.S.G_MGS_TO_C.E,2022-Q3,1445142.00094381,1441389.4,1.0026034608994696,-2.268305565600315e-06
Real imports of goods and services,RTD.Q.S0.S.G_MGS_TO_C.E,2022-Q4,1436219.66755962,1432490.2,1.0026034855663375,2.4450916624729757e-06
Real imports of goods and services,RTD.Q.S0.S.G_MGS_TO_C.E,2023-Q1,1412722.01362162,1409053.6,1.0026034592449995,-2.582347047308531e-06
Real imports of goods and services,RTD.Q.S0.S.G_MGS_TO_C.E,2023-Q2,1404935.99545446,1401287.8,1.0026034590856068,-1.5810264208937497e-08
Real imports of goods and services,RTD.Q.S0.S.G_MGS_TO_C.E,2023-Q3,1384754.46530261,1381158.7,1.0026034410836424,-1.7697297072238882e-06
Real imports of goods and services,RTD.Q.S0.S.G_MGS_TO_C.E,2023-Q4,1395424.34382474,1391800.9,1.0026034210961785,-2.008917188156545e-06
Real imports of goods and services,RTD.Q.S0.S.G_MGS_TO_C.E,2024-Q1,1388152.26463761,1384547.7,1.002603423946759,2.828361544970903e-07
Real imports of goods and services,RTD.Q.S0.S.G_MGS_TO_C.E,2024-Q2,1403893.57653167,1400248.1,1.0026034504397257,2.672381627100151e-06
Real imports of goods and services,RTD.Q.S0.S.G_MGS_TO_C.E,2024-Q3,1409411.51410292,1405751.7,1.002603456999497,6.568453558841725e-07
Real imports of goods and services,RTD.Q.S0.S.G_MGS_TO_C.E,2024-Q4,1413849.70946301,1410178.4,1.0026034361773022,-2.0833524461139064e-06
Real imports of goods and services,RTD.Q.S0.S.G_MGS_TO_C.E,2025-Q1,1446578.61741394,1442822.3,1.0026034511761703,1.5306224732114515e-06
Real imports of goods and services,RTD.Q.S0.S.G_MGS_TO_C.E,2025-Q2,1443811.59910669,1440062.5,1.0026034280503033,-2.302169654910813e-06
Real imports of goods and services,RTD.Q.S0.S.G_MGS_TO_C.E,2025-Q3,1459884.00965414,1456093.1,1.0026034802679444,5.266182023788701e-06
Real imports of goods and services,RTD.Q.S0.S.G_MGS_TO_C.E,2025-Q4,1465218.41692742,1461413.7,1.0026034496100729,-3.068999543387463e-06
Real imports of goods and services,RTD.Q.S0.S.G_MGS_TO_C.E,2026-Q1,1473855.14091834,1470028.0,1.0026034476338819,-1.9826777997167255e-07
Real imports of goods and services,RTD.Q.S0.S.G_MGS_TO_C.E,2026-Q2,1496308.88952335,1492423.4,1.002603476683192,2.9415285762723897e-06
Total employment,RTD.Q.S0.S.L_TEMP_TO.M,1995-Q1,135697.363666389,135697.36,1.0000000270188676,
Total employment,RTD.Q.S0.S.L_TEMP_TO.M,1995-Q2,135950.893495357,135950.89,1.0000000257104384,-1.310873631865661e-07
Total employment,RTD.Q.S0.S.L_TEMP_TO.M,1995-Q3,136113.961188403,136113.96,1.0000000087309413,-1.6999863294842044e-06
Total employment,RTD.Q.S0.S.L_TEMP_TO.M,1995-Q4,136444.009649852,136444.01,0.9999999974337604,-1.132457438934864e-06
Total employment,RTD.Q.S0.S.L_TEMP_TO.M,1996-Q1,136518.524131929,136518.52,1.0000000302664358,3.2850604902989744e-06
Total employment,RTD.Q.S0.S.L_TEMP_TO.M,1996-Q2,136857.50434056,136857.5,1.0000000317159088,1.4530721070826758e-07
Total employment,RTD.Q.S0.S.L_TEMP_TO.M,1996-Q3,137171.466950989,137171.47,0.9999999777722657,-5.4067395671708596e-06
Total employment,RTD.Q.S0.S.L_TEMP_TO.M,1996-Q4,137340.012576522,137340.01,1.0000000187601703,4.103826678480971e-06
Total employment,RTD.Q.S0.S.L_TEMP_TO.M,1997-Q1,137582.026879374,137582.03,0.9999999773180698,-4.1515128890168285e-06
Total employment,RTD.Q.S0.S.L_TEMP_TO.M,1997-Q2,137923.818867575,137923.82,0.9999999917894893,1.4507370638128236e-06
Total employment,RTD.Q.S0.S.L_TEMP_TO.M,1997-Q3,138315.560004835,138315.56,1.0000000000349563,8.268886464435354e-07
Total employment,RTD.Q.S0.S.L_TEMP_TO.M,1997-Q4,138767.454248216,138767.45,1.0000000306139227,3.067887077712328e-06
Total employment,RTD.Q.S0.S.L_TEMP_TO.M,1998-Q1,139459.748905854,139459.75,0.9999999921543958,-3.865139719394506e-06
Total employment,RTD.Q.S0.S.L_TEMP_TO.M,1998-Q2,140136.197496282,140136.2,0.9999999821336812,-1.006932026648144e-06
Total employment,RTD.Q.S0.S.L_TEMP_TO.M,1998-Q3,140975.601298335,140975.6,1.0000000092096435,2.7238144628682903e-06
Total employment,RTD.Q.S0.S.L_TEMP_TO.M,1998-Q4,141510.744299529,141510.74,1.0000000303830578,2.125378828488067e-06
Total employment,RTD.Q.S0.S.L_TEMP_TO.M,1999-Q1,142075.080511349,142075.08,1.0000000035991463,-2.6890724091899187e-06
Total employment,RTD.Q.S0.S.L_TEMP_TO.M,1999-Q2,142626.699908137,142626.7,0.99999999935592,-4.2597010363465415e-07
Total employment,RTD.Q.S0.S.L_TEMP_TO.M,1999-Q3,143384.711236931,143384.71,1.0000000086266592,9.32000987496906e-07
Total employment,RTD.Q.S0.S.L_TEMP_TO.M,1999-Q4,143959.236343583,143959.24,0.9999999746010261,-3.4161970363655314e-06
Total employment,RTD.Q.S0.S.L_TEMP_TO.M,2000-Q1,144941.430963327,144941.43,1.0000000066463193,3.2263929083953258e-06
Total employment,RTD.Q.S0.S.L_TEMP_TO.M,2000-Q2,145863.932502031,145863.93,1.0000000171531853,1.057373832935582e-06
Total employment,RTD.Q.S0.S.L_TEMP_TO.M,2000-Q3,146526.080909727,146526.08,1.0000000062086354,-1.0994232635397339e-06
Total employment,RTD.Q.S0.S.L_TEMP_TO.M,2000-Q4,147018.415624916,147018.42,0.9999999702412526,-3.6088235955133996e-06
Total employment,RTD.Q.S0.S.L_TEMP_TO.M,2001-Q1,147406.814898272,147406.81,1.000000033229618,6.3154768303874675e-06
Total employment,RTD.Q.S0.S.L_TEMP_TO.M,2001-Q2,147553.262990199,147553.26,1.0000000202652182,-1.297727991733666e-06
Total employment,RTD.Q.S0.S.L_TEMP_TO.M,2001-Q3,147853.230786982,147853.23,1.0000000053227243,-1.4972870943097405e-06
Total employment,RTD.Q.S0.S.L_TEMP_TO.M,2001-Q4,148143.591324546,148143.59,1.0000000089409606,3.6253420265808245e-07
Total employment,RTD.Q.S0.S.L_TEMP_TO.M,2002-Q1,148625.651257889,148625.65,1.000000008463472,-4.7904258337894134e-08
Total employment,RTD.Q.S0.S.L_TEMP_TO.M,2002-Q2,148833.912319633,148833.91,1.0000000155853797,7.131887302946893e-07
Total employment,RTD.Q.S0.S.L_TEMP_TO.M,2002-Q3,149036.368587415,149036.37,0.9999999905218773,-2.5097596001444344e-06
Total employment,RTD.Q.S0.S.L_TEMP_TO.M,2002-Q4,149119.963835064,149119.96,1.000000025717979,3.5215842464353386e-06
Total employment,RTD.Q.S0.S.L_TEMP_TO.M,2003-Q1,149272.950074075,149272.95,1.0000000004962384,-2.524761621991445e-06
Total employment,RTD.Q.S0.S.L_TEMP_TO.M,2003-Q2,149556.076024823,149556.08,0.999999973420158,-2.712743629729175e-06
Total employment,RTD.Q.S0.S.L_TEMP_TO.M,2003-Q3,149794.601597176,149794.6,1.0000000106624403,3.7301679300938417e-06
Total employment,RTD.Q.S0.S.L_TEMP_TO.M,2003-Q4,150135.528303926,150135.53,0.9999999887030472,-2.2009372324660603e-06
Total employment,RTD.Q.S0.S.L_TEMP_TO.M,2004-Q1,150331.935367108,150331.94,0.999999969182251,-1.95463338847901e-06
Total employment,RTD.Q.S0.S.L_TEMP_TO.M,2004-Q2,150701.88209783,150701.88,1.000000013920397,4.484824001060872e-06
Total employment,RTD.Q.S0.S.L_TEMP_TO.M,2004-Q3,151076.198691334,151076.2,0.9999999913377089,-2.263877973973649e-06
Total employment,RTD.Q.S0.S.L_TEMP_TO.M,2004-Q4,151469.275843728,151469.28,0.9999999725602975,-1.8826267877969372e-06
Total employment,RTD.Q.S0.S.L_TEMP_TO.M,2005-Q1,151699.808324752,151699.81,0.9999999889568221,1.6421479953621088e-06
Total employment,RTD.Q.S0.S.L_TEMP_TO.M,2005-Q2,152211.532379401,152211.53,1.0000000156321995,2.6765360372493774e-06
Total employment,RTD.Q.S0.S.L_TEMP_TO.M,2005-Q3,152635.869837746,152635.87,0.9999999989369864,-1.6741756203586533e-06
Total employment,RTD.Q.S0.S.L_TEMP_TO.M,2005-Q4,153300.945458101,153300.95,0.9999999703726623,-2.86887875677877e-06
Total employment,RTD.Q.S0.S.L_TEMP_TO.M,2006-Q1,154027.201797832,154027.2,1.0000000116721721,4.1495163971561055e-06
Total employment,RTD.Q.S0.S.L_TEMP_TO.M,2006-Q2,154911.331455464,154911.33,1.0000000093954653,-2.2897752582906605e-07
Total employment,RTD.Q.S0.S.L_TEMP_TO.M,2006-Q3,155596.973918641,155596.97,1.0000000251845584,1.5858975688232135e-06
Total employment,RTD.Q.S0.S.L_TEMP_TO.M,2006-Q4,156302.620828062,156302.62,1.0000000052978126,-1.997693388489097e-06
Total employment,RTD.Q.S0.S.L_TEMP_TO.M,2007-Q1,157099.304458073,157099.3,1.000000028377421,2.3197245901940278e-06
Total employment,RTD.Q.S0.S.L_TEMP_TO.M,2007-Q2,157934.355748538,157934.36,0.9999999730808293,-5.559051885484223e-06
Total employment,RTD.Q.S0.S.L_TEMP_TO.M,2007-Q3,158611.941890649,158611.94,1.0000000119199663,3.900576839299674e-06
Total employment,RTD.Q.S0.S.L_TEMP_TO.M,2007-Q4,159150.56590274,159150.57,0.9999999742554487,-3.7792422080684673e-06
Total employment,RTD.Q.S0.S.L_TEMP_TO.M,2008-Q1,159903.950019593,159903.95,1.0000000001225298,2.598953008359217e-06
Total employment,RTD.Q.S0.S.L_TEMP_TO.M,2008-Q2,159857.445682244,159857.45,0.9999999729899607,-2.7124678947387793e-06
Total employment,RTD.Q.S0.S.L_TEMP_TO.M,2008-Q3,159641.416284393,159641.42,0.9999999767252946,3.730286191050425e-07
Total employment,RTD.Q.S0.S.L_TEMP_TO.M,2008-Q4,159039.204013769,159039.2,1.000000025237608,4.832931010945174e-06
Total employment,RTD.Q.S0.S.L_TEMP_TO.M,2009-Q1,157839.928509868,157839.93,0.9999999905592205,-3.441688656291575e-06
Total employment,RTD.Q.S0.S.L_TEMP_TO.M,2009-Q2,156777.441665105,156777.44,1.0000000106208202,1.9926556404925577e-06
Total employment,RTD.Q.S0.S.L_TEMP_TO.M,2009-Q3,156046.280384402,156046.28,1.0000000024633846,-8.119391825545108e-07
Total employment,RTD.Q.S0.S.L_TEMP_TO.M,2009-Q4,155767.877440626,155767.88,0.9999999835693084,-1.8860367489992313e-06
Total employment,RTD.Q.S0.S.L_TEMP_TO.M,2010-Q1,155657.479465193,155657.48,0.9999999965642061,1.2985687969369053e-06
Total employment,RTD.Q.S0.S.L_TEMP_TO.M,2010-Q2,155471.973995004,155471.97,1.0000000256959758,2.9097051101878435e-06
Total employment,RTD.Q.S0.S.L_TEMP_TO.M,2010-Q3,155509.89023113,155509.89,1.000000001486272,-2.421560818532953e-06
Total employment,RTD.Q.S0.S.L_TEMP_TO.M,2010-Q4,155761.780308673,155761.78,1.0000000019816992,4.962299460231634e-08
Total employment,RTD.Q.S0.S.L_TEMP_TO.M,2011-Q1,155811.031246455,155811.03,1.0000000079997868,6.019990284045207e-07
Total employment,RTD.Q.S0.S.L_TEMP_TO.M,2011-Q2,155898.124558804,155898.12,1.0000000292422,2.125428655297412e-06
Total employment,RTD.Q.S0.S.L_TEMP_TO.M,2011-Q3,155654.916085668,155654.92,0.9999999748525006,-5.430485039426003e-06
Total employment,RTD.Q.S0.S.L_TEMP_TO.M,2011-Q4,155454.512109073,155454.51,1.0000000135671392,3.866479347802709e-06
Total employment,RTD.Q.S0.S.L_TEMP_TO.M,2012-Q1,155358.318089545,155358.32,0.9999999877029115,-2.584822345053084e-06
Total employment,RTD.Q.S0.S.L_TEMP_TO.M,2012-Q2,155206.850664743,155206.85,1.0000000042829487,1.6563872273778202e-06
Total employment,RTD.Q.S0.S.L_TEMP_TO.M,2012-Q3,154886.15336499,154886.15,1.0000000217255707,1.7406580621326384e-06
Total employment,RTD.Q.S0.S.L_TEMP_TO.M,2012-Q4,154462.476515212,154462.48,0.9999999774392591,-4.416517151994981e-06
Total employment,RTD.Q.S0.S.L_TEMP_TO.M,2013-Q1,154127.989658828,154127.99,0.9999999977864372,2.030311663236972e-06
Total employment,RTD.Q.S0.S.L_TEMP_TO.M,2013-Q2,154074.376340153,154074.38,0.9999999762462324,-2.1532712612959415e-06
Total employment,RTD.Q.S0.S.L_TEMP_TO.M,2013-Q3,154179.206132985,154179.21,0.9999999749187003,-1.3284353617137867e-07
Total employment,RTD.Q.S0.S.L_TEMP_TO.M,2013-Q4,154485.660977436,154485.66,1.0000000063270338,3.1470762218432924e-06
Total employment,RTD.Q.S0.S.L_TEMP_TO.M,2014-Q1,154756.50741159,154756.51,0.9999999832743061,-2.309314450776867e-06
Total employment,RTD.Q.S0.S.L_TEMP_TO.M,2014-Q2,155187.021779171,155187.02,1.0000000114646894,2.8268805518649742e-06
Total employment,RTD.Q.S0.S.L_TEMP_TO.M,2014-Q3,155615.312549262,155615.31,1.00000001638182,4.930700736593963e-07
Total employment,RTD.Q.S0.S.L_TEMP_TO.M,2014-Q4,155844.176736999,155844.18,0.9999999790624137,-3.7374292993774816e-06
Total employment,RTD.Q.S0.S.L_TEMP_TO.M,2015-Q1,156018.571409443,156018.57,1.0000000090338155,3.0004940532180058e-06
Total employment,RTD.Q.S0.S.L_TEMP_TO.M,2015-Q2,156467.383003142,156467.38,1.0000000191934062,1.0188816235157105e-06
Total employment,RTD.Q.S0.S.L_TEMP_TO.M,2015-Q3,157062.345525211,157062.35,0.9999999715094738,-4.786525065192393e-06
Total employment,RTD.Q.S0.S.L_TEMP_TO.M,2015-Q4,157605.20125647,157605.2,1.0000000079722622,3.6588814644744616e-06
Total employment,RTD.Q.S0.S.L_TEMP_TO.M,2016-Q1,158101.482803064,158101.48,1.000000017729524,9.787986199327747e-07
Total employment,RTD.Q.S0.S.L_TEMP_TO.M,2016-Q2,158800.761685201,158800.76,1.0000000106120461,-7.148958314218135e-07
Total employment,RTD.Q.S0.S.L_TEMP_TO.M,2016-Q3,159261.810246232,159261.81,1.000000001546083,-9.092284480871626e-07
Total employment,RTD.Q.S0.S.L_TEMP_TO.M,2016-Q4,159831.740574819,159831.74,1.000000003596401,2.057654935327946e-07
Total employment,RTD.Q.S0.S.L_TEMP_TO.M,2017-Q1,160495.275726006,160495.28,0.9999999733699707,-3.035191498135248e-06
Total employment,RTD.Q.S0.S.L_TEMP_TO.M,2017-Q2,161166.226118649,161166.23,0.999999975917095,2.557772660338742e-07
Total employment,RTD.Q.S0.S.L_TEMP_TO.M,2017-Q3,161895.242644189,161895.24,1.0000000163327163,4.05984359463929e-06
Total employment,RTD.Q.S0.S.L_TEMP_TO.M,2017-Q4,162422.067914494,162422.07,0.9999999871599592,-2.9267688939071945e-06
Total employment,RTD.Q.S0.S.L_TEMP_TO.M,2018-Q1,163161.190246663,163161.19,1.000000001511775,1.4417125493437766e-06
Total employment,RTD.Q.S0.S.L_TEMP_TO.M,2018-Q2,163951.288580586,163951.29,0.9999999913424651,-1.0218554225005505e-06
Total employment,RTD.Q.S0.S.L_TEMP_TO.M,2018-Q3,164370.378296755,164370.38,0.9999999896377619,-1.7090608928072015e-07
Total employment,RTD.Q.S0.S.L_TEMP_TO.M,2018-Q4,164818.35602478,164818.36,0.9999999758812065,-1.379404812595908e-06
Total employment,RTD.Q.S0.S.L_TEMP_TO.M,2019-Q1,165643.292409416,165643.29,1.000000014545811,3.885812516202236e-06
Total employment,RTD.Q.S0.S.L_TEMP_TO.M,2019-Q2,166164.576216002,166164.58,0.9999999772274092,-3.7435844646438454e-06
Total employment,RTD.Q.S0.S.L_TEMP_TO.M,2019-Q3,166372.740151227,166372.74,1.000000000908965,2.3711223207101284e-06
Total employment,RTD.Q.S0.S.L_TEMP_TO.M,2019-Q4,166651.486273406,166651.49,0.9999999776383998,-2.330955384266531e-06
Total employment,RTD.Q.S0.S.L_TEMP_TO.M,2020-Q1,166274.614666804,166274.61,1.0000000280668468,5.031440508673768e-06
Total employment,RTD.Q.S0.S.L_TEMP_TO.M,2020-Q2,161550.089382174,161550.09,0.9999999961756381,-3.09850523017019e-06
Total employment,RTD.Q.S0.S.L_TEMP_TO.M,2020-Q3,163240.438904985,163240.44,0.9999999932920115,-2.913798979875537e-07
Total employment,RTD.Q.S0.S.L_TEMP_TO.M,2020-Q4,164177.17318437,164177.17,1.0000000193959366,2.6253718754531974e-06
Total employment,RTD.Q.S0.S.L_TEMP_TO.M,2021-Q1,164074.37998852,164074.38,0.9999999999300317,-1.945371719269673e-06
Total employment,RTD.Q.S0.S.L_TEMP_TO.M,2021-Q2,165481.156607901,165481.16,0.9999999795016001,-2.0603585726419738e-06
Total employment,RTD.Q.S0.S.L_TEMP_TO.M,2021-Q3,167356.728315297,167356.73,0.9999999899334612,1.0550096574135637e-06
Total employment,RTD.Q.S0.S.L_TEMP_TO.M,2021-Q4,168298.72873422,168298.73,0.9999999924789688,2.5598354547184954e-07
Total employment,RTD.Q.S0.S.L_TEMP_TO.M,2022-Q1,169156.326813817,169156.33,0.9999999811642698,-1.1372355279704038e-06
Total employment,RTD.Q.S0.S.L_TEMP_TO.M,2022-Q2,170041.5612079,170041.56,1.0000000071035575,2.6075033687789073e-06
Total employment,RTD.Q.S0.S.L_TEMP_TO.M,2022-Q3,170509.353571934,170509.35,1.0000000209486108,1.3883141525283804e-06
Total employment,RTD.Q.S0.S.L_TEMP_TO.M,2022-Q4,171184.367076058,171184.37,0.9999999829193401,-3.817982174858514e-06
Total employment,RTD.Q.S0.S.L_TEMP_TO.M,2023-Q1,172046.901655027,172046.9,1.000000009619627,2.6834819477628002e-06
Total employment,RTD.Q.S0.S.L_TEMP_TO.M,2023-Q2,172609.166400216,172609.17,0.9999999791448855,-3.057433639597207e-06
Total employment,RTD.Q.S0.S.L_TEMP_TO.M,2023-Q3,172929.111081029,172929.11,1.0000000062512842,2.7156642490311356e-06
Total employment,RTD.Q.S0.S.L_TEMP_TO.M,2023-Q4,173593.728811492,173593.73,0.9999999931535085,-1.314811437502783e-06
Total employment,RTD.Q.S0.S.L_TEMP_TO.M,2024-Q1,173929.485410144,173929.49,0.9999999736108236,-1.958048390093836e-06
Total employment,RTD.Q.S0.S.L_TEMP_TO.M,2024-Q2,174247.493999803,174247.49,1.000000022954724,4.9434118354341194e-06
Total employment,RTD.Q.S0.S.L_TEMP_TO.M,2024-Q3,174689.32108276,174689.32,1.0000000061982037,-1.6799008406565008e-06
Total employment,RTD.Q.S0.S.L_TEMP_TO.M,2024-Q4,174924.546852916,174924.55,0.9999999820089063,-2.422186962114381e-06
Total employment,RTD.Q.S0.S.L_TEMP_TO.M,2025-Q1,175320.315205197,175320.32,0.9999999726511849,-9.378893661704524e-07
Total employment,RTD.Q.S0.S.L_TEMP_TO.M,2025-Q2,175573.516732258,175573.52,0.9999999813881844,8.749617697034751e-07
Total employment,RTD.Q.S0.S.L_TEMP_TO.M,2025-Q3,175840.037349925,175840.04,0.9999999849290582,3.5462488501281086e-07
Total employment,RTD.Q.S0.S.L_TEMP_TO.M,2025-Q4,176114.886183812,176114.89,0.9999999783312585,-6.608112501638175e-07
Total employment,RTD.Q.S0.S.L_TEMP_TO.M,2026-Q1,176250.229484324,176250.23,0.9999999970741824,1.8757327913121458e-06
Total employment,RTD.Q.S0.S.L_TEMP_TO.M,2026-Q2,176448.17102255,176448.17,1.000000005795186,8.73079786245512e-07
