Folder,Variable,ECB series key,2001-01-03,2001-01-31,2001-02-28,2001-04-10,2001-05-08,2001-06-06,2001-07-04,2001-08-01,2001-09-13,2001-10-10,2001-11-07,2001-12-05,2002-01-16,2002-02-06,2002-03-06,2002-04-03,2002-04-30,2002-06-05,2002-07-03,2002-07-31,2002-09-11,2002-10-09,2002-11-06,2002-12-04,2003-01-15,2003-02-05,2003-03-05,2003-04-02,2003-05-07,2003-06-04,2003-07-09,2003-07-30,2003-09-03,2003-10-01,2003-11-05,2003-12-03,2004-01-14,2004-02-04,2004-03-03,2004-03-31,2004-05-05,2004-06-02,2004-06-30,2004-08-04,2004-09-01,2004-10-06,2004-11-03,2004-12-01,2005-01-12,2005-02-02,2005-03-02,2005-04-06,2005-05-03,2005-06-01,2005-07-06,2005-08-03,2005-08-31,2005-10-05,2005-11-02,2005-11-30,2006-01-11,2006-02-01,2006-03-01,2006-04-04,2006-05-03,2006-06-07,2006-07-05,2006-08-02,2006-08-30,2006-10-04,2006-10-31,2006-12-06,2007-01-10,2007-02-07,2007-03-07,2007-04-11,2007-05-08,2007-06-05,2007-07-04,2007-08-01,2007-09-05,2007-10-02,2007-11-07,2007-12-05,2008-01-09,2008-02-06,2008-03-05,2008-04-09,2008-05-06,2008-06-04,2008-07-02,2008-08-06,2008-09-03,2008-09-30,2008-11-05,2008-12-03,2009-01-14,2009-02-04,2009-03-04,2009-04-01,2009-05-06,2009-06-03,2009-07-01,2009-08-05,2009-09-02,2009-10-07,2009-11-04,2009-12-02,2010-01-13,2010-02-03,2010-03-03,2010-04-07,2010-05-05,2010-06-09,2010-07-07,2010-08-04,2010-09-01,2010-10-06,2010-11-03,2010-12-01,2011-01-12,2011-02-02,2011-03-02,2011-04-06,2011-05-04,2011-06-08,2011-07-06,2011-08-03,2011-09-07,2011-10-05,2011-11-02,2011-12-07,2012-01-11,2012-02-08,2012-03-07,2012-04-03,2012-05-02,2012-06-05,2012-07-04,2012-08-01,2012-09-05,2012-10-03,2012-11-07,2012-12-05,2013-01-09,2013-02-06,2013-03-06,2013-04-03,2013-04-30,2013-06-05,2013-07-03,2013-07-31,2013-09-04,2013-10-01,2013-11-06,2013-12-04,2014-01-08,2014-02-05,2014-03-05,2014-04-02,2014-05-07,2014-06-04,2014-07-02,2014-08-06,2014-09-03,2014-10-01,2014-11-05,2014-12-03,2015-01-21,2015-03-04,2015-04-14,2015-06-02,2015-07-15,2015-09-02,2015-10-21,2015-12-02,2016-01-20,2016-03-09,2016-04-20,2016-06-01,2016-07-20,2016-09-07,2016-10-19,2016-12-07,2017-01-18,2017-03-08,2017-04-26,2017-06-07,2017-07-19,2017-09-06,2017-10-25,2017-12-13,2018-01-24,2018-03-07,2018-04-25,2018-06-13,2018-07-25,2018-09-12,2018-10-24,2018-12-12,2019-01-23,2019-03-06,2019-04-09,2019-06-05,2019-07-24,2019-09-11,2019-10-23,2019-12-11,2020-01-22,2020-03-11,2020-04-29,2020-06-03,2020-07-15,2020-09-09,2020-10-28,2020-12-09,2021-01-20,2021-03-10,2021-04-21,2021-06-09,2021-07-21,2021-09-08,2021-10-27,2021-12-15,2022-02-02,2022-03-09,2022-04-13,2022-06-08,2022-07-20,2022-09-07,2022-10-26,2022-12-14,2023-02-01,2023-03-15,2023-05-03,2023-06-14,2023-07-26,2023-09-13,2023-10-25,2023-12-13,2024-01-24,2024-03-06,2024-04-10,2024-06-05,2024-07-17,2024-09-11,2024-10-16,2024-12-11,2025-01-29,2025-03-05,2025-04-16,2025-06-04,2025-07-23,2025-09-10,2025-10-29,2025-12-17,2026-02-04,2026-03-18,2026-04-29,2026-06-10,2026-09-09
Balance of payments,"Capital account, credit",RTD.M.S0.N.X_KA1C_A1.E,current,current,current,current,current,current,current,current,current,current,current,current,current,current,current,current,current,current,current,current,current,current,current,current,current,current,current,current,current,current,current,current,current,current,current,current,current,current,current,current,current,current,current,current,current,current,current,current,current,current,current,current,current,current,current,current,current,current,current,current,current,current,current,current,current,current,current,current,current,current,current,current,current,current,current,current,current,current,current,current,current,current,current,current,current,current,current,current,current,current,current,current,current,current,current,current,current,current,current,current,current,current,current,current,current,current,current,current,current,current,current,current,current,current,current,current,current,current,current,current,current,current,current,current,current,current,current,current,current,current,current,current,current,current,current,current,current,current,current,current,current,current,current,current,current,current,current,current,current,current,current,current,current,current,current,current,current,current,current,current,current,current,current,current,current,current,current,current,current,current,current,current,current,current,current,current,current,current,current,current,current,current,current,current,current,current,current,current,current,current,current,current,current,current,current,current,current,current,current,current,current,current,current,current,current,current,current,current,current,current,current,current,current,current,current,current,current,current,current,current,current,current,current,current,current,current,current,current,current,current,current,current,current,current,current,behind,current,current,current,current,current,current,current,current,current,current,current,current,current,current,current,current,current,current,current,current,current,current,current,current,current
Balance of payments,"Capital account, debit",RTD.M.S0.N.X_KA1D_A1.E,current,current,current,current,current,current,current,current,current,current,current,current,current,current,current,current,current,current,current,current,current,current,current,current,current,current,current,current,current,current,current,current,current,current,current,current,current,current,current,current,current,current,current,current,current,current,current,current,current,current,current,current,current,current,current,current,current,current,current,current,current,current,current,current,current,current,current,current,current,current,current,current,current,current,current,current,current,current,current,current,current,current,current,current,current,current,current,current,current,current,current,current,current,current,current,current,current,current,current,current,current,current,current,current,current,current,current,current,current,current,current,current,current,current,current,current,current,current,current,current,current,current,current,current,current,current,current,current,current,current,current,current,current,current,current,current,current,current,current,current,current,current,current,current,current,current,current,current,current,current,current,current,current,current,current,current,current,current,current,current,current,current,current,current,current,current,current,current,current,current,current,current,current,current,current,current,current,current,current,current,current,current,current,current,current,current,current,current,current,current,current,current,current,current,current,current,current,current,current,current,current,current,current,current,current,current,current,current,current,current,current,current,current,current,current,current,current,current,current,current,current,current,current,current,current,current,current,current,current,current,current,current,current,current,current,behind,current,current,current,current,current,current,current,current,current,current,current,current,current,current,current,current,current,current,current,current,current,current,current,current,current
Balance of payments,Current account balance,RTD.M.S0.N.X_XA1N_A1.E,current,current,current,current,current,current,current,current,current,current,current,current,current,current,current,current,current,current,current,current,current,current,current,current,current,current,current,current,current,current,current,current,current,current,current,current,current,current,current,current,current,current,current,current,current,current,current,current,current,current,current,current,current,current,current,current,current,current,current,current,current,current,current,current,current,current,current,current,current,current,current,current,current,current,current,current,current,current,current,current,current,current,current,current,current,current,current,current,current,current,current,current,current,current,current,current,current,current,current,current,current,current,current,current,current,current,current,current,current,current,current,current,current,current,current,current,current,current,current,current,current,current,current,current,current,current,current,current,current,current,current,current,current,current,current,current,current,current,current,current,current,current,current,current,current,current,current,current,current,current,current,current,current,current,current,current,current,current,current,current,current,current,current,current,current,current,current,current,current,current,current,current,current,current,current,current,current,current,current,current,current,current,current,current,current,current,current,current,current,current,current,current,current,current,current,current,current,current,current,current,current,current,current,current,current,current,current,current,current,current,current,current,current,current,current,current,current,current,current,current,current,current,current,current,current,current,current,current,current,current,current,current,current,current,current,behind,current,current,current,current,current,current,current,current,current,current,current,current,current,current,current,current,current,behind,behind,behind,behind,behind,behind,behind,behind
Balance of payments,"Current account, credit",RTD.M.S0.N.X_XI1C_A1.E,current,current,current,current,current,current,current,current,current,current,current,current,current,current,current,current,current,current,current,current,current,current,current,current,current,current,current,current,current,current,current,current,current,current,current,current,current,current,current,current,current,current,current,current,current,current,current,current,current,current,current,current,current,current,current,current,current,current,current,current,current,current,current,current,current,current,current,current,current,current,current,current,current,current,current,current,current,current,current,current,current,current,current,current,current,current,current,current,current,current,current,current,current,current,current,current,current,current,current,current,current,current,current,current,current,current,current,current,current,current,current,current,current,current,current,current,current,current,current,current,current,current,current,current,current,current,current,current,current,current,current,current,current,current,current,current,current,current,current,current,current,current,current,current,current,current,current,current,current,current,current,current,current,current,current,current,current,current,current,current,current,current,current,current,current,current,current,current,current,current,current,current,current,current,current,current,current,current,current,current,current,current,current,current,current,current,current,current,current,current,current,current,current,current,current,current,current,current,current,current,current,current,current,current,current,current,current,current,current,current,current,current,current,current,current,current,current,current,current,current,current,current,current,current,current,current,current,current,current,current,current,current,current,current,current,behind,current,current,current,current,current,current,current,current,current,current,current,current,current,current,current,current,current,behind,behind,behind,behind,behind,behind,behind,behind
Balance of payments,"Current account, debit",RTD.M.S0.N.X_XI1D_A1.E,current,current,current,current,current,current,current,current,current,current,current,current,current,current,current,current,current,current,current,current,current,current,current,current,current,current,current,current,current,current,current,current,current,current,current,current,current,current,current,current,current,current,current,current,current,current,current,current,current,current,current,current,current,current,current,current,current,current,current,current,current,current,current,current,current,current,current,current,current,current,current,current,current,current,current,current,current,current,current,current,current,current,current,current,current,current,current,current,current,current,current,current,current,current,current,current,current,current,current,current,current,current,current,current,current,current,current,current,current,current,current,current,current,current,current,current,current,current,current,current,current,current,current,current,current,current,current,current,current,current,current,current,current,current,current,current,current,current,current,current,current,current,current,current,current,current,current,current,current,current,current,current,current,current,current,current,current,current,current,current,current,current,current,current,current,current,current,current,current,current,current,current,current,current,current,current,current,current,current,current,current,current,current,current,current,current,current,current,current,current,current,current,current,current,current,current,current,current,current,current,current,current,current,current,current,current,current,current,current,current,current,current,current,current,current,current,current,current,current,current,current,current,current,current,current,current,current,current,current,current,current,current,current,current,current,behind,current,current,current,current,current,current,current,current,current,current,current,current,current,current,current,current,current,behind,behind,behind,behind,behind,behind,behind,behind
Balance of payments,"Goods, credit",RTD.M.S0.N.X_XA1C_A1.E,current,current,current,current,current,current,current,current,current,current,current,current,current,current,current,current,current,current,current,current,current,current,current,current,current,current,current,current,current,current,current,current,current,current,current,current,current,current,current,current,current,current,current,current,current,current,current,current,current,current,current,current,current,current,current,current,current,current,current,current,current,current,current,current,current,current,current,current,current,current,current,current,current,current,current,current,current,current,current,current,current,current,current,current,current,current,current,current,current,current,current,current,current,current,current,current,current,current,current,current,current,current,current,current,current,current,current,current,current,current,current,current,current,current,current,current,current,current,current,current,current,current,current,current,current,current,current,current,current,current,current,current,current,current,current,current,current,current,current,current,current,current,current,current,current,current,current,current,current,current,current,current,current,current,current,current,current,current,current,current,current,current,current,current,current,current,current,current,current,current,current,current,current,current,current,current,current,current,current,current,current,current,current,current,current,current,current,current,current,current,current,current,current,current,current,current,current,current,current,current,current,current,current,current,current,current,current,current,current,current,current,current,current,current,current,current,current,current,current,current,current,current,current,current,current,current,current,current,current,current,current,current,current,current,current,behind,current,current,current,current,current,current,current,current,current,current,current,current,current,current,current,current,current,behind,behind,behind,behind,behind,behind,behind,behind
Balance of payments,"Goods, debit",RTD.M.S0.N.X_XA1D_A1.E,current,current,current,current,current,current,current,current,current,current,current,current,current,current,current,current,current,current,current,current,current,current,current,current,current,current,current,current,current,current,current,current,current,current,current,current,current,current,current,current,current,current,current,current,current,current,current,current,current,current,current,current,current,current,current,current,current,current,current,current,current,current,current,current,current,current,current,current,current,current,current,current,current,current,current,current,current,current,current,current,current,current,current,current,current,current,current,current,current,current,current,current,current,current,current,current,current,current,current,current,current,current,current,current,current,current,current,current,current,current,current,current,current,current,current,current,current,current,current,current,current,current,current,current,current,current,current,current,current,current,current,current,current,current,current,current,current,current,current,current,current,current,current,current,current,current,current,current,current,current,current,current,current,current,current,current,current,current,current,current,current,current,current,current,current,current,current,current,current,current,current,current,current,current,current,current,current,current,current,current,current,current,current,current,current,current,current,current,current,current,current,current,current,current,current,current,current,current,current,current,current,current,current,current,current,current,current,current,current,current,current,current,current,current,current,current,current,current,current,current,current,current,current,current,current,current,current,current,current,current,current,current,current,current,current,behind,current,current,current,current,current,current,current,current,current,current,current,current,current,current,current,current,current,behind,behind,behind,behind,behind,behind,behind,behind
Balance of payments,"Primary income, credit",RTD.M.S0.N.X_XS1C_A1.E,current,current,current,current,current,current,current,current,current,current,current,current,current,current,current,current,current,current,current,current,current,current,current,current,current,current,current,current,current,current,current,current,current,current,current,current,current,current,current,current,current,current,current,current,current,current,current,current,current,current,current,current,current,current,current,current,current,current,current,current,current,current,current,current,current,current,current,current,current,current,current,current,current,current,current,current,current,current,current,current,current,current,current,current,current,current,current,current,current,current,current,current,current,current,current,current,current,current,current,current,current,current,current,current,current,current,current,current,current,current,current,current,current,current,current,current,current,current,current,current,current,current,current,current,current,current,current,current,current,current,current,current,current,current,current,current,current,current,current,current,current,current,current,current,current,current,current,current,current,current,current,current,current,current,current,current,current,current,current,current,current,current,current,current,current,current,current,current,current,current,current,current,current,current,current,current,current,current,current,current,current,current,current,current,current,current,current,current,current,current,current,current,current,current,current,current,current,current,current,current,current,current,current,current,current,current,current,current,current,current,current,current,current,current,current,current,current,current,current,current,current,current,current,current,current,current,current,current,current,current,current,current,current,current,current,behind,current,current,current,current,current,current,current,current,current,current,current,current,current,current,current,current,current,behind,behind,behind,behind,behind,behind,behind,behind
Balance of payments,"Primary income, debit",RTD.M.S0.N.X_XS1D_A1.E,current,current,current,current,current,current,current,current,current,current,current,current,current,current,current,current,current,current,current,current,current,current,current,current,current,current,current,current,current,current,current,current,current,current,current,current,current,current,current,current,current,current,current,current,current,current,current,current,current,current,current,current,current,current,current,current,current,current,current,current,current,current,current,current,current,current,current,current,current,current,current,current,current,current,current,current,current,current,current,current,current,current,current,current,current,current,current,current,current,current,current,current,current,current,current,current,current,current,current,current,current,current,current,current,current,current,current,current,current,current,current,current,current,current,current,current,current,current,current,current,current,current,current,current,current,current,current,current,current,current,current,current,current,current,current,current,current,current,current,current,current,current,current,current,current,current,current,current,current,current,current,current,current,current,current,current,current,current,current,current,current,current,current,current,current,current,current,current,current,current,current,current,current,current,current,current,current,current,current,current,current,current,current,current,current,current,current,current,current,current,current,current,current,current,current,current,current,current,current,current,current,current,current,current,current,current,current,current,current,current,current,current,current,current,current,current,current,current,current,current,current,current,current,current,current,current,current,current,current,current,current,current,current,current,current,behind,current,current,current,current,current,current,current,current,current,current,current,current,current,current,current,current,current,behind,behind,behind,behind,behind,behind,behind,behind
Balance of payments,"Secondary income, credit",RTD.M.S0.N.X_XT1C_A1.E,current,current,current,current,current,current,current,current,current,current,current,current,current,current,current,current,current,current,current,current,current,current,current,current,current,current,current,current,current,current,current,current,current,current,current,current,current,current,current,current,current,current,current,current,current,current,current,current,current,current,current,current,current,current,current,current,current,current,current,current,current,current,current,current,current,current,current,current,current,current,current,current,current,current,current,current,current,current,current,current,current,current,current,current,current,current,current,current,current,current,current,current,current,current,current,current,current,current,current,current,current,current,current,current,current,current,current,current,current,current,current,current,current,current,current,current,current,current,current,current,current,current,current,current,current,current,current,current,current,current,current,current,current,current,current,current,current,current,current,current,current,current,current,current,current,current,current,current,current,current,current,current,current,current,current,current,current,current,current,current,current,current,current,current,current,current,current,current,current,current,current,current,current,current,current,current,current,current,current,current,current,current,current,current,current,current,current,current,current,current,current,current,current,current,current,current,current,current,current,current,current,current,current,current,current,current,current,current,current,current,current,current,current,current,current,current,current,current,current,current,current,current,current,current,current,current,current,current,current,current,current,current,current,current,current,behind,current,current,current,current,current,current,current,current,current,current,current,current,current,current,current,current,current,behind,behind,behind,behind,behind,behind,behind,behind
Balance of payments,"Secondary income, debit",RTD.M.S0.N.X_XT1D_A1.E,current,current,current,current,current,current,current,current,current,current,current,current,current,current,current,current,current,current,current,current,current,current,current,current,current,current,current,current,current,current,current,current,current,current,current,current,current,current,current,current,current,current,current,current,current,current,current,current,current,current,current,current,current,current,current,current,current,current,current,current,current,current,current,current,current,current,current,current,current,current,current,current,current,current,current,current,current,current,current,current,current,current,current,current,current,current,current,current,current,current,current,current,current,current,current,current,current,current,current,current,current,current,current,current,current,current,current,current,current,current,current,current,current,current,current,current,current,current,current,current,current,current,current,current,current,current,current,current,current,current,current,current,current,current,current,current,current,current,current,current,current,current,current,current,current,current,current,current,current,current,current,current,current,current,current,current,current,current,current,current,current,current,current,current,current,current,current,current,current,current,current,current,current,current,current,current,current,current,current,current,current,current,current,current,current,current,current,current,current,current,current,current,current,current,current,current,current,current,current,current,current,current,current,current,current,current,current,current,current,current,current,current,current,current,current,current,current,current,current,current,current,current,current,current,current,current,current,current,current,current,current,current,current,current,current,behind,current,current,current,current,current,current,current,current,current,current,current,current,current,current,current,current,current,behind,behind,behind,behind,behind,behind,behind,behind
Balance of payments,"Services, credit",RTD.M.S0.N.X_XG1C_A1.E,current,current,current,current,current,current,current,current,current,current,current,current,current,current,current,current,current,current,current,current,current,current,current,current,current,current,current,current,current,current,current,current,current,current,current,current,current,current,current,current,current,current,current,current,current,current,current,current,current,current,current,current,current,current,current,current,current,current,current,current,current,current,current,current,current,current,current,current,current,current,current,current,current,current,current,current,current,current,current,current,current,current,current,current,current,current,current,current,current,current,current,current,current,current,current,current,current,current,current,current,current,current,current,current,current,current,current,current,current,current,current,current,current,current,current,current,current,current,current,current,current,current,current,current,current,current,current,current,current,current,current,current,current,current,current,current,current,current,current,current,current,current,current,current,current,current,current,current,current,current,current,current,current,current,current,current,current,current,current,current,current,current,current,current,current,current,current,current,current,current,current,current,current,current,current,current,current,current,current,current,current,current,current,current,current,current,current,current,current,current,current,current,current,current,current,current,current,current,current,current,current,current,current,current,current,current,current,current,current,current,current,current,current,current,current,current,current,current,current,current,current,current,current,current,current,current,current,current,current,current,current,current,current,current,current,behind,current,current,current,current,current,current,current,current,current,current,current,current,current,current,current,current,current,behind,behind,behind,behind,behind,behind,behind,behind
Balance of payments,"Services, debit",RTD.M.S0.N.X_XG1D_A1.E,current,current,current,current,current,current,current,current,current,current,current,current,current,current,current,current,current,current,current,current,current,current,current,current,current,current,current,current,current,current,current,current,current,current,current,current,current,current,current,current,current,current,current,current,current,current,current,current,current,current,current,current,current,current,current,current,current,current,current,current,current,current,current,current,current,current,current,current,current,current,current,current,current,current,current,current,current,current,current,current,current,current,current,current,current,current,current,current,current,current,current,current,current,current,current,current,current,current,current,current,current,current,current,current,current,current,current,current,current,current,current,current,current,current,current,current,current,current,current,current,current,current,current,current,current,current,current,current,current,current,current,current,current,current,current,current,current,current,current,current,current,current,current,current,current,current,current,current,current,current,current,current,current,current,current,current,current,current,current,current,current,current,current,current,current,current,current,current,current,current,current,current,current,current,current,current,current,current,current,current,current,current,current,current,current,current,current,current,current,current,current,current,current,current,current,current,current,current,current,current,current,current,current,current,current,current,current,current,current,current,current,current,current,current,current,current,current,current,current,current,current,current,current,current,current,current,current,current,current,current,current,current,current,current,current,behind,current,current,current,current,current,current,current,current,current,current,current,current,current,current,current,current,current,behind,behind,behind,behind,behind,behind,behind,behind
Commodity prices,"Oil price, Brent crude",RTD.M.S0.N.P_OILBR.E,current,current,current,current,current,current,current,current,current,current,current,current,current,current,current,current,current,current,current,current,current,current,current,current,current,current,current,current,current,current,current,current,current,current,current,current,current,current,current,current,current,current,current,current,current,current,current,current,current,current,current,current,current,current,current,current,current,current,current,current,current,current,current,current,current,current,current,current,current,current,current,current,current,current,current,current,current,current,current,current,current,current,current,current,current,current,current,current,current,current,current,current,current,current,current,current,current,current,current,current,current,current,current,current,current,current,current,current,current,current,current,current,current,current,current,current,current,current,current,current,current,current,current,current,current,current,current,current,current,current,current,current,current,current,current,current,current,current,current,current,current,current,current,current,current,current,current,current,current,current,current,current,current,current,current,current,current,current,current,current,current,current,current,current,current,current,current,current,current,current,current,current,current,current,current,current,current,current,current,current,current,current,current,current,current,current,current,current,current,current,current,current,current,current,current,current,current,current,current,current,current,current,current,current,current,current,current,current,current,current,current,current,current,current,current,current,current,current,current,current,current,current,current,current,current,current,current,current,current,current,current,current,current,current,current,current,current,current,current,current,current,current,current,current,current,current,current,current,current,behind,behind,behind,behind,behind,behind,behind,behind,behind,behind,behind,behind
Commodity prices,"Raw material prices, excluding energy",RTD.M.S0.N.P_R_XNRGY.E,current,current,current,current,current,current,current,current,current,current,current,current,current,current,current,current,current,current,current,current,current,current,current,current,current,current,current,current,current,current,current,current,current,current,current,current,current,current,current,current,current,current,current,current,current,current,current,current,current,current,current,current,current,current,current,current,current,current,current,current,current,current,current,current,current,current,current,current,current,current,current,current,current,current,current,current,current,current,current,current,current,current,current,current,current,current,current,current,current,current,current,current,current,current,current,current,current,current,current,behind,behind,behind,behind,behind,behind,behind,behind,behind,behind,behind,behind,behind,behind,behind,current,current,current,current,behind,behind,behind,behind,behind,no observations,no observations,no observations,no observations,no observations,no observations,no observations,no observations,no observations,no observations,no observations,no observations,no observations,no observations,no observations,no observations,no observations,no observations,no observations,no observations,no observations,no observations,no observations,no observations,no observations,no observations,no observations,no observations,no observations,no observations,no observations,no observations,no observations,no observations,no observations,no observations,no observations,no observations,no observations,no observations,no observations,no observations,no observations,no observations,no observations,no observations,no observations,no observations,no observations,no observations,no observations,no observations,no observations,no observations,no observations,no observations,no observations,no observations,no observations,no observations,no observations,no observations,no observations,no observations,no observations,no observations,no observations,no observations,no observations,no observations,no observations,no observations,no observations,no observations,no observations,no observations,no observations,no observations,no observations,no observations,no observations,no observations,no observations,no observations,no observations,no observations,no observations,no observations,no observations,no observations,no observations,no observations,no observations,no observations,no observations,no observations,no observations,no observations,no observations,no observations,no observations,no observations,no observations,no observations,no observations,no observations,no observations,no observations,no observations,no observations,no observations,no observations,no observations,no observations,no observations,no observations,no observations,no observations,no observations,current,current,current,current,current,current,current,behind,behind,behind,behind,behind,behind,behind,behind,behind,behind,behind,behind
Commodity prices,"Raw material prices, total",RTD.M.S0.N.P_R_TO.E,current,current,current,current,current,current,current,current,current,current,current,current,current,current,current,current,current,current,current,current,current,current,current,current,current,current,current,current,current,current,current,current,current,current,current,current,current,current,current,current,current,current,current,current,current,current,current,current,current,current,current,current,current,current,current,current,current,current,current,current,current,current,current,current,current,current,current,current,current,current,current,current,current,current,current,current,current,current,current,current,current,current,current,current,current,current,current,current,current,current,current,current,current,current,current,current,current,current,current,behind,behind,behind,behind,behind,behind,behind,behind,behind,behind,behind,behind,behind,behind,behind,current,current,current,current,behind,behind,behind,behind,behind,no observations,no observations,no observations,no observations,no observations,no observations,no observations,no observations,no observations,no observations,no observations,no observations,no observations,no observations,no observations,no observations,no observations,no observations,no observations,no observations,no observations,no observations,no observations,no observations,no observations,no observations,no observations,no observations,no observations,no observations,no observations,no observations,no observations,no observations,no observations,no observations,no observations,no observations,no observations,no observations,no observations,no observations,no observations,no observations,no observations,no observations,no observations,no observations,no observations,no observations,no observations,no observations,no observations,no observations,no observations,no observations,no observations,no observations,no observations,no observations,no observations,no observations,no observations,no observations,no observations,no observations,no observations,no observations,no observations,no observations,no observations,no observations,no observations,no observations,no observations,no observations,no observations,no observations,no observations,no observations,no observations,no observations,no observations,no observations,no observations,no observations,no observations,no observations,no observations,no observations,no observations,no observations,no observations,no observations,no observations,no observations,no observations,no observations,no observations,no observations,no observations,no observations,no observations,no observations,no observations,no observations,no observations,no observations,no observations,no observations,no observations,no observations,no observations,no observations,no observations,no observations,no observations,no observations,no observations,current,current,current,current,current,current,current,behind,behind,behind,behind,behind,behind,behind,behind,behind,behind,behind,behind
Construction prices,"Construction prices, residential buildings",RTD.Q.S0.N.P_CO_RESB.X,current,current,current,behind,behind,current,current,current,current,current,current,current,current,current,current,current,current,current,current,current,current,current,current,current,current,current,current,current,current,current,current,current,current,current,current,current,current,current,current,current,current,current,current,current,current,current,current,current,current,current,current,current,current,current,current,behind,current,current,current,current,current,behind,behind,behind,current,current,current,current,current,current,current,current,current,current,current,behind,current,current,current,current,current,behind,behind,behind,behind,behind,behind,behind,behind,behind,behind,behind,behind,behind,behind,behind,behind,current,current,current,current,current,current,behind,current,current,current,current,current,current,current,current,current,current,current,current,behind,behind,behind,behind,behind,behind,behind,current,current,current,current,current,current,current,current,current,current,current,current,current,current,current,current,current,current,current,current,current,current,current,current,current,current,current,current,current,current,current,current,current,current,current,current,current,current,current,current,current,current,current,current,current,current,current,current,current,current,current,current,current,current,current,current,current,current,current,current,current,current,current,current,current,current,current,current,current,current,current,current,current,current,current,current,current,current,current,current,current,current,current,current,current,current,current,current,current,current,current,current,current,current,current,current,current,current,current,current,current,current,current,current,behind,behind,behind,behind,behind,behind,behind,behind,behind,behind,behind,behind,behind,behind,behind,behind,behind,behind,behind,behind,behind,behind,behind,behind,behind,current,current,current,current,current,current,current,current,current
Consumer prices (HICP),"Consumer prices (CPI), all items - Japan",RTD.M.JP.N.P_C_OV.X,current,current,current,current,current,current,current,current,current,current,current,current,current,current,current,current,current,current,current,current,current,current,current,current,current,current,current,current,current,current,current,current,current,current,current,current,current,current,current,current,current,current,current,current,current,current,current,current,current,current,current,current,current,current,current,current,current,current,current,current,current,current,current,current,current,current,current,current,current,current,current,current,current,current,current,current,current,current,current,current,current,current,current,current,current,current,current,current,current,current,current,current,current,current,current,current,current,current,current,current,current,current,current,current,current,current,current,current,current,current,current,current,current,current,current,current,current,current,current,current,current,current,current,current,current,current,current,current,current,current,current,current,current,current,current,current,current,current,current,current,current,current,current,current,current,current,current,current,current,current,current,current,current,current,current,current,current,current,current,current,current,current,current,current,current,current,current,current,current,current,current,current,current,current,current,current,current,current,current,current,current,current,current,current,current,current,current,current,current,current,current,current,current,current,current,current,current,current,current,current,current,current,current,current,current,current,current,current,current,current,current,current,current,current,current,current,current,current,current,current,current,current,current,current,current,current,current,current,current,current,current,current,current,current,current,current,current,current,current,current,current,current,current,current,current,current,current,current,current,current,current,current,current,behind,behind,behind,behind,behind,behind,behind,behind
Consumer prices (HICP),"Consumer prices (CPI), all items - United States",RTD.M.US.N.P_C_OV.X,current,current,current,current,current,current,current,current,current,current,current,current,current,current,current,current,current,current,current,current,current,current,current,current,current,current,current,current,current,current,behind,current,current,current,current,current,current,current,current,current,current,current,current,current,current,current,current,current,current,current,current,current,current,current,current,current,current,current,current,current,current,current,current,current,current,current,current,current,current,current,current,current,current,current,current,current,current,current,current,current,current,current,current,current,current,current,current,current,current,current,current,current,current,current,current,current,current,current,current,current,current,current,current,current,current,current,current,current,current,current,current,current,current,current,current,current,current,current,current,current,current,current,current,current,current,current,current,current,current,current,current,current,current,current,current,current,current,current,current,current,current,current,current,current,current,current,current,current,current,current,current,current,current,current,current,current,current,current,current,current,current,current,current,current,current,current,current,current,current,current,current,current,current,current,current,current,current,current,current,current,current,current,current,current,current,current,current,current,current,current,current,current,current,current,current,current,current,current,current,current,current,current,current,current,current,current,current,current,current,current,current,current,current,current,current,current,current,current,current,current,current,current,current,current,current,current,current,current,current,current,current,current,current,current,current,current,current,current,current,current,current,current,current,current,current,current,current,current,current,current,current,current,current,current,current,current,current,current,current,current,current
Consumer prices (HICP),"HICP inflation rate, all items",RTD.M.S0.N.P_C_OV.A,current,current,current,current,current,current,current,current,current,current,current,current,current,current,current,current,current,current,current,current,current,current,current,current,current,current,current,current,current,current,current,current,current,current,current,current,current,current,current,current,current,current,current,current,current,current,current,current,current,current,current,current,current,current,current,current,current,current,current,current,current,current,current,current,current,current,current,current,current,current,current,current,current,current,current,current,current,current,current,current,current,current,current,current,current,current,current,current,current,current,current,current,current,current,current,current,current,current,current,current,current,current,current,current,current,current,current,current,current,current,current,current,current,current,current,current,current,current,current,current,current,current,current,current,current,current,current,current,current,current,current,current,current,current,current,current,current,current,current,current,current,current,current,current,current,current,current,current,current,current,current,current,current,current,current,current,current,current,current,current,current,current,current,current,current,current,current,current,current,current,current,current,current,current,current,current,current,current,current,current,current,current,current,current,current,current,current,current,current,current,current,current,current,current,current,current,current,current,current,current,current,current,current,current,current,current,current,current,current,current,current,current,current,current,current,current,current,current,current,current,current,current,current,current,current,current,current,current,current,current,current,current,current,current,current,current,current,current,current,current,current,current,current,current,current,current,current,current,current,current,current,current,current,current,current,current,current,current,current,current,current
Consumer prices (HICP),"HICP, all items",RTD.M.S0.N.P_C_OV.X,current,current,current,current,current,current,current,current,current,current,current,current,current,current,current,current,current,current,current,current,current,current,current,current,current,current,current,current,current,current,current,current,current,current,current,current,current,current,current,current,current,current,current,current,current,current,current,current,current,current,current,current,current,current,current,current,current,current,current,current,current,current,current,current,current,current,current,current,current,current,current,current,current,current,current,current,current,current,current,current,current,current,current,current,current,current,current,current,current,current,current,current,current,current,current,current,current,current,current,current,current,current,current,current,current,current,current,current,current,current,current,current,current,current,current,current,current,current,current,current,current,current,current,current,current,current,current,current,current,current,current,current,current,current,current,current,current,current,current,current,current,current,current,current,current,current,current,current,current,current,current,current,current,current,current,current,current,current,current,current,current,current,current,current,current,current,current,current,current,current,current,current,current,current,current,current,current,current,current,current,current,current,current,current,current,current,current,current,current,current,current,current,current,current,current,current,current,current,current,current,current,current,current,current,current,current,current,current,current,current,current,current,current,current,current,current,current,current,current,current,current,current,current,current,current,current,current,current,current,current,current,current,current,current,current,current,current,current,current,current,current,current,current,current,current,current,current,current,current,current,current,current,current,current,current,current,current,current,current,current,current
Consumer prices (HICP),"HICP, communication services",RTD.M.S0.N.P_C_COMM.X,current,current,current,current,current,current,current,current,current,current,current,current,current,current,current,current,current,current,current,current,current,current,current,current,current,current,current,current,current,current,current,current,current,current,current,current,current,current,current,current,current,current,current,current,current,current,current,current,current,current,current,current,current,current,current,current,current,current,current,current,current,current,current,current,current,current,current,current,current,current,current,current,current,current,current,current,current,current,current,current,current,current,current,current,current,current,current,current,current,current,current,current,current,current,current,current,current,current,current,current,current,current,current,current,current,current,current,current,current,current,current,current,current,current,current,current,current,current,current,current,current,current,current,current,current,current,current,current,current,current,current,current,current,current,current,current,current,current,current,current,current,current,current,current,current,current,current,current,current,current,current,current,current,current,current,current,current,current,current,current,current,current,current,current,current,current,current,current,current,current,current,current,current,current,current,current,current,current,current,current,current,current,current,current,current,current,current,current,current,current,current,current,current,current,current,current,current,current,current,current,current,current,current,current,current,current,current,current,current,current,current,current,current,current,current,current,current,current,current,current,current,current,current,current,current,current,current,current,current,current,current,current,current,current,current,current,current,current,current,current,current,current,current,current,current,current,current,current,current,current,current,current,current,current,current,current,current,current,current,current,current
Consumer prices (HICP),"HICP, energy",RTD.M.S0.N.P_C_NRGY.X,current,current,current,current,current,current,current,current,current,current,current,current,current,current,current,current,current,current,current,current,current,current,current,current,current,current,current,current,current,current,current,current,current,current,current,current,current,current,current,current,current,current,current,current,current,current,current,current,current,current,current,current,current,current,current,current,current,current,current,current,current,current,current,current,current,current,current,current,current,current,current,current,current,current,current,current,current,current,current,current,current,current,current,current,current,current,current,current,current,current,current,current,current,current,current,current,current,current,current,current,current,current,current,current,current,current,current,current,current,current,current,current,current,current,current,current,current,current,current,current,current,current,current,current,current,current,current,current,current,current,current,current,current,current,current,current,current,current,current,current,current,current,current,current,current,current,current,current,current,current,current,current,current,current,current,current,current,current,current,current,current,current,current,current,current,current,current,current,current,current,current,current,current,current,current,current,current,current,current,current,current,current,current,current,current,current,current,current,current,current,current,current,current,current,current,current,current,current,current,current,current,current,current,current,current,current,current,current,current,current,current,current,current,current,current,current,current,current,current,current,current,current,current,current,current,current,current,current,current,current,current,current,current,current,current,current,current,current,current,current,current,current,current,current,current,current,current,current,current,current,current,current,current,current,current,current,current,current,current,current,current
Consumer prices (HICP),"HICP, excluding energy and unprocessed food",RTD.M.S0.N.P_C_XEFUN.X,current,current,current,current,current,current,current,current,current,current,current,current,current,current,current,current,current,current,current,current,current,current,current,current,current,current,current,current,current,current,current,current,current,current,current,current,current,current,current,current,current,current,current,current,current,current,current,current,current,current,current,current,current,current,current,current,current,current,current,current,current,current,current,current,current,current,current,current,current,current,current,current,current,current,current,current,current,current,current,current,current,current,current,current,current,current,current,current,current,current,current,current,current,current,current,current,current,current,current,current,current,current,current,current,current,current,current,current,current,current,current,current,current,current,current,current,current,current,current,current,current,current,current,current,current,current,current,current,current,current,current,current,current,current,current,current,current,current,current,current,current,current,current,current,current,current,current,current,current,current,current,current,current,current,current,current,current,current,current,current,current,current,current,current,current,current,current,current,current,current,current,current,current,current,current,current,current,current,current,current,current,current,current,current,current,current,current,current,current,current,current,current,current,current,current,current,current,current,current,current,current,current,current,current,current,current,current,current,current,current,current,current,current,current,current,current,current,current,current,current,current,current,current,current,current,current,current,current,current,current,current,current,current,current,current,current,current,current,current,current,current,current,current,current,current,current,current,current,current,current,current,current,current,behind,behind,behind,behind,behind,behind,behind,behind
Consumer prices (HICP),"HICP, food, alcohol and tobacco",RTD.M.S0.N.P_C_FOOD.X,current,current,current,current,current,current,current,current,current,current,current,current,current,current,current,current,current,current,current,current,current,current,current,current,current,current,current,current,current,current,current,current,current,current,current,current,current,current,current,current,current,current,current,current,current,current,current,current,current,current,current,current,current,current,current,current,current,current,current,current,current,current,current,current,current,current,current,current,current,current,current,current,current,current,current,current,current,current,current,current,current,current,current,current,current,current,current,current,current,current,current,current,current,current,current,current,current,current,current,current,current,current,current,current,current,current,current,current,current,current,current,current,current,current,current,current,current,current,current,current,current,current,current,current,current,current,current,current,current,current,current,current,current,current,current,current,current,current,current,current,current,current,current,current,current,current,current,current,current,current,current,current,current,current,current,current,current,current,current,current,current,current,current,current,current,current,current,current,current,current,current,current,current,current,current,current,current,current,current,current,current,current,current,current,current,current,current,current,current,current,current,current,current,current,current,current,current,current,current,current,current,current,current,current,current,current,current,current,current,current,current,current,current,current,current,current,current,current,current,current,current,current,current,current,current,current,current,current,current,current,current,current,current,current,current,current,current,current,current,current,current,current,current,current,current,current,current,current,current,current,current,current,current,current,current,current,current,current,current,current,current
Consumer prices (HICP),"HICP, goods",RTD.M.S0.N.P_C_GOOD.X,current,current,current,current,current,current,current,current,current,current,current,current,current,current,current,current,current,current,current,current,current,current,current,current,current,current,current,current,current,current,current,current,current,current,current,current,current,current,current,current,current,current,current,current,current,current,current,current,current,current,current,current,current,current,current,current,current,current,current,current,current,current,current,current,current,current,current,current,current,current,current,current,current,current,current,current,current,current,current,current,current,current,current,current,current,current,current,current,current,current,current,current,current,current,current,current,current,current,current,current,current,current,current,current,current,current,current,current,current,current,current,current,current,current,current,current,current,current,current,current,current,current,current,current,current,current,current,current,current,current,current,current,current,current,current,current,current,current,current,current,current,current,current,current,current,current,current,current,current,current,current,current,current,current,current,current,current,current,current,current,current,current,current,current,current,current,current,current,current,current,current,current,current,current,current,current,current,current,current,current,current,current,current,current,current,current,current,current,current,current,current,current,current,current,current,current,current,current,current,current,current,current,current,current,current,current,current,current,current,current,current,current,current,current,current,current,current,current,current,current,current,current,current,current,current,current,current,current,current,current,current,current,current,current,current,current,current,current,current,current,current,current,current,current,current,current,current,current,current,current,current,current,current,current,current,current,current,current,current,current,current
Consumer prices (HICP),"HICP, housing services",RTD.M.S0.N.P_C_HOUS.X,current,current,current,current,current,current,current,current,current,current,current,current,current,current,current,current,current,current,current,current,current,current,current,current,current,current,current,current,current,current,current,current,current,current,current,current,current,current,current,current,current,current,current,current,current,current,current,current,current,current,current,current,current,current,current,current,current,current,current,current,current,current,current,current,current,current,current,current,current,current,current,current,current,current,current,current,current,current,current,current,current,current,current,current,current,current,current,current,current,current,current,current,current,current,current,current,current,current,current,current,current,current,current,current,current,current,current,current,current,current,current,current,current,current,current,current,current,current,current,current,current,current,current,current,current,current,current,current,current,current,current,current,current,current,current,current,current,current,current,current,current,current,current,current,current,current,current,current,current,current,current,current,current,current,current,current,current,current,current,current,current,current,current,current,current,current,current,current,current,current,current,current,current,current,current,current,current,current,current,current,current,current,current,current,current,current,current,current,current,current,current,current,current,current,current,current,current,current,current,current,current,current,current,current,current,current,current,current,current,current,current,current,current,current,current,current,current,current,current,current,current,current,current,current,current,current,current,current,current,current,current,current,current,current,current,current,current,current,current,current,current,current,current,current,current,current,current,current,current,current,current,current,current,current,current,current,current,current,current,current,current
Consumer prices (HICP),"HICP, miscellaneous services",RTD.M.S0.N.P_C_MISC.X,current,current,current,current,current,current,current,current,current,current,current,current,current,current,current,current,current,current,current,current,current,current,current,current,current,current,current,current,current,current,current,current,current,current,current,current,current,current,current,current,current,current,current,current,current,current,current,current,current,current,current,current,current,current,current,current,current,current,current,current,current,current,current,current,current,current,current,current,current,current,current,current,current,current,current,current,current,current,current,current,current,current,current,current,current,current,current,current,current,current,current,current,current,current,current,current,current,current,current,current,current,current,current,current,current,current,current,current,current,current,current,current,current,current,current,current,current,current,current,current,current,current,current,current,current,current,current,current,current,current,current,current,current,current,current,current,current,current,current,current,current,current,current,current,current,current,current,current,current,current,current,current,current,current,current,current,current,current,current,current,current,current,current,current,current,current,current,current,current,current,current,current,current,current,current,current,current,current,current,current,current,current,current,current,current,current,current,current,current,current,current,current,current,current,current,current,current,current,current,current,current,current,current,current,current,current,current,current,current,current,current,current,current,current,current,current,current,current,current,current,current,current,current,current,current,current,current,current,current,current,current,current,current,current,current,current,current,current,current,current,current,current,current,current,current,current,current,current,current,current,current,current,current,current,current,current,current,current,current,current,current
Consumer prices (HICP),"HICP, non-energy industrial goods",RTD.M.S0.N.P_C_IGXE.X,current,current,current,current,current,current,current,current,current,current,current,current,current,current,current,current,current,current,current,current,current,current,current,current,current,current,current,current,current,current,current,current,current,current,current,current,current,current,current,current,current,current,current,current,current,current,current,current,current,current,current,current,current,current,current,current,current,current,current,current,current,current,current,current,current,current,current,current,current,current,current,current,current,current,current,current,current,current,current,current,current,current,current,current,current,current,current,current,current,current,current,current,current,current,current,current,current,current,current,current,current,current,current,current,current,current,current,current,current,current,current,current,current,current,current,current,current,current,current,current,current,current,current,current,current,current,current,current,current,current,current,current,current,current,current,current,current,current,current,current,current,current,current,current,current,current,current,current,current,current,current,current,current,current,current,current,current,current,current,current,current,current,current,current,current,current,current,current,current,current,current,current,current,current,current,current,current,current,current,current,current,current,current,current,current,current,current,current,current,current,current,current,current,current,current,current,current,current,current,current,current,current,current,current,current,current,current,current,current,current,current,current,current,current,current,current,current,current,current,current,current,current,current,current,current,current,current,current,current,current,current,current,current,current,current,current,current,current,current,current,current,current,current,current,current,current,current,current,current,current,current,current,current,current,current,current,current,current,current,current,current
Consumer prices (HICP),"HICP, processed food",RTD.M.S0.N.P_C_FOODPR.X,current,current,current,current,current,current,current,current,current,current,current,current,current,current,current,current,current,current,current,current,current,current,current,current,current,current,current,current,current,current,current,current,current,current,current,current,current,current,current,current,current,current,current,current,current,current,current,current,current,current,current,current,current,current,current,current,current,current,current,current,current,current,current,current,current,current,current,current,current,current,current,current,current,current,current,current,current,current,current,current,current,current,current,current,current,current,current,current,current,current,current,current,current,current,current,current,current,current,current,current,current,current,current,current,current,current,current,current,current,current,current,current,current,current,current,current,current,current,current,current,current,current,current,current,current,current,current,current,current,current,current,current,current,current,current,current,current,current,current,current,current,current,current,current,current,current,current,current,current,current,current,current,current,current,current,current,current,current,current,current,current,current,current,current,current,current,current,current,current,current,current,current,current,current,current,current,current,current,current,current,current,current,current,current,current,current,current,current,current,current,current,current,current,current,current,current,current,current,current,current,current,current,current,current,current,current,current,current,current,current,current,current,current,current,current,current,current,current,current,current,current,current,current,current,current,current,current,current,current,current,current,current,current,current,current,current,current,current,current,current,current,current,current,current,current,current,current,current,current,current,current,current,current,current,current,current,current,current,current,current,current
Consumer prices (HICP),"HICP, recreation and personal services",RTD.M.S0.N.P_C_RECR.X,current,current,current,current,current,current,current,current,current,current,current,current,current,current,current,current,current,current,current,current,current,current,current,current,current,current,current,current,current,current,current,current,current,current,current,current,current,current,current,current,current,current,current,current,current,current,current,current,current,current,current,current,current,current,current,current,current,current,current,current,current,current,current,current,current,current,current,current,current,current,current,current,current,current,current,current,current,current,current,current,current,current,current,current,current,current,current,current,current,current,current,current,current,current,current,current,current,current,current,current,current,current,current,current,current,current,current,current,current,current,current,current,current,current,current,current,current,current,current,current,current,current,current,current,current,current,current,current,current,current,current,current,current,current,current,current,current,current,current,current,current,current,current,current,current,current,current,current,current,current,current,current,current,current,current,current,current,current,current,current,current,current,current,current,current,current,current,current,current,current,current,current,current,current,current,current,current,current,current,current,current,current,current,current,current,current,current,current,current,current,current,current,current,current,current,current,current,current,current,current,current,current,current,current,current,current,current,current,current,current,current,current,current,current,current,current,current,current,current,current,current,current,current,current,current,current,current,current,current,current,current,current,current,current,current,current,current,current,current,current,current,current,current,current,current,current,current,current,current,current,current,current,current,current,current,current,current,current,current,current,current
Consumer prices (HICP),"HICP, services",RTD.M.S0.N.P_C_SERV.X,current,current,current,current,current,current,current,current,current,current,current,current,current,current,current,current,current,current,current,current,current,current,current,current,current,current,current,current,current,current,current,current,current,current,current,current,current,current,current,current,current,current,current,current,current,current,current,current,current,current,current,current,current,current,current,current,current,current,current,current,current,current,current,current,current,current,current,current,current,current,current,current,current,current,current,current,current,current,current,current,current,current,current,current,current,current,current,current,current,current,current,current,current,current,current,current,current,current,current,current,current,current,current,current,current,current,current,current,current,current,current,current,current,current,current,current,current,current,current,current,current,current,current,current,current,current,current,current,current,current,current,current,current,current,current,current,current,current,current,current,current,current,current,current,current,current,current,current,current,current,current,current,current,current,current,current,current,current,current,current,current,current,current,current,current,current,current,current,current,current,current,current,current,current,current,current,current,current,current,current,current,current,current,current,current,current,current,current,current,current,current,current,current,current,current,current,current,current,current,current,current,current,current,current,current,current,current,current,current,current,current,current,current,current,current,current,current,current,current,current,current,current,current,current,current,current,current,current,current,current,current,current,current,current,current,current,current,current,current,current,current,current,current,current,current,current,current,current,current,current,current,current,current,current,current,current,current,current,current,current,current
Consumer prices (HICP),"HICP, transport services",RTD.M.S0.N.P_C_TRAN.X,current,current,current,current,current,current,current,current,current,current,current,current,current,current,current,current,current,current,current,current,current,current,current,current,current,current,current,current,current,current,current,current,current,current,current,current,current,current,current,current,current,current,current,current,current,current,current,current,current,current,current,current,current,current,current,current,current,current,current,current,current,current,current,current,current,current,current,current,current,current,current,current,current,current,current,current,current,current,current,current,current,current,current,current,current,current,current,current,current,current,current,current,current,current,current,current,current,current,current,current,current,current,current,current,current,current,current,current,current,current,current,current,current,current,current,current,current,current,current,current,current,current,current,current,current,current,current,current,current,current,current,current,current,current,current,current,current,current,current,current,current,current,current,current,current,current,current,current,current,current,current,current,current,current,current,current,current,current,current,current,current,current,current,current,current,current,current,current,current,current,current,current,current,current,current,current,current,current,current,current,current,current,current,current,current,current,current,current,current,current,current,current,current,current,current,current,current,current,current,current,current,current,current,current,current,current,current,current,current,current,current,current,current,current,current,current,current,current,current,current,current,current,current,current,current,current,current,current,current,current,current,current,current,current,current,current,current,current,current,current,current,current,current,current,current,current,current,current,current,current,current,current,current,current,current,current,current,current,current,current,current
Consumer prices (HICP),"HICP, unprocessed food",RTD.M.S0.N.P_C_FOODUN.X,current,current,current,current,current,current,current,current,current,current,current,current,current,current,current,current,current,current,current,current,current,current,current,current,current,current,current,current,current,current,current,current,current,current,current,current,current,current,current,current,current,current,current,current,current,current,current,current,current,current,current,current,current,current,current,current,current,current,current,current,current,current,current,current,current,current,current,current,current,current,current,current,current,current,current,current,current,current,current,current,current,current,current,current,current,current,current,current,current,current,current,current,current,current,current,current,current,current,current,current,current,current,current,current,current,current,current,current,current,current,current,current,current,current,current,current,current,current,current,current,current,current,current,current,current,current,current,current,current,current,current,current,current,current,current,current,current,current,current,current,current,current,current,current,current,current,current,current,current,current,current,current,current,current,current,current,current,current,current,current,current,current,current,current,current,current,current,current,current,current,current,current,current,current,current,current,current,current,current,current,current,current,current,current,current,current,current,current,current,current,current,current,current,current,current,current,current,current,current,current,current,current,current,current,current,current,current,current,current,current,current,current,current,current,current,current,current,current,current,current,current,current,current,current,current,current,current,current,current,current,current,current,current,current,current,current,current,current,current,current,current,current,current,current,current,current,current,current,current,current,current,current,current,current,current,current,current,current,current,current,current
Employment,Employees,RTD.Q.S0.N.L_EMP_TO.M,not yet published,not yet published,current,current,current,current,current,current,current,current,current,current,current,current,current,current,current,current,current,current,current,current,current,current,current,current,current,current,current,current,current,current,current,current,current,current,current,current,current,current,current,current,current,current,current,current,current,current,current,current,current,current,current,current,current,current,current,current,current,current,current,current,current,current,current,current,current,current,current,current,current,current,current,current,current,current,current,current,current,current,current,current,current,current,current,current,current,current,current,current,current,current,current,current,current,current,current,current,current,current,current,current,current,current,current,current,current,current,current,current,current,current,current,current,current,current,current,current,current,current,current,current,current,current,current,current,current,current,current,current,current,current,current,current,current,current,current,current,current,current,current,current,current,current,current,current,current,current,current,current,current,current,current,current,current,current,current,current,current,current,current,current,current,current,current,current,current,current,current,current,current,current,current,current,current,current,current,current,current,current,current,current,current,current,current,current,current,current,current,current,current,current,current,current,current,current,current,current,current,current,current,current,current,current,current,current,current,current,current,current,current,current,current,current,current,current,current,current,current,current,current,current,current,current,current,current,current,current,current,current,current,current,current,current,current,current,current,current,current,current,current,behind,behind,behind,behind,behind,behind,behind,behind,behind,behind,behind,current,current,current,current,current,current,current,current,current
Employment,"Employment, agriculture",RTD.Q.S0.N.L_TEMP_AHFF.M,not yet published,not yet published,not yet published,not yet published,not yet published,not yet published,not yet published,not yet published,not yet published,not yet published,not yet published,not yet published,not yet published,not yet published,not yet published,not yet published,not yet published,not yet published,not yet published,not yet published,not yet published,not yet published,not yet published,not yet published,not yet published,not yet published,current,current,current,current,current,current,current,current,current,current,current,current,current,current,current,current,current,current,current,current,current,current,current,current,current,current,current,current,current,current,current,current,current,current,current,current,current,current,current,current,current,current,current,current,current,current,current,current,current,current,current,current,current,current,current,current,current,current,current,current,current,current,current,current,current,current,current,current,current,current,current,current,current,current,current,current,current,current,current,current,current,current,current,current,current,current,current,current,current,current,current,current,current,current,current,current,current,current,current,current,current,current,current,current,current,current,current,current,current,current,current,current,current,current,current,current,current,current,current,current,current,current,current,current,current,current,current,current,current,current,current,current,current,current,current,current,current,current,current,current,current,current,current,current,current,current,current,current,current,current,current,current,current,current,current,current,current,current,current,current,current,current,current,current,current,current,current,current,current,current,current,current,current,current,current,current,current,current,current,current,current,current,current,current,current,current,current,current,current,current,current,current,current,current,current,current,current,current,current,current,current,current,current,current,current,current,current,current,current,current,current,current,current,current,current,behind,behind,behind,behind,behind,behind,behind,behind,behind,behind,behind,current,current,current,current,current,current,current,current,current
Employment,"Employment, arts and other services",RTD.Q.S0.N.L_TEMP_ARTOSER.M,not yet published,not yet published,not yet published,not yet published,not yet published,not yet published,not yet published,not yet published,not yet published,not yet published,not yet published,not yet published,not yet published,not yet published,not yet published,not yet published,not yet published,not yet published,not yet published,not yet published,not yet published,not yet published,not yet published,not yet published,not yet published,not yet published,not yet published,not yet published,not yet published,not yet published,not yet published,not yet published,not yet published,not yet published,not yet published,not yet published,not yet published,not yet published,not yet published,not yet published,not yet published,not yet published,not yet published,not yet published,not yet published,not yet published,not yet published,not yet published,not yet published,not yet published,not yet published,not yet published,not yet published,not yet published,not yet published,not yet published,not yet published,not yet published,not yet published,not yet published,not yet published,not yet published,not yet published,not yet published,not yet published,not yet published,not yet published,not yet published,not yet published,not yet published,not yet published,not yet published,not yet published,not yet published,not yet published,not yet published,not yet published,not yet published,not yet published,not yet published,not yet published,not yet published,not yet published,not yet published,not yet published,not yet published,not yet published,not yet published,not yet published,not yet published,not yet published,not yet published,not yet published,not yet published,not yet published,not yet published,not yet published,not yet published,not yet published,not yet published,not yet published,not yet published,not yet published,not yet published,not yet published,not yet published,not yet published,not yet published,not yet published,not yet published,not yet published,not yet published,not yet published,not yet published,not yet published,not yet published,not yet published,not yet published,not yet published,not yet published,not yet published,not yet published,not yet published,not yet published,not yet published,not yet published,not yet published,not yet published,not yet published,not yet published,not yet published,not yet published,current,current,current,current,current,current,current,current,current,current,current,current,current,current,current,current,current,current,current,current,current,current,current,current,current,current,current,current,current,current,current,current,current,current,current,current,current,current,current,current,current,current,current,current,current,current,current,current,current,current,current,current,current,current,current,current,current,current,current,current,current,current,current,current,current,current,current,current,current,current,current,current,current,current,current,current,current,current,current,current,current,current,current,current,current,current,current,current,current,current,current,current,current,current,current,current,current,current,current,current,current,current,current,current,current,current,current,current,current,behind,behind,behind,behind,behind,behind,behind,behind,behind,behind,behind,current,current,current,current,current,current,current,current,current
Employment,"Employment, construction",RTD.Q.S0.N.L_TEMP_CONST.M,not yet published,not yet published,not yet published,not yet published,not yet published,not yet published,not yet published,not yet published,not yet published,not yet published,not yet published,not yet published,not yet published,not yet published,not yet published,not yet published,not yet published,not yet published,not yet published,not yet published,not yet published,not yet published,not yet published,not yet published,not yet published,not yet published,current,current,current,current,current,current,current,current,current,current,current,current,current,current,current,current,current,current,current,current,current,current,current,current,current,current,current,current,current,current,current,current,current,current,current,current,current,current,current,current,current,current,current,current,current,current,current,current,current,current,current,current,current,current,current,current,current,current,current,current,current,current,current,current,current,current,current,current,current,current,current,current,current,current,current,current,current,current,current,current,current,current,current,current,current,current,current,current,current,current,current,current,current,current,current,current,current,current,current,current,current,current,current,current,current,current,current,current,current,current,current,current,current,current,current,current,current,current,current,current,current,current,current,current,current,current,current,current,current,current,current,current,current,current,current,current,current,current,current,current,current,current,current,current,current,current,current,current,current,current,current,current,current,current,current,current,current,current,current,current,current,current,current,current,current,current,current,current,current,current,current,current,current,current,current,current,current,current,current,current,current,current,current,current,current,current,current,current,current,current,current,current,current,current,current,current,current,current,current,current,current,current,current,current,current,current,current,current,current,current,current,current,current,current,current,behind,behind,behind,behind,behind,behind,behind,behind,behind,behind,behind,current,current,current,current,current,current,current,current,current
Employment,"Employment, finance and insurance",RTD.Q.S0.N.L_TEMP_FININS.M,not yet published,not yet published,not yet published,not yet published,not yet published,not yet published,not yet published,not yet published,not yet published,not yet published,not yet published,not yet published,not yet published,not yet published,not yet published,not yet published,not yet published,not yet published,not yet published,not yet published,not yet published,not yet published,not yet published,not yet published,not yet published,not yet published,not yet published,not yet published,not yet published,not yet published,not yet published,not yet published,not yet published,not yet published,not yet published,not yet published,not yet published,not yet published,not yet published,not yet published,not yet published,not yet published,not yet published,not yet published,not yet published,not yet published,not yet published,not yet published,not yet published,not yet published,not yet published,not yet published,not yet published,not yet published,not yet published,not yet published,not yet published,not yet published,not yet published,not yet published,not yet published,not yet published,not yet published,not yet published,not yet published,not yet published,not yet published,not yet published,not yet published,not yet published,not yet published,not yet published,not yet published,not yet published,not yet published,not yet published,not yet published,not yet published,not yet published,not yet published,not yet published,not yet published,not yet published,not yet published,not yet published,not yet published,not yet published,not yet published,not yet published,not yet published,not yet published,not yet published,not yet published,not yet published,not yet published,not yet published,not yet published,not yet published,not yet published,not yet published,not yet published,not yet published,not yet published,not yet published,not yet published,not yet published,not yet published,not yet published,not yet published,not yet published,not yet published,not yet published,not yet published,not yet published,not yet published,not yet published,not yet published,not yet published,not yet published,not yet published,not yet published,not yet published,not yet published,not yet published,not yet published,not yet published,not yet published,not yet published,not yet published,not yet published,not yet published,not yet published,current,current,current,current,current,current,current,current,current,current,current,current,current,current,current,current,current,current,current,current,current,current,current,current,current,current,current,current,current,current,current,current,current,current,current,current,current,current,current,current,current,current,current,current,current,current,current,current,current,current,current,current,current,current,current,current,current,current,current,current,current,current,current,current,current,current,current,current,current,current,current,current,current,current,current,current,current,current,current,current,current,current,current,current,current,current,current,current,current,current,current,current,current,current,current,current,current,current,current,current,current,current,current,current,current,current,current,current,current,behind,behind,behind,behind,behind,behind,behind,behind,behind,behind,behind,current,current,current,current,current,current,current,current,current
Employment,"Employment, industry",RTD.Q.S0.N.L_TEMP_INDTO.M,not yet published,not yet published,not yet published,not yet published,not yet published,not yet published,not yet published,not yet published,not yet published,not yet published,not yet published,not yet published,not yet published,not yet published,not yet published,not yet published,not yet published,not yet published,not yet published,not yet published,not yet published,not yet published,not yet published,not yet published,not yet published,not yet published,current,current,current,current,current,current,current,current,current,current,current,current,current,current,current,current,current,current,current,current,current,current,current,current,current,current,current,current,current,current,current,current,current,current,current,current,current,current,current,current,current,current,current,current,current,current,current,current,current,current,current,current,current,current,current,current,current,current,current,current,current,current,current,current,current,current,current,current,current,current,current,current,current,current,current,current,current,current,current,current,current,current,current,current,current,current,current,current,current,current,current,current,current,current,current,current,current,current,current,current,current,current,current,current,current,current,current,current,current,current,current,current,current,current,current,current,current,current,current,current,current,current,current,current,current,current,current,current,current,current,current,current,current,current,current,current,current,current,current,current,current,current,current,current,current,current,current,current,current,current,current,current,current,current,current,current,current,current,current,current,current,current,current,current,current,current,current,current,current,current,current,current,current,current,current,current,current,current,current,current,current,current,current,current,current,current,current,current,current,current,current,current,current,current,current,current,current,current,current,current,current,current,current,current,current,current,current,current,current,current,current,current,current,current,current,behind,behind,behind,behind,behind,behind,behind,behind,behind,behind,behind,current,current,current,current,current,current,current,current,current
Employment,"Employment, information and communication",RTD.Q.S0.N.L_TEMP_INFCOM.M,not yet published,not yet published,not yet published,not yet published,not yet published,not yet published,not yet published,not yet published,not yet published,not yet published,not yet published,not yet published,not yet published,not yet published,not yet published,not yet published,not yet published,not yet published,not yet published,not yet published,not yet published,not yet published,not yet published,not yet published,not yet published,not yet published,not yet published,not yet published,not yet published,not yet published,not yet published,not yet published,not yet published,not yet published,not yet published,not yet published,not yet published,not yet published,not yet published,not yet published,not yet published,not yet published,not yet published,not yet published,not yet published,not yet published,not yet published,not yet published,not yet published,not yet published,not yet published,not yet published,not yet published,not yet published,not yet published,not yet published,not yet published,not yet published,not yet published,not yet published,not yet published,not yet published,not yet published,not yet published,not yet published,not yet published,not yet published,not yet published,not yet published,not yet published,not yet published,not yet published,not yet published,not yet published,not yet published,not yet published,not yet published,not yet published,not yet published,not yet published,not yet published,not yet published,not yet published,not yet published,not yet published,not yet published,not yet published,not yet published,not yet published,not yet published,not yet published,not yet published,not yet published,not yet published,not yet published,not yet published,not yet published,not yet published,not yet published,not yet published,not yet published,not yet published,not yet published,not yet published,not yet published,not yet published,not yet published,not yet published,not yet published,not yet published,not yet published,not yet published,not yet published,not yet published,not yet published,not yet published,not yet published,not yet published,not yet published,not yet published,not yet published,not yet published,not yet published,not yet published,not yet published,not yet published,not yet published,not yet published,not yet published,not yet published,not yet published,not yet published,current,current,current,current,current,current,current,current,current,current,current,current,current,current,current,current,current,current,current,current,current,current,current,current,current,current,current,current,current,current,current,current,current,current,current,current,current,current,current,current,current,current,current,current,current,current,current,current,current,current,current,current,current,current,current,current,current,current,current,current,current,current,current,current,current,current,current,current,current,current,current,current,current,current,current,current,current,current,current,current,current,current,current,current,current,current,current,current,current,current,current,current,current,current,current,current,current,current,current,current,current,current,current,current,current,current,current,current,current,behind,behind,behind,behind,behind,behind,behind,behind,behind,behind,behind,current,current,current,current,current,current,current,current,current
Employment,"Employment, professional and business services",RTD.Q.S0.N.L_TEMP_SCADM.M,not yet published,not yet published,not yet published,not yet published,not yet published,not yet published,not yet published,not yet published,not yet published,not yet published,not yet published,not yet published,not yet published,not yet published,not yet published,not yet published,not yet published,not yet published,not yet published,not yet published,not yet published,not yet published,not yet published,not yet published,not yet published,not yet published,not yet published,not yet published,not yet published,not yet published,not yet published,not yet published,not yet published,not yet published,not yet published,not yet published,not yet published,not yet published,not yet published,not yet published,not yet published,not yet published,not yet published,not yet published,not yet published,not yet published,not yet published,not yet published,not yet published,not yet published,not yet published,not yet published,not yet published,not yet published,not yet published,not yet published,not yet published,not yet published,not yet published,not yet published,not yet published,not yet published,not yet published,not yet published,not yet published,not yet published,not yet published,not yet published,not yet published,not yet published,not yet published,not yet published,not yet published,not yet published,not yet published,not yet published,not yet published,not yet published,not yet published,not yet published,not yet published,not yet published,not yet published,not yet published,not yet published,not yet published,not yet published,not yet published,not yet published,not yet published,not yet published,not yet published,not yet published,not yet published,not yet published,not yet published,not yet published,not yet published,not yet published,not yet published,not yet published,not yet published,not yet published,not yet published,not yet published,not yet published,not yet published,not yet published,not yet published,not yet published,not yet published,not yet published,not yet published,not yet published,not yet published,not yet published,not yet published,not yet published,not yet published,not yet published,not yet published,not yet published,not yet published,not yet published,not yet published,not yet published,not yet published,not yet published,not yet published,not yet published,not yet published,not yet published,current,current,current,current,current,current,current,current,current,current,current,current,current,current,current,current,current,current,current,current,current,current,current,current,current,current,current,current,current,current,current,current,current,current,current,current,current,current,current,current,current,current,current,current,current,current,current,current,current,current,current,current,current,current,current,current,current,current,current,current,current,current,current,current,current,current,current,current,current,current,current,current,current,current,current,current,current,current,current,current,current,current,current,current,current,current,current,current,current,current,current,current,current,current,current,current,current,current,current,current,current,current,current,current,current,current,current,current,current,behind,behind,behind,behind,behind,behind,behind,behind,behind,behind,behind,current,current,current,current,current,current,current,current,current
Employment,"Employment, public admin, education and health",RTD.Q.S0.N.L_TEMP_DEFEDU.M,not yet published,not yet published,not yet published,not yet published,not yet published,not yet published,not yet published,not yet published,not yet published,not yet published,not yet published,not yet published,not yet published,not yet published,not yet published,not yet published,not yet published,not yet published,not yet published,not yet published,not yet published,not yet published,not yet published,not yet published,not yet published,not yet published,not yet published,not yet published,not yet published,not yet published,not yet published,not yet published,not yet published,not yet published,not yet published,not yet published,not yet published,not yet published,not yet published,not yet published,not yet published,not yet published,not yet published,not yet published,not yet published,not yet published,not yet published,not yet published,not yet published,not yet published,not yet published,not yet published,not yet published,not yet published,not yet published,not yet published,not yet published,not yet published,not yet published,not yet published,not yet published,not yet published,not yet published,not yet published,not yet published,not yet published,not yet published,not yet published,not yet published,not yet published,not yet published,not yet published,not yet published,not yet published,not yet published,not yet published,not yet published,not yet published,not yet published,not yet published,not yet published,not yet published,not yet published,not yet published,not yet published,not yet published,not yet published,not yet published,not yet published,not yet published,not yet published,not yet published,not yet published,not yet published,not yet published,not yet published,not yet published,not yet published,not yet published,not yet published,not yet published,not yet published,not yet published,not yet published,not yet published,not yet published,not yet published,not yet published,not yet published,not yet published,not yet published,not yet published,not yet published,not yet published,not yet published,not yet published,not yet published,not yet published,not yet published,not yet published,not yet published,not yet published,not yet published,not yet published,not yet published,not yet published,not yet published,not yet published,not yet published,not yet published,not yet published,not yet published,current,current,current,current,current,current,current,current,current,current,current,current,current,current,current,current,current,current,current,current,current,current,current,current,current,current,current,current,current,current,current,current,current,current,current,current,current,current,current,current,current,current,current,current,current,current,current,current,current,current,current,current,current,current,current,current,current,current,current,current,current,current,current,current,current,current,current,current,current,current,current,current,current,current,current,current,current,current,current,current,current,current,current,current,current,current,current,current,current,current,current,current,current,current,current,current,current,current,current,current,current,current,current,current,current,current,current,current,current,behind,behind,behind,behind,behind,behind,behind,behind,behind,behind,behind,current,current,current,current,current,current,current,current,current
Employment,"Employment, real estate",RTD.Q.S0.N.L_TEMP_REST.M,not yet published,not yet published,not yet published,not yet published,not yet published,not yet published,not yet published,not yet published,not yet published,not yet published,not yet published,not yet published,not yet published,not yet published,not yet published,not yet published,not yet published,not yet published,not yet published,not yet published,not yet published,not yet published,not yet published,not yet published,not yet published,not yet published,not yet published,not yet published,not yet published,not yet published,not yet published,not yet published,not yet published,not yet published,not yet published,not yet published,not yet published,not yet published,not yet published,not yet published,not yet published,not yet published,not yet published,not yet published,not yet published,not yet published,not yet published,not yet published,not yet published,not yet published,not yet published,not yet published,not yet published,not yet published,not yet published,not yet published,not yet published,not yet published,not yet published,not yet published,not yet published,not yet published,not yet published,not yet published,not yet published,not yet published,not yet published,not yet published,not yet published,not yet published,not yet published,not yet published,not yet published,not yet published,not yet published,not yet published,not yet published,not yet published,not yet published,not yet published,not yet published,not yet published,not yet published,not yet published,not yet published,not yet published,not yet published,not yet published,not yet published,not yet published,not yet published,not yet published,not yet published,not yet published,not yet published,not yet published,not yet published,not yet published,not yet published,not yet published,not yet published,not yet published,not yet published,not yet published,not yet published,not yet published,not yet published,not yet published,not yet published,not yet published,not yet published,not yet published,not yet published,not yet published,not yet published,not yet published,not yet published,not yet published,not yet published,not yet published,not yet published,not yet published,not yet published,not yet published,not yet published,not yet published,not yet published,not yet published,not yet published,not yet published,not yet published,not yet published,current,current,current,current,current,current,current,current,current,current,current,current,current,current,current,current,current,current,current,current,current,current,current,current,current,current,current,current,current,current,current,current,current,current,current,current,current,current,current,current,current,current,current,current,current,current,current,current,current,current,current,current,current,current,current,current,current,current,current,current,current,current,current,current,current,current,current,current,current,current,current,current,current,current,current,current,current,current,current,current,current,current,current,current,current,current,current,current,current,current,current,current,current,current,current,current,current,current,current,current,current,current,current,current,current,current,current,current,current,behind,behind,behind,behind,behind,behind,behind,behind,behind,behind,behind,current,current,current,current,current,current,current,current,current
Employment,"Employment, total (not adjusted)",RTD.Q.S0.N.L_TEMP_TO.M,not yet published,not yet published,current,current,current,current,current,current,current,current,current,current,current,current,current,current,current,current,current,current,current,current,current,current,current,current,current,current,current,current,current,current,current,current,current,current,current,current,current,current,current,current,current,current,current,current,current,current,current,current,current,current,current,current,current,current,current,current,current,current,current,current,current,current,current,current,current,current,current,current,current,current,current,current,current,current,current,current,current,current,current,current,current,current,current,current,current,current,current,current,current,current,current,current,current,current,current,current,current,current,current,current,current,current,current,current,current,current,current,current,current,current,current,current,current,current,current,current,current,current,current,current,current,current,current,current,current,current,current,current,current,current,current,current,current,current,current,current,current,current,current,current,current,current,current,current,current,current,current,current,current,current,current,current,current,current,current,current,current,current,current,current,current,current,current,current,current,current,current,current,current,current,current,current,current,current,current,current,current,current,current,current,current,current,current,current,current,current,current,current,current,current,current,current,current,current,current,current,current,current,current,current,current,current,current,current,current,current,current,current,current,current,current,current,current,current,current,current,current,current,current,current,current,current,current,current,current,current,current,current,current,current,current,current,current,current,current,current,current,current,current,behind,behind,behind,behind,behind,behind,behind,behind,behind,behind,behind,current,current,current,current,current,current,current,current,current
Employment,"Employment, total (seasonally adjusted)",RTD.Q.S0.S.L_TEMP_TO.M,not yet published,not yet published,current,current,current,current,current,current,current,current,current,current,current,current,current,current,current,current,current,current,current,current,current,current,current,current,current,current,current,current,current,current,current,current,current,current,current,current,current,current,current,current,current,current,current,current,current,current,current,current,current,current,current,current,current,current,current,current,current,current,current,current,current,current,current,current,current,current,current,current,current,current,current,current,current,current,current,current,current,current,current,current,current,current,current,current,current,current,current,current,current,current,current,current,current,current,current,current,current,current,current,current,current,current,current,current,current,current,current,current,current,current,current,current,current,current,current,current,current,current,current,current,current,current,current,current,current,current,current,current,current,current,current,current,current,current,current,current,current,current,current,current,current,current,current,current,current,current,current,current,current,current,current,current,current,current,current,current,current,current,current,current,current,current,current,current,current,current,current,current,current,current,current,current,current,current,current,current,current,current,current,current,current,current,current,current,current,current,current,current,current,current,current,current,current,current,current,current,current,current,current,current,current,current,current,current,current,current,current,current,current,current,current,current,current,current,current,current,current,current,current,current,current,current,current,current,current,current,current,current,current,current,current,current,current,current,current,current,current,current,current,current,behind,behind,behind,behind,behind,behind,behind,behind,behind,behind,current,current,current,current,current,current,current,current,current
Employment,"Employment, trade, transport and hospitality",RTD.Q.S0.N.L_TEMP_WSHRTC.M,not yet published,not yet published,not yet published,not yet published,not yet published,not yet published,not yet published,not yet published,not yet published,not yet published,not yet published,not yet published,not yet published,not yet published,not yet published,not yet published,not yet published,not yet published,not yet published,not yet published,not yet published,not yet published,not yet published,not yet published,not yet published,not yet published,current,current,current,current,current,current,current,current,current,current,current,current,current,current,current,current,current,current,current,current,current,current,current,current,current,current,current,current,current,current,current,current,current,current,current,current,current,current,current,current,current,current,current,current,current,current,current,current,current,current,current,current,current,current,current,current,current,current,current,current,current,current,current,current,current,current,current,current,current,current,current,current,current,current,current,current,current,current,current,current,current,current,current,current,current,current,current,current,current,current,current,current,current,current,current,current,current,current,current,current,current,current,current,current,current,current,current,current,current,current,current,current,current,current,current,current,current,current,current,current,current,current,current,current,current,current,current,current,current,current,current,current,current,current,current,current,current,current,current,current,current,current,current,current,current,current,current,current,current,current,current,current,current,current,current,current,current,current,current,current,current,current,current,current,current,current,current,current,current,current,current,current,current,current,current,current,current,current,current,current,current,current,current,current,current,current,current,current,current,current,current,current,current,current,current,current,current,current,current,current,current,current,current,current,current,current,current,current,current,current,current,current,current,current,current,behind,behind,behind,behind,behind,behind,behind,behind,behind,behind,behind,current,current,current,current,current,current,current,current,current
Employment,Self-employed,RTD.Q.S0.N.L_SEMP_TO.M,not yet published,not yet published,current,current,current,current,current,current,current,current,current,current,current,current,current,current,current,current,current,current,current,current,current,current,current,current,current,current,current,current,current,current,current,current,current,current,current,current,current,current,current,current,current,current,current,current,current,current,current,current,current,current,current,current,current,current,current,current,current,current,current,current,current,current,current,current,current,current,current,current,current,current,current,current,current,current,current,current,current,current,current,current,current,current,current,current,current,current,current,current,current,current,current,current,current,current,current,current,current,current,current,current,current,current,current,current,current,current,current,current,current,current,current,current,current,current,current,current,current,current,current,current,current,current,current,current,current,current,current,current,current,current,current,current,current,current,current,current,current,current,current,current,current,current,current,current,current,current,current,current,current,current,current,current,current,current,current,current,current,current,current,current,current,current,current,current,current,current,current,current,current,current,current,current,current,current,current,current,current,current,current,current,current,current,current,current,current,current,current,current,current,current,current,current,current,current,current,current,current,current,current,current,current,current,current,current,current,current,current,current,current,current,current,current,current,current,current,current,current,current,current,current,current,current,current,current,current,current,current,current,current,current,current,current,current,current,current,current,current,current,current,behind,behind,behind,behind,behind,behind,behind,behind,behind,behind,behind,current,current,current,current,current,current,current,current,current
Exchange rates,"Euro nominal effective exchange rate, broad group",RTD.M.S0.N.E_EN00_BGR.X,current,current,current,current,current,current,current,current,current,current,current,current,current,current,current,current,current,current,current,current,current,current,current,current,current,current,current,current,current,current,current,current,current,current,current,current,current,current,current,current,current,current,current,current,current,current,behind,behind,current,current,current,current,current,current,current,current,current,current,current,current,current,current,current,current,current,current,current,current,current,current,current,current,current,current,current,current,current,current,current,current,current,current,current,current,current,current,current,current,current,current,current,current,current,current,current,current,current,current,current,current,current,current,current,current,current,current,current,current,current,current,current,current,current,current,current,current,current,current,current,current,current,current,current,current,current,current,current,current,current,current,current,current,current,current,current,current,current,current,current,current,current,current,current,current,current,current,current,current,current,current,current,current,current,current,current,current,current,current,current,current,current,current,current,current,current,current,current,current,current,current,current,current,current,current,current,current,current,current,current,current,current,current,current,current,current,current,current,current,current,current,current,current,current,current,current,current,current,current,current,current,current,current,current,current,current,current,current,current,current,current,current,current,current,current,current,current,current,current,current,current,current,current,current,current,current,current,current,current,current,current,current,current,current,behind,behind,behind,behind,behind,behind,behind,behind,behind,behind,behind,behind,behind,behind,behind,behind,behind,behind,behind,current,current,current,current,current,current,current,current,current
Exchange rates,"Euro nominal effective exchange rate, narrow group",RTD.M.S0.N.E_EN00_NGR.X,current,current,current,current,current,current,current,current,current,current,current,current,current,current,current,current,current,current,current,current,current,current,current,current,current,current,current,current,current,current,current,current,current,current,current,current,current,current,current,current,current,current,current,current,current,current,current,current,current,current,current,current,current,current,current,current,current,current,current,current,current,current,current,current,current,current,current,current,current,current,current,current,current,current,current,current,current,current,current,current,current,current,current,current,current,current,current,current,current,current,current,current,current,current,current,current,current,current,current,current,current,current,current,current,current,current,current,current,current,current,current,current,current,current,current,current,current,current,current,current,current,current,current,current,current,current,current,current,current,current,current,current,current,current,current,current,current,current,current,current,current,current,current,current,current,current,current,current,current,current,current,current,current,current,current,current,current,current,current,current,current,current,current,current,current,current,current,current,current,current,current,current,current,current,current,current,current,current,current,current,current,current,current,current,current,current,current,current,current,current,current,current,current,current,current,current,current,current,current,current,current,current,current,current,current,current,current,current,current,current,current,current,current,current,current,current,current,current,current,current,current,current,current,current,current,current,current,current,current,current,current,current,current,behind,behind,behind,behind,behind,behind,behind,behind,behind,behind,behind,behind,behind,behind,behind,behind,behind,behind,behind,current,current,current,current,current,current,current,current,current
Exchange rates,"Euro real effective exchange rate (CPI deflated), broad group",RTD.M.S0.N.E_ERC0_BGR.X,current,current,current,current,current,current,current,current,current,current,current,current,current,current,current,current,current,current,current,current,current,current,current,current,current,current,current,current,current,current,current,current,current,current,current,current,current,current,current,current,current,current,current,current,current,current,behind,behind,current,current,current,current,current,current,current,current,current,current,current,current,current,current,current,current,current,current,current,current,current,current,current,current,current,current,current,current,current,current,current,current,current,current,current,current,current,current,current,current,current,current,current,current,current,current,current,current,current,current,current,current,current,current,current,current,current,current,current,current,current,current,current,current,current,current,current,current,current,current,current,current,current,current,current,current,current,current,current,current,current,current,current,current,current,current,current,current,current,current,current,current,current,current,current,current,current,current,current,current,current,current,current,current,current,current,current,current,current,current,current,current,current,current,current,current,current,current,current,current,current,current,current,current,current,current,current,current,current,current,current,current,current,current,current,current,current,current,current,current,current,current,current,current,current,current,current,current,current,current,current,current,current,current,current,current,current,current,current,current,current,current,current,current,current,current,current,current,current,current,current,current,current,current,current,current,current,current,current,current,current,current,current,current,current,behind,behind,behind,behind,behind,behind,behind,behind,behind,behind,behind,behind,behind,behind,behind,behind,behind,behind,behind,current,current,current,current,current,current,current,current,current
Exchange rates,"Euro real effective exchange rate (CPI deflated), narrow group",RTD.M.S0.N.E_ERC0_NGR.X,current,current,current,current,current,current,current,current,current,current,current,current,current,current,current,current,current,current,current,current,current,current,current,current,current,current,current,current,current,current,current,current,current,current,current,current,current,current,current,current,current,current,current,current,current,current,current,current,current,current,current,current,current,current,current,current,current,current,current,current,current,current,current,current,current,current,current,current,current,current,current,current,current,current,current,current,current,current,current,current,current,current,current,current,current,current,current,current,current,current,current,current,current,current,current,current,current,current,current,current,current,current,current,current,current,current,current,current,current,current,current,current,current,current,current,current,current,current,current,current,current,current,current,current,current,current,current,current,current,current,current,current,current,current,current,current,current,current,current,current,current,current,current,current,current,current,current,current,current,current,current,current,current,current,current,current,current,current,current,current,current,current,current,current,current,current,current,current,current,current,current,current,current,current,current,current,current,current,current,current,current,current,current,current,current,current,current,current,current,current,current,current,current,current,current,current,current,current,current,current,current,current,current,current,current,current,current,current,current,current,current,current,current,current,current,current,current,current,current,current,current,current,current,current,current,current,current,current,current,current,current,current,current,behind,behind,behind,behind,behind,behind,behind,behind,behind,behind,behind,behind,behind,behind,behind,behind,behind,behind,behind,current,current,current,current,current,current,current,current,current
Exchange rates,"Euro real effective exchange rate (PPI deflated), narrow group",RTD.M.S0.N.E_ERP0_NGR.X,current,current,current,current,current,current,current,current,current,current,current,current,current,current,current,current,current,current,current,current,current,current,current,current,current,current,current,current,current,current,current,current,current,current,current,current,current,current,current,current,current,current,current,current,current,current,current,current,current,current,current,current,current,current,current,current,current,current,current,current,current,current,current,current,current,current,current,current,current,current,current,current,current,current,current,current,current,current,current,current,current,current,current,current,current,current,current,current,current,current,current,current,current,current,current,current,current,current,current,current,current,current,current,current,current,current,current,current,current,current,current,current,current,current,current,current,current,current,current,current,current,current,current,current,current,current,current,current,current,current,current,current,current,current,current,current,current,current,current,current,current,current,current,current,current,current,current,current,current,current,current,current,current,current,current,current,current,current,current,current,current,current,current,current,current,current,current,current,current,current,current,current,current,current,current,current,current,current,current,current,current,current,current,current,current,current,current,current,current,current,current,current,current,current,current,current,current,current,current,current,current,current,current,current,current,current,current,current,current,current,current,current,current,current,current,current,current,current,current,current,current,current,current,current,current,current,current,current,current,current,current,current,current,behind,behind,behind,behind,behind,behind,behind,behind,behind,behind,behind,behind,behind,behind,behind,behind,behind,behind,behind,current,current,current,current,current,current,current,current,current
Exchange rates,"Euro real effective exchange rate (ULC deflated), narrow group",RTD.Q.S0.N.E_ERU1_NGR.X,not yet published,not yet published,not yet published,not yet published,not yet published,not yet published,not yet published,not yet published,not yet published,not yet published,not yet published,not yet published,not yet published,not yet published,not yet published,not yet published,not yet published,not yet published,not yet published,not yet published,not yet published,not yet published,not yet published,not yet published,not yet published,not yet published,not yet published,not yet published,not yet published,not yet published,not yet published,current,current,current,current,current,current,current,current,current,current,current,current,current,current,current,current,current,current,current,current,current,current,current,current,current,current,current,current,current,current,current,current,current,current,current,current,current,current,current,current,current,current,current,current,current,current,current,current,current,current,current,current,current,current,current,current,current,current,current,current,current,current,current,current,current,current,current,current,current,current,current,current,current,current,current,current,current,current,current,current,current,current,current,current,current,current,current,current,current,current,current,current,current,current,current,current,current,current,current,current,current,current,current,current,current,current,current,current,current,current,current,current,current,current,current,current,current,current,current,current,current,current,current,current,current,current,current,current,current,current,current,current,current,current,current,current,current,current,current,current,current,current,current,current,current,current,current,current,current,current,current,current,current,current,current,current,current,current,current,current,current,current,current,current,current,current,current,current,current,current,current,current,current,current,current,current,current,current,current,current,current,current,current,current,current,current,current,current,current,current,current,current,current,current,current,current,current,current,current,current,current,current,current,behind,behind,behind,behind,behind,behind,behind,behind,behind,behind,behind,behind,behind,behind,behind,behind,behind,behind,current,current,current,current,current,current,current,current,current
GDP,GDP deflator,RTD.Q.S0.S.G_GDPM_TO_D.X,current,current,current,current,current,current,current,current,current,current,current,current,current,current,current,current,current,current,current,current,current,current,current,current,current,current,current,current,current,current,current,current,current,current,current,current,current,current,current,current,current,current,current,current,current,current,current,current,current,current,current,current,current,current,current,current,current,current,current,current,current,current,current,current,current,current,current,current,current,current,current,current,current,current,current,current,current,current,current,current,current,current,current,current,current,current,current,current,current,current,current,current,current,current,current,current,current,current,current,current,current,current,current,current,current,current,current,current,current,current,current,current,current,current,current,current,current,current,current,current,current,current,current,current,current,current,current,current,current,current,current,current,current,current,current,current,current,current,current,current,current,current,current,current,current,current,current,current,current,current,current,current,current,current,current,current,current,current,current,current,current,current,current,current,current,current,current,current,current,current,current,current,current,current,current,current,current,current,current,current,current,current,current,current,current,current,current,current,current,current,current,current,current,current,current,current,current,current,current,current,current,current,current,current,current,current,current,current,current,current,current,current,current,current,current,current,current,current,current,current,current,current,current,current,current,current,current,current,current,current,current,current,current,current,current,current,current,current,current,current,current,current,current,current,current,current,current,current,current,current,current,current,current,current,current,current,current,current,current,current,current
GDP,Nominal GDP,RTD.Q.S0.S.G_GDPM_TO_U.E,current,current,current,current,current,current,current,current,current,current,current,current,current,current,current,current,current,current,current,current,current,current,current,current,current,current,current,current,current,current,current,current,current,current,current,current,current,current,current,current,current,current,current,current,current,current,current,current,current,current,current,current,current,current,current,current,current,current,current,current,current,current,current,current,current,current,current,current,current,current,current,current,current,current,current,current,current,current,current,current,current,current,current,current,current,current,current,current,current,current,current,current,current,current,current,current,current,current,current,current,current,current,current,current,current,current,current,current,current,current,current,current,current,current,current,current,current,current,current,current,current,current,current,current,current,current,current,current,current,current,current,current,current,current,current,current,current,current,current,current,current,current,current,current,current,current,current,current,current,current,current,current,current,current,current,current,current,current,current,current,current,current,current,current,current,current,current,current,current,current,current,current,current,current,current,current,current,current,current,current,current,current,current,current,current,current,current,current,current,current,current,current,current,current,current,current,current,current,current,current,current,current,current,current,current,current,current,current,current,current,current,current,current,current,current,current,current,current,current,current,current,current,current,current,current,current,current,current,current,current,current,current,current,current,current,current,current,current,current,current,current,current,current,current,current,current,current,current,current,current,current,current,current,current,current,current,current,current,current,current,current
GDP,Real GDP,RTD.Q.S0.S.G_GDPM_TO_C.E,current,current,current,current,current,current,current,current,current,current,current,current,current,current,current,current,current,current,current,current,current,current,current,current,current,current,current,current,current,current,current,current,current,current,current,current,current,current,current,current,current,current,current,current,current,current,current,current,current,current,current,current,current,current,current,current,current,current,current,current,current,current,current,current,current,current,current,current,current,current,current,current,current,current,current,current,current,current,current,current,current,current,current,current,current,current,current,current,current,current,current,current,current,current,current,current,current,current,current,current,current,current,current,current,current,current,current,current,current,current,current,current,current,current,current,current,current,current,current,current,current,current,current,current,current,current,current,current,current,current,current,current,current,current,current,current,current,current,current,current,current,current,current,current,current,current,current,current,current,current,current,current,current,current,current,current,current,current,current,current,current,current,current,current,current,current,current,current,current,current,current,current,current,current,current,current,current,current,current,current,current,current,current,current,current,current,current,current,current,current,current,current,current,current,current,current,current,current,current,current,current,current,current,current,current,current,current,current,current,current,current,current,current,current,current,current,current,current,current,current,current,current,current,current,current,current,current,current,current,current,current,current,current,current,current,current,current,current,current,current,current,current,current,current,current,current,current,current,current,current,current,current,current,current,current,current,current,current,current,current,current
GDP,Real GDP - Japan,RTD.Q.JP.Y.G_GDPM_TO_C.X,current,current,current,current,current,current,current,current,current,current,current,current,current,current,current,current,current,current,current,current,current,current,current,current,current,current,current,current,current,current,behind,current,current,current,current,current,current,current,current,current,current,current,current,current,current,current,current,current,current,current,current,current,current,current,current,current,current,current,current,current,current,current,current,current,current,current,current,current,current,current,current,current,current,current,current,current,current,current,current,current,current,current,current,current,current,current,current,current,current,current,current,current,current,current,current,current,current,current,current,current,current,current,current,current,current,current,current,current,current,current,current,current,current,current,current,current,current,current,current,current,current,current,current,current,current,current,current,current,current,current,current,current,current,current,current,current,current,current,current,current,current,current,current,current,current,current,current,current,current,current,current,current,current,current,current,current,current,current,current,current,current,current,current,current,current,current,current,current,current,current,current,current,current,current,current,current,current,current,current,current,current,current,current,current,current,current,current,current,current,current,current,current,current,current,current,current,current,current,current,current,current,current,current,current,current,current,current,current,current,current,current,current,current,current,current,current,current,current,current,current,current,current,current,current,current,current,current,current,current,current,current,current,current,current,current,current,current,current,current,current,current,current,current,current,current,current,current,current,current,current,current,current,current,current,behind,behind,behind,behind,behind,behind,behind
GDP,Real GDP - United States,RTD.Q.US.Y.G_GDPM_TO_C.U,current,current,current,current,current,current,current,current,current,current,current,current,current,current,current,current,current,current,current,current,current,current,current,current,current,current,current,current,current,current,current,current,current,current,current,current,current,current,current,current,current,current,current,current,current,current,current,current,current,current,current,current,current,current,current,current,current,current,current,current,current,current,current,current,current,current,current,current,current,current,current,current,current,current,current,current,current,current,current,current,current,current,current,current,current,current,current,current,current,current,current,current,current,current,current,current,current,current,current,current,current,current,current,current,current,current,current,current,current,current,current,current,current,current,current,current,current,current,current,current,current,current,current,current,current,current,current,current,current,current,current,current,current,current,current,current,current,current,current,current,current,current,current,current,current,current,current,current,current,current,current,current,current,current,current,current,current,current,current,current,current,current,current,current,current,current,current,current,current,current,current,current,current,current,current,current,current,current,current,current,current,current,current,current,current,current,current,current,current,current,current,current,current,current,current,current,current,current,current,current,current,current,current,current,current,current,current,current,current,current,current,current,current,current,current,current,current,current,current,current,current,current,current,current,current,current,current,current,current,current,current,current,current,current,current,current,current,current,current,current,current,current,current,current,current,current,current,current,current,current,current,current,current,current,behind,behind,behind,behind,behind,behind,behind
GDP expenditure components,"Changes in inventories, nominal",RTD.Q.S0.S.G_CIAXDV_TO_U.E,current,current,current,current,current,current,current,current,current,current,current,current,current,current,current,current,current,current,current,current,current,current,current,current,current,current,current,current,current,current,current,current,current,current,current,current,current,current,current,current,current,current,current,current,current,current,current,current,current,current,current,current,current,current,current,current,current,current,current,current,current,current,current,current,current,current,current,current,current,current,current,current,current,current,current,current,current,current,current,current,current,current,current,current,current,current,current,current,current,current,current,current,current,current,current,current,current,current,current,current,current,current,current,current,current,current,current,current,current,current,current,current,current,current,current,current,current,current,current,current,current,current,current,current,current,current,current,current,current,current,current,current,current,current,current,current,current,current,current,current,current,current,current,current,current,current,current,current,current,current,current,current,current,current,current,current,current,current,current,current,current,current,current,current,current,current,current,current,current,current,current,current,current,current,current,current,current,current,current,current,current,current,current,current,current,current,current,current,current,current,current,current,current,current,current,current,current,current,current,current,current,current,current,current,current,current,current,current,current,current,current,current,current,current,current,current,current,current,current,current,current,current,current,current,current,current,current,current,current,current,current,current,current,current,current,current,current,current,current,current,current,current,current,current,current,current,current,current,current,current,current,current,current,current,current,current,current,current,current,current,current
GDP expenditure components,"Domestic demand, deflator",RTD.Q.S0.S.G_DDIS_TO_D.X,current,current,current,current,current,current,current,current,current,current,current,current,current,current,current,current,current,current,current,current,current,current,current,current,current,current,current,current,current,current,current,current,current,current,current,current,current,current,current,current,current,current,current,current,current,current,current,current,current,current,current,current,current,current,current,current,current,current,current,current,current,current,current,current,current,current,current,current,current,current,current,current,current,current,current,current,current,current,current,current,current,current,current,current,current,current,current,current,current,current,current,current,current,current,current,current,current,current,current,current,current,current,current,current,current,current,current,current,current,current,current,current,current,current,current,current,current,current,current,current,current,current,current,current,current,current,current,current,current,current,current,current,current,current,current,current,current,current,current,current,current,current,current,current,current,current,current,current,current,current,current,current,current,current,current,current,current,current,current,current,current,current,current,current,current,current,no observations,no observations,current,current,current,current,current,current,current,current,current,current,current,current,current,current,current,current,current,current,current,current,current,current,current,current,current,current,current,current,current,current,current,current,current,current,current,current,current,current,current,current,current,current,current,current,current,current,current,current,current,current,current,current,current,current,current,current,current,current,current,current,current,current,current,current,current,current,current,current,current,current,current,current,current,current,current,current,current,current,current,current,current,current,current,current,current,current,current,current,current,current,current,current,current
GDP expenditure components,"Exports of goods and services, deflator",RTD.Q.S0.S.G_XGS_TO_D.X,current,current,current,current,current,current,current,current,current,current,current,current,current,current,current,current,current,current,current,current,current,current,current,current,current,current,current,current,current,current,current,current,current,current,current,current,current,current,current,current,current,current,current,current,current,current,current,current,current,current,current,current,current,current,current,current,current,current,current,current,current,current,current,current,current,current,current,current,current,current,current,current,current,current,current,current,current,current,current,current,current,current,current,current,current,current,current,current,current,current,current,current,current,current,current,current,current,current,current,current,current,current,current,current,current,current,current,current,current,current,current,current,current,current,current,current,current,current,current,current,current,current,current,current,current,current,current,current,current,current,current,current,current,current,current,current,current,current,current,current,current,current,current,current,current,current,current,current,current,current,current,current,current,current,current,current,current,current,current,current,current,current,current,current,current,current,current,current,current,current,current,current,current,current,current,current,current,current,current,current,current,current,current,current,current,current,current,current,current,current,current,current,current,current,current,current,current,current,current,current,current,current,current,current,current,current,current,current,current,current,current,current,current,current,current,current,current,current,current,current,current,current,current,current,current,current,current,current,current,current,current,current,current,current,current,current,current,current,current,current,current,current,current,current,current,current,current,current,current,current,current,current,current,current,current,current,current,current,current,current,current
GDP expenditure components,"Exports of goods and services, nominal",RTD.Q.S0.S.G_XGS_TO_U.E,current,current,current,current,current,current,current,current,current,current,current,current,current,current,current,current,current,current,current,current,current,current,current,current,current,current,current,current,current,current,current,current,current,current,current,current,current,current,current,current,current,current,current,current,current,current,current,current,current,current,current,current,current,current,current,current,current,current,current,current,current,current,current,current,current,current,current,current,current,current,current,current,current,current,current,current,current,current,current,current,current,current,current,current,current,current,current,current,current,current,current,current,current,current,current,current,current,current,current,current,current,current,current,current,current,current,current,current,current,current,current,current,current,current,current,current,current,current,current,current,current,current,current,current,current,current,current,current,current,current,current,current,current,current,current,current,current,current,current,current,current,current,current,current,current,current,current,current,current,current,current,current,current,current,current,current,current,current,current,current,current,current,current,current,current,current,current,current,current,current,current,current,current,current,current,current,current,current,current,current,current,current,current,current,current,current,current,current,current,current,current,current,current,current,current,current,current,current,current,current,current,current,current,current,current,current,current,current,current,current,current,current,current,current,current,current,current,current,current,current,current,current,current,current,current,current,current,current,current,current,current,current,current,current,current,current,current,current,current,current,current,current,current,current,current,current,current,current,current,current,current,current,current,current,current,current,current,current,current,current,current
GDP expenditure components,"Exports of goods and services, real",RTD.Q.S0.S.G_XGS_TO_C.E,current,current,current,current,current,current,current,current,current,current,current,current,current,current,current,current,current,current,current,current,current,current,current,current,current,current,current,current,current,current,current,current,current,current,current,current,current,current,current,current,current,current,current,current,current,current,current,current,current,current,current,current,current,current,current,current,current,current,current,current,current,current,current,current,current,current,current,current,current,current,current,current,current,current,current,current,current,current,current,current,current,current,current,current,current,current,current,current,current,current,current,current,current,current,current,current,current,current,current,current,current,current,current,current,current,current,current,current,current,current,current,current,current,current,current,current,current,current,current,current,current,current,current,current,current,current,current,current,current,current,current,current,current,current,current,current,current,current,current,current,current,current,current,current,current,current,current,current,current,current,current,current,current,current,current,current,current,current,current,current,current,current,current,current,current,current,current,current,current,current,current,current,current,current,current,current,current,current,current,current,current,current,current,current,current,current,current,current,current,current,current,current,current,current,current,current,current,current,current,current,current,current,current,current,current,current,current,current,current,current,current,current,current,current,current,current,current,current,current,current,current,current,current,current,current,current,current,current,current,current,current,current,current,current,current,current,current,current,current,current,current,current,current,current,current,current,current,current,current,current,current,current,current,current,current,current,current,current,current,current,current
GDP expenditure components,"Government consumption, deflator",RTD.Q.S0.S.G_FCGG_TO_D.X,current,current,current,current,current,current,current,current,current,current,current,current,current,current,current,current,current,current,current,current,current,current,current,current,current,current,current,current,current,current,current,current,current,current,current,current,current,current,current,current,current,current,current,current,current,current,current,current,current,current,current,current,current,current,current,current,current,current,current,current,current,current,current,current,current,current,current,current,current,current,current,current,current,current,current,current,current,current,current,current,current,current,current,current,current,current,current,current,current,current,current,current,current,current,current,current,current,current,current,current,current,current,current,current,current,current,current,current,current,current,current,current,current,current,current,current,current,current,current,current,current,current,current,current,current,current,current,current,current,current,current,current,current,current,current,current,current,current,current,current,current,current,current,current,current,current,current,current,current,current,current,current,current,current,current,current,current,current,current,current,current,current,current,current,current,current,no observations,no observations,current,current,current,current,current,current,current,current,current,current,current,current,current,current,current,current,current,current,current,current,current,current,current,current,current,current,current,current,current,current,current,current,current,current,current,current,current,current,current,current,current,current,current,current,current,current,current,current,current,current,current,current,current,current,current,current,current,current,current,current,current,current,current,current,current,current,current,current,current,current,current,current,current,current,current,current,current,current,current,current,current,current,current,current,current,current,current,current,current,current,current,current,current
GDP expenditure components,"Government consumption, nominal",RTD.Q.S0.S.G_FCGG_TO_U.E,current,current,current,current,current,current,current,current,current,current,current,current,current,current,current,current,current,current,current,current,current,current,current,current,current,current,current,current,current,current,current,current,current,current,current,current,current,current,current,current,current,current,current,current,current,current,current,current,current,current,current,current,current,current,current,current,current,current,current,current,current,current,current,current,current,current,current,current,current,current,current,current,current,current,current,current,current,current,current,current,current,current,current,current,current,current,current,current,current,current,current,current,current,current,current,current,current,current,current,current,current,current,current,current,current,current,current,current,current,current,current,current,current,current,current,current,current,current,current,current,current,current,current,current,current,current,current,current,current,current,current,current,current,current,current,current,current,current,current,current,current,current,current,current,current,current,current,current,current,current,current,current,current,current,current,current,current,current,current,current,current,current,current,current,current,current,current,current,current,current,current,current,current,current,current,current,current,current,current,current,current,current,current,current,current,current,current,current,current,current,current,current,current,current,current,current,current,current,current,current,current,current,current,current,current,current,current,current,current,current,current,current,current,current,current,current,current,current,current,current,current,current,current,current,current,current,current,current,current,current,current,current,current,current,current,current,current,current,current,current,current,current,current,current,current,current,current,current,current,current,current,current,current,current,current,current,current,current,current,current,current
GDP expenditure components,"Government consumption, real",RTD.Q.S0.S.G_FCGG_TO_C.E,current,current,current,current,current,current,current,current,current,current,current,current,current,current,current,current,current,current,current,current,current,current,current,current,current,current,current,current,current,current,current,current,current,current,current,current,current,current,current,current,current,current,current,current,current,current,current,current,current,current,current,current,current,current,current,current,current,current,current,current,current,current,current,current,current,current,current,current,current,current,current,current,current,current,current,current,current,current,current,current,current,current,current,current,current,current,current,current,current,current,current,current,current,current,current,current,current,current,current,current,current,current,current,current,current,current,current,current,current,current,current,current,current,current,current,current,current,current,current,current,current,current,current,current,current,current,current,current,current,current,current,current,current,current,current,current,current,current,current,current,current,current,current,current,current,current,current,current,current,current,current,current,current,current,current,current,current,current,current,current,current,current,current,current,current,current,current,current,current,current,current,current,current,current,current,current,current,current,current,current,current,current,current,current,current,current,current,current,current,current,current,current,current,current,current,current,current,current,current,current,current,current,current,current,current,current,current,current,current,current,current,current,current,current,current,current,current,current,current,current,current,current,current,current,current,current,current,current,current,current,current,current,current,current,current,current,current,current,current,current,current,current,current,current,current,current,current,current,current,current,current,current,current,current,current,current,current,current,current,current,current
GDP expenditure components,"Imports of goods and services, deflator",RTD.Q.S0.S.G_MGS_TO_D.X,current,current,current,current,current,current,current,current,current,current,current,current,current,current,current,current,current,current,current,current,current,current,current,current,current,current,current,current,current,current,current,current,current,current,current,current,current,current,current,current,current,current,current,current,current,current,current,current,current,current,current,current,current,current,current,current,current,current,current,current,current,current,current,current,current,current,current,current,current,current,current,current,current,current,current,current,current,current,current,current,current,current,current,current,current,current,current,current,current,current,current,current,current,current,current,current,current,current,current,current,current,current,current,current,current,current,current,current,current,current,current,current,current,current,current,current,current,current,current,current,current,current,current,current,current,current,current,current,current,current,current,current,current,current,current,current,current,current,current,current,current,current,current,current,current,current,current,current,current,current,current,current,current,current,current,current,current,current,current,current,current,current,current,current,current,current,current,current,current,current,current,current,current,current,current,current,current,current,current,current,current,current,current,current,current,current,current,current,current,current,current,current,current,current,current,current,current,current,current,current,current,current,current,current,current,current,current,current,current,current,current,current,current,current,current,current,current,current,current,current,current,current,current,current,current,current,current,current,current,current,current,current,current,current,current,current,current,current,current,current,current,current,current,current,current,current,current,current,current,current,current,current,current,current,current,current,current,current,current,current,current
GDP expenditure components,"Imports of goods and services, nominal",RTD.Q.S0.S.G_MGS_TO_U.E,current,current,current,current,current,current,current,current,current,current,current,current,current,current,current,current,current,current,current,current,current,current,current,current,current,current,current,current,current,current,current,current,current,current,current,current,current,current,current,current,current,current,current,current,current,current,current,current,current,current,current,current,current,current,current,current,current,current,current,current,current,current,current,current,current,current,current,current,current,current,current,current,current,current,current,current,current,current,current,current,current,current,current,current,current,current,current,current,current,current,current,current,current,current,current,current,current,current,current,current,current,current,current,current,current,current,current,current,current,current,current,current,current,current,current,current,current,current,current,current,current,current,current,current,current,current,current,current,current,current,current,current,current,current,current,current,current,current,current,current,current,current,current,current,current,current,current,current,current,current,current,current,current,current,current,current,current,current,current,current,current,current,current,current,current,current,current,current,current,current,current,current,current,current,current,current,current,current,current,current,current,current,current,current,current,current,current,current,current,current,current,current,current,current,current,current,current,current,current,current,current,current,current,current,current,current,current,current,current,current,current,current,current,current,current,current,current,current,current,current,current,current,current,current,current,current,current,current,current,current,current,current,current,current,current,current,current,current,current,current,current,current,current,current,current,current,current,current,current,current,current,current,current,current,current,current,current,current,current,current,current
GDP expenditure components,"Imports of goods and services, real",RTD.Q.S0.S.G_MGS_TO_C.E,current,current,current,current,current,current,current,current,current,current,current,current,current,current,current,current,current,current,current,current,current,current,current,current,current,current,current,current,current,current,current,current,current,current,current,current,current,current,current,current,current,current,current,current,current,current,current,current,current,current,current,current,current,current,current,current,current,current,current,current,current,current,current,current,current,current,current,current,current,current,current,current,current,current,current,current,current,current,current,current,current,current,current,current,current,current,current,current,current,current,current,current,current,current,current,current,current,current,current,current,current,current,current,current,current,current,current,current,current,current,current,current,current,current,current,current,current,current,current,current,current,current,current,current,current,current,current,current,current,current,current,current,current,current,current,current,current,current,current,current,current,current,current,current,current,current,current,current,current,current,current,current,current,current,current,current,current,current,current,current,current,current,current,current,current,current,current,current,current,current,current,current,current,current,current,current,current,current,current,current,current,current,current,current,current,current,current,current,current,current,current,current,current,current,current,current,current,current,current,current,current,current,current,current,current,current,current,current,current,current,current,current,current,current,current,current,current,current,current,current,current,current,current,current,current,current,current,current,current,current,current,current,current,current,current,current,current,current,current,current,current,current,current,current,current,current,current,current,current,current,current,current,current,current,current,current,current,current,current,current,current
GDP expenditure components,"Investment, deflator",RTD.Q.S0.S.G_GFCF_TO_D.X,current,current,current,current,current,current,current,current,current,current,current,current,current,current,current,current,current,current,current,current,current,current,current,current,current,current,current,current,current,current,current,current,current,current,current,current,current,current,current,current,current,current,current,current,current,current,current,current,current,current,current,current,current,current,current,current,current,current,current,current,current,current,current,current,current,current,current,current,current,current,current,current,current,current,current,current,current,current,current,current,current,current,current,current,current,current,current,current,current,current,current,current,current,current,current,current,current,current,current,current,current,current,current,current,current,current,current,current,current,current,current,current,current,current,current,current,current,current,current,current,current,current,current,current,current,current,current,current,current,current,current,current,current,current,current,current,current,current,current,current,current,current,current,current,current,current,current,current,current,current,current,current,current,current,current,current,current,current,current,current,current,current,current,current,current,current,no observations,no observations,current,current,current,current,current,current,current,current,current,current,current,current,current,current,current,current,current,current,current,current,current,current,current,current,current,current,current,current,current,current,current,current,current,current,current,current,current,current,current,current,current,current,current,current,current,current,current,current,current,current,current,current,current,current,current,current,current,current,current,current,current,current,current,current,current,current,current,current,current,current,current,current,current,current,current,current,current,current,current,current,current,current,current,current,current,current,current,current,current,current,current,current,current
GDP expenditure components,"Investment, nominal",RTD.Q.S0.S.G_GFCF_TO_U.E,current,current,current,current,current,current,current,current,current,current,current,current,current,current,current,current,current,current,current,current,current,current,current,current,current,current,current,current,current,current,current,current,current,current,current,current,current,current,current,current,current,current,current,current,current,current,current,current,current,current,current,current,current,current,current,current,current,current,current,current,current,current,current,current,current,current,current,current,current,current,current,current,current,current,current,current,current,current,current,current,current,current,current,current,current,current,current,current,current,current,current,current,current,current,current,current,current,current,current,current,current,current,current,current,current,current,current,current,current,current,current,current,current,current,current,current,current,current,current,current,current,current,current,current,current,current,current,current,current,current,current,current,current,current,current,current,current,current,current,current,current,current,current,current,current,current,current,current,current,current,current,current,current,current,current,current,current,current,current,current,current,current,current,current,current,current,current,current,current,current,current,current,current,current,current,current,current,current,current,current,current,current,current,current,current,current,current,current,current,current,current,current,current,current,current,current,current,current,current,current,current,current,current,current,current,current,current,current,current,current,current,current,current,current,current,current,current,current,current,current,current,current,current,current,current,current,current,current,current,current,current,current,current,current,current,current,current,current,current,current,current,current,current,current,current,current,current,current,current,current,current,current,current,current,current,current,current,current,current,current,current
GDP expenditure components,"Investment, real",RTD.Q.S0.S.G_GFCF_TO_C.E,current,current,current,current,current,current,current,current,current,current,current,current,current,current,current,current,current,current,current,current,current,current,current,current,current,current,current,current,current,current,current,current,current,current,current,current,current,current,current,current,current,current,current,current,current,current,current,current,current,current,current,current,current,current,current,current,current,current,current,current,current,current,current,current,current,current,current,current,current,current,current,current,current,current,current,current,current,current,current,current,current,current,current,current,current,current,current,current,current,current,current,current,current,current,current,current,current,current,current,current,current,current,current,current,current,current,current,current,current,current,current,current,current,current,current,current,current,current,current,current,current,current,current,current,current,current,current,current,current,current,current,current,current,current,current,current,current,current,current,current,current,current,current,current,current,current,current,current,current,current,current,current,current,current,current,current,current,current,current,current,current,current,current,current,current,current,current,current,current,current,current,current,current,current,current,current,current,current,current,current,current,current,current,current,current,current,current,current,current,current,current,current,current,current,current,current,current,current,current,current,current,current,current,current,current,current,current,current,current,current,current,current,current,current,current,current,current,current,current,current,current,current,current,current,current,current,current,current,current,current,current,current,current,current,current,current,current,current,current,current,current,current,current,current,current,current,current,current,current,current,current,current,current,current,current,current,current,current,current,current,current
GDP expenditure components,"Private consumption, deflator",RTD.Q.S0.S.G_FCHI_TO_D.X,current,current,current,current,current,current,current,current,current,current,current,current,current,current,current,current,current,current,current,current,current,current,current,current,current,current,current,current,current,current,current,current,current,current,current,current,current,current,current,current,current,current,current,current,current,current,current,current,current,current,current,current,current,current,current,current,current,current,current,current,current,current,current,current,current,current,current,current,current,current,current,current,current,current,current,current,current,current,current,current,current,current,current,current,current,current,current,current,current,current,current,current,current,current,current,current,current,current,current,current,current,current,current,current,current,current,current,current,current,current,current,current,current,current,current,current,current,current,current,current,current,current,current,current,current,current,current,current,current,current,current,current,current,current,current,current,current,current,current,current,current,current,current,current,current,current,current,current,current,current,current,current,current,current,current,current,current,current,current,current,current,current,current,current,current,current,no observations,no observations,current,current,current,current,current,current,current,current,current,current,current,current,current,current,current,current,current,current,current,current,current,current,current,current,current,current,current,current,current,current,current,current,current,current,current,current,current,current,current,current,current,current,current,current,current,current,current,current,current,current,current,current,current,current,current,current,current,current,current,current,current,current,current,current,current,current,current,current,current,current,current,current,current,current,current,current,current,current,current,current,current,current,current,current,current,current,current,current,current,current,current,current,current
GDP expenditure components,"Private consumption, nominal",RTD.Q.S0.S.G_FCHI_TO_U.E,current,current,current,current,current,current,current,current,current,current,current,current,current,current,current,current,current,current,current,current,current,current,current,current,current,current,current,current,current,current,current,current,current,current,current,current,current,current,current,current,current,current,current,current,current,current,current,current,current,current,current,current,current,current,current,current,current,current,current,current,current,current,current,current,current,current,current,current,current,current,current,current,current,current,current,current,current,current,current,current,current,current,current,current,current,current,current,current,current,current,current,current,current,current,current,current,current,current,current,current,current,current,current,current,current,current,current,current,current,current,current,current,current,current,current,current,current,current,current,current,current,current,current,current,current,current,current,current,current,current,current,current,current,current,current,current,current,current,current,current,current,current,current,current,current,current,current,current,current,current,current,current,current,current,current,current,current,current,current,current,current,current,current,current,current,current,current,current,current,current,current,current,current,current,current,current,current,current,current,current,current,current,current,current,current,current,current,current,current,current,current,current,current,current,current,current,current,current,current,current,current,current,current,current,current,current,current,current,current,current,current,current,current,current,current,current,current,current,current,current,current,current,current,current,current,current,current,current,current,current,current,current,current,current,current,current,current,current,current,current,current,current,current,current,current,current,current,current,current,current,current,current,current,current,current,current,current,current,current,current,current
GDP expenditure components,"Private consumption, real",RTD.Q.S0.S.G_FCHI_TO_C.E,current,current,current,current,current,current,current,current,current,current,current,current,current,current,current,current,current,current,current,current,current,current,current,current,current,current,current,current,current,current,current,current,current,current,current,current,current,current,current,current,current,current,current,current,current,current,current,current,current,current,current,current,current,current,current,current,current,current,current,current,current,current,current,current,current,current,current,current,current,current,current,current,current,current,current,current,current,current,current,current,current,current,current,current,current,current,current,current,current,current,current,current,current,current,current,current,current,current,current,current,current,current,current,current,current,current,current,current,current,current,current,current,current,current,current,current,current,current,current,current,current,current,current,current,current,current,current,current,current,current,current,current,current,current,current,current,current,current,current,current,current,current,current,current,current,current,current,current,current,current,current,current,current,current,current,current,current,current,current,current,current,current,current,current,current,current,current,current,current,current,current,current,current,current,current,current,current,current,current,current,current,current,current,current,current,current,current,current,current,current,current,current,current,current,current,current,current,current,current,current,current,current,current,current,current,current,current,current,current,current,current,current,current,current,current,current,current,current,current,current,current,current,current,current,current,current,current,current,current,current,current,current,current,current,current,current,current,current,current,current,current,current,current,current,current,current,current,current,current,current,current,current,current,current,current,current,current,current,current,current,current
Goods exports,"Goods exports, capital goods, unit value index",RTD.M.S0.S.T_XCAP_U.X,not yet published,not yet published,not yet published,not yet published,not yet published,not yet published,not yet published,not yet published,current,current,current,current,current,current,current,current,current,current,behind,current,current,behind,behind,behind,current,current,current,current,current,current,current,current,current,current,current,current,current,current,current,current,current,current,current,current,current,current,current,current,current,current,current,current,current,current,current,current,current,current,current,current,current,current,current,current,current,current,current,current,current,current,current,current,current,current,current,current,current,current,current,current,current,current,current,current,current,current,current,current,current,current,current,current,current,current,current,current,current,current,current,current,current,current,current,current,current,current,current,current,behind,current,current,current,current,current,current,current,current,current,current,current,current,current,current,current,current,current,current,current,current,current,current,current,current,current,current,current,current,current,current,current,current,current,current,current,current,current,current,current,current,current,current,current,current,current,current,current,current,current,current,current,current,current,current,current,current,current,current,current,current,current,current,current,current,current,current,current,current,current,current,current,current,current,current,current,current,current,current,current,current,current,current,current,current,current,current,current,current,current,current,current,current,current,current,current,current,current,current,current,current,current,current,current,current,current,current,current,current,current,current,current,current,current,current,current,current,current,current,current,current,current,current,current,current,current,current,current,current,current,current,current,current,current,current,current,current,current,current,current,current,current,current,current,current,behind,behind,behind,behind,behind,behind,behind,behind
Goods exports,"Goods exports, capital goods, value",RTD.M.S0.S.T_XCAP.E,not yet published,not yet published,not yet published,not yet published,not yet published,not yet published,not yet published,not yet published,current,current,current,current,current,current,current,current,current,current,current,current,current,current,current,current,current,current,current,current,current,current,current,current,current,current,current,current,current,current,current,current,current,current,current,current,current,current,current,current,current,current,current,current,current,current,current,current,current,current,current,current,current,current,current,current,current,current,current,current,current,current,current,current,current,current,current,current,current,current,current,current,current,current,current,current,current,current,current,current,current,current,current,current,current,current,current,current,current,current,current,current,current,current,current,current,current,current,current,current,behind,current,current,current,current,current,current,current,current,current,current,current,current,current,current,current,current,current,current,current,current,current,current,current,current,current,current,current,current,current,current,current,current,current,current,current,current,current,current,current,current,current,current,current,current,current,current,current,current,current,current,current,current,current,current,current,current,current,current,current,current,current,current,current,current,current,current,current,current,current,current,current,current,current,current,current,current,current,current,current,current,current,current,current,current,current,current,current,current,current,current,current,current,current,current,current,current,current,current,current,current,current,current,current,current,current,current,current,current,current,current,current,current,current,current,current,current,current,current,current,current,current,current,current,current,current,current,current,current,current,current,current,current,current,current,current,current,current,current,current,current,current,current,current,current,current,current,current,current,current,current,current,current
Goods exports,"Goods exports, capital goods, volume index",RTD.M.S0.S.T_XCAP_V.X,not yet published,not yet published,not yet published,not yet published,not yet published,not yet published,not yet published,not yet published,current,current,current,current,current,current,current,current,current,current,behind,current,behind,behind,behind,behind,current,current,current,current,current,current,current,current,current,current,current,current,current,current,current,current,current,current,current,current,current,current,current,current,current,current,current,current,current,current,current,current,current,current,current,current,current,current,current,current,current,current,current,current,current,current,current,current,current,current,current,current,current,current,current,current,current,current,current,current,current,current,current,current,current,current,current,current,current,current,current,current,current,current,current,current,current,current,current,current,current,current,current,current,behind,current,current,current,current,current,current,current,current,current,current,current,current,current,current,current,current,current,current,current,current,current,current,current,current,current,current,current,current,current,current,current,current,current,current,current,current,current,current,current,current,current,current,current,current,current,current,current,current,current,current,current,current,current,current,current,current,current,current,current,current,current,current,current,current,current,current,current,current,current,current,current,current,current,current,current,current,current,current,current,current,current,current,current,current,current,current,current,current,current,current,current,current,current,current,current,current,current,current,current,current,current,current,current,current,current,current,current,current,current,current,current,current,current,current,current,current,current,current,current,current,current,current,current,current,current,current,current,current,current,current,current,current,current,current,current,current,current,current,current,current,current,current,current,current,current,current,current,current,current,current,current,current
Goods exports,"Goods exports, consumer goods, unit value index",RTD.M.S0.S.T_XCOM_U.X,not yet published,not yet published,not yet published,not yet published,not yet published,not yet published,not yet published,not yet published,current,current,current,current,current,current,current,current,current,current,behind,current,current,current,behind,behind,current,current,current,current,current,current,current,current,current,current,current,current,current,current,current,current,current,current,current,current,current,current,current,current,current,current,current,current,current,current,current,current,current,current,current,current,current,current,current,current,current,current,current,current,current,current,current,current,current,current,current,current,current,current,current,current,current,current,current,current,current,current,current,current,current,current,current,current,current,current,current,current,current,current,current,current,current,current,current,current,current,current,current,current,behind,current,current,current,current,current,current,current,current,current,current,current,current,current,current,current,current,current,current,current,current,current,current,current,current,current,current,current,current,current,current,current,current,current,current,current,current,current,current,current,current,current,current,current,current,current,current,current,current,current,current,current,current,current,current,current,current,current,current,current,current,current,current,current,current,current,current,current,current,current,current,current,current,current,current,current,current,current,current,current,current,current,current,current,current,current,current,current,current,current,current,current,current,current,current,current,current,current,current,current,current,current,current,current,current,current,current,current,current,current,current,current,current,current,current,current,current,current,current,current,current,current,current,current,current,current,current,current,current,current,current,current,current,current,current,current,current,current,current,current,current,current,current,current,current,behind,behind,behind,behind,behind,behind,behind,behind
Goods exports,"Goods exports, consumer goods, value",RTD.M.S0.S.T_XCOM.E,not yet published,not yet published,not yet published,not yet published,not yet published,not yet published,not yet published,not yet published,current,current,current,current,current,current,current,current,current,current,current,current,current,current,current,current,current,current,current,current,current,current,current,current,current,current,current,current,current,current,current,current,current,current,current,current,current,current,current,current,current,current,current,current,current,current,current,current,current,current,current,current,current,current,current,current,current,current,current,current,current,current,current,current,current,current,current,current,current,current,current,current,current,current,current,current,current,current,current,current,current,current,current,current,current,current,current,current,current,current,current,current,current,current,current,current,current,current,current,current,behind,current,current,current,current,current,current,current,current,current,current,current,current,current,current,current,current,current,current,current,current,current,current,current,current,current,current,current,current,current,current,current,current,current,current,current,current,current,current,current,current,current,current,current,current,current,current,current,current,current,current,current,current,current,current,current,current,current,current,current,current,current,current,current,current,current,current,current,current,current,current,current,current,current,current,current,current,current,current,current,current,current,current,current,current,current,current,current,current,current,current,current,current,current,current,current,current,current,current,current,current,current,current,current,current,current,current,current,current,current,current,current,current,current,current,current,current,current,current,current,current,current,current,current,current,current,current,current,current,current,current,current,current,current,current,current,current,current,current,current,current,current,current,current,current,current,current,current,current,current,current,current,current
Goods exports,"Goods exports, consumer goods, volume index",RTD.M.S0.S.T_XCOM_V.X,not yet published,not yet published,not yet published,not yet published,not yet published,not yet published,not yet published,not yet published,current,current,current,current,current,current,current,current,current,current,behind,current,behind,behind,behind,behind,current,current,current,current,current,current,current,current,current,current,current,current,current,current,current,current,current,current,current,current,current,current,current,current,current,current,current,current,current,current,current,current,current,current,current,current,current,current,current,current,current,current,current,current,current,current,current,current,current,current,current,current,current,current,current,current,current,current,current,current,current,current,current,current,current,current,current,current,current,current,current,current,current,current,current,current,current,current,current,current,current,current,current,current,behind,current,current,current,current,current,current,current,current,current,current,current,current,current,current,current,current,current,current,current,current,current,current,current,current,current,current,current,current,current,current,current,current,current,current,current,current,current,current,current,current,current,current,current,current,current,current,current,current,current,current,current,current,current,current,current,current,current,current,current,current,current,current,current,current,current,current,current,current,current,current,current,current,current,current,current,current,current,current,current,current,current,current,current,current,current,current,current,current,current,current,current,current,current,current,current,current,current,current,current,current,current,current,current,current,current,current,current,current,current,current,current,current,current,current,current,current,current,current,current,current,current,current,current,current,current,current,current,current,current,current,current,current,current,current,current,current,current,current,current,current,current,current,current,current,current,current,current,current,current,current,current,current
Goods exports,"Goods exports, intermediate goods, unit value index",RTD.M.S0.S.T_XINT_U.X,not yet published,not yet published,not yet published,not yet published,not yet published,not yet published,not yet published,not yet published,current,current,current,current,current,current,current,current,current,current,behind,current,current,current,behind,behind,current,current,current,current,current,current,current,current,current,current,current,current,current,current,current,current,current,current,current,current,current,current,current,current,current,current,current,current,current,current,current,current,current,current,current,current,current,current,current,current,current,current,current,current,current,current,current,current,current,current,current,current,current,current,current,current,current,current,current,current,current,current,current,current,current,current,current,current,current,current,current,current,current,current,current,current,current,current,current,current,current,current,current,current,behind,current,current,current,current,current,current,current,current,current,current,current,current,current,current,current,current,current,current,current,current,current,current,current,current,current,current,current,current,current,current,current,current,current,current,current,current,current,current,current,current,current,current,current,current,current,current,current,current,current,current,current,current,current,current,current,current,current,current,current,current,current,current,current,current,current,current,current,current,current,current,current,current,current,current,current,current,current,current,current,current,current,current,current,current,current,current,current,current,current,current,current,current,current,current,current,current,current,current,current,current,current,current,current,current,current,current,current,current,current,current,current,current,current,current,current,current,current,current,current,current,current,current,current,current,current,current,current,current,current,current,current,current,current,current,current,current,current,current,current,current,current,current,current,current,behind,behind,behind,behind,behind,behind,behind,behind
Goods exports,"Goods exports, intermediate goods, value",RTD.M.S0.S.T_XINT.E,not yet published,not yet published,not yet published,not yet published,not yet published,not yet published,not yet published,not yet published,current,current,current,current,current,current,current,current,current,current,current,current,current,current,current,current,current,current,current,current,current,current,current,current,current,current,current,current,current,current,current,current,current,current,current,current,current,current,current,current,current,current,current,current,current,current,current,current,current,current,current,current,current,current,current,current,current,current,current,current,current,current,current,current,current,current,current,current,current,current,current,current,current,current,current,current,current,current,current,current,current,current,current,current,current,current,current,current,current,current,current,current,current,current,current,current,current,current,current,current,behind,current,current,current,current,current,current,current,current,current,current,current,current,current,current,current,current,current,current,current,current,current,current,current,current,current,current,current,current,current,current,current,current,current,current,current,current,current,current,current,current,current,current,current,current,current,current,current,current,current,current,current,current,current,current,current,current,current,current,current,current,current,current,current,current,current,current,current,current,current,current,current,current,current,current,current,current,current,current,current,current,current,current,current,current,current,current,current,current,current,current,current,current,current,current,current,current,current,current,current,current,current,current,current,current,current,current,current,current,current,current,current,current,current,current,current,current,current,current,current,current,current,current,current,current,current,current,current,current,current,current,current,current,current,current,current,current,current,current,current,current,current,current,current,current,current,current,current,current,current,current,current,current
Goods exports,"Goods exports, intermediate goods, volume index",RTD.M.S0.S.T_XINT_V.X,not yet published,not yet published,not yet published,not yet published,not yet published,not yet published,not yet published,not yet published,current,current,current,current,current,current,current,current,current,current,behind,current,behind,behind,behind,behind,current,current,current,current,current,current,current,current,current,current,current,current,current,current,current,current,current,current,current,current,current,current,current,current,current,current,current,current,current,current,current,current,current,current,current,current,current,current,current,current,current,current,current,current,current,current,current,current,current,current,current,current,current,current,current,current,current,current,current,current,current,current,current,current,current,current,current,current,current,current,current,current,current,current,current,current,current,current,current,current,current,current,current,current,behind,current,current,current,current,current,current,current,current,current,current,current,current,current,current,current,current,current,current,current,current,current,current,current,current,current,current,current,current,current,current,current,current,current,current,current,current,current,current,current,current,current,current,current,current,current,current,current,current,current,current,current,current,current,current,current,current,current,current,current,current,current,current,current,current,current,current,current,current,current,current,current,current,current,current,current,current,current,current,current,current,current,current,current,current,current,current,current,current,current,current,current,current,current,current,current,current,current,current,current,current,current,current,current,current,current,current,current,current,current,current,current,current,current,current,current,current,current,current,current,current,current,current,current,current,current,current,current,current,current,current,current,current,current,current,current,current,current,current,current,current,current,current,current,current,current,current,current,current,current,current,current,current
Goods exports,"Goods exports, manufactured goods, unit value index",RTD.M.S0.S.T_XMAN_U.X,not yet published,not yet published,not yet published,not yet published,not yet published,not yet published,not yet published,not yet published,current,current,current,current,current,current,current,current,current,current,behind,current,current,current,behind,behind,current,current,current,current,current,current,current,current,current,current,current,current,current,current,current,current,current,current,current,current,current,current,current,current,current,current,current,current,current,current,current,current,current,current,current,current,current,current,current,current,current,current,current,current,current,current,current,current,current,current,current,current,current,current,current,current,current,current,current,current,current,current,current,current,current,current,current,current,current,current,current,current,current,current,current,current,current,current,current,current,current,current,current,current,current,current,current,current,current,current,current,current,current,current,current,current,current,current,current,current,current,current,current,current,current,current,current,current,current,current,current,current,current,current,current,current,current,current,current,current,current,current,current,current,current,current,current,current,current,current,current,current,current,current,current,current,current,current,current,current,current,current,current,current,current,current,current,current,current,current,current,current,current,current,current,current,current,current,current,current,current,current,current,current,current,current,current,current,current,current,current,current,current,current,current,current,current,current,current,current,current,current,current,current,current,current,current,current,current,current,current,current,current,current,current,current,current,current,current,current,current,current,current,current,current,current,current,current,current,current,current,current,current,current,current,current,current,current,current,current,current,current,current,current,current,current,current,current,current,behind,behind,behind,behind,behind,behind,behind,behind
Goods exports,"Goods exports, manufactured goods, value",RTD.M.S0.S.T_XMAN.E,not yet published,not yet published,not yet published,not yet published,not yet published,not yet published,not yet published,not yet published,current,current,current,current,current,current,current,behind,current,current,current,current,current,current,current,current,current,current,current,current,current,current,behind,current,current,current,current,current,current,current,current,current,current,current,current,current,current,current,current,current,current,current,current,current,current,current,current,current,current,current,current,current,current,current,current,current,current,current,current,current,current,current,current,current,current,current,current,current,current,current,current,current,current,current,current,current,current,current,current,current,current,current,current,current,current,current,current,current,current,current,current,current,current,current,current,current,current,current,current,current,current,current,current,current,current,current,current,current,current,current,current,current,current,current,current,current,current,current,current,current,current,current,current,current,current,current,current,current,current,current,current,current,current,current,current,current,current,current,current,current,current,current,current,current,current,current,current,current,current,current,current,current,current,current,current,current,current,current,current,current,current,current,current,current,current,current,current,current,current,current,current,current,current,current,current,current,current,current,current,current,current,current,current,current,current,current,current,current,current,current,current,current,current,current,current,current,current,current,current,current,current,current,current,current,current,current,current,current,current,current,current,current,current,current,current,current,current,current,current,current,current,current,current,current,current,current,current,behind,current,current,current,current,current,current,current,current,current,current,current,current,current,current,current,current,current,current,current,current,current,current,current,current,current
Goods exports,"Goods exports, manufactured goods, volume index",RTD.M.S0.S.T_XMAN_V.X,not yet published,not yet published,not yet published,not yet published,not yet published,not yet published,not yet published,not yet published,current,current,current,current,current,current,current,current,current,current,behind,current,behind,behind,behind,behind,current,current,current,current,current,current,current,current,current,current,current,current,current,current,current,current,current,current,current,current,current,current,current,current,current,current,current,current,current,current,current,current,current,current,current,current,current,current,current,current,current,current,current,current,current,current,current,current,current,current,current,current,current,current,current,current,current,current,current,current,current,current,current,current,current,current,current,current,current,current,current,current,current,current,current,current,current,current,current,current,current,current,current,current,current,current,current,current,current,current,current,current,current,current,current,current,current,current,current,current,current,current,current,current,current,current,current,current,current,current,current,current,current,current,current,current,current,current,current,current,current,current,current,current,current,current,current,current,current,current,current,current,current,current,current,current,current,current,current,current,current,current,current,current,current,current,current,current,current,current,current,current,current,current,current,current,current,current,current,current,current,current,current,current,current,current,current,current,current,current,current,current,current,current,current,current,current,current,current,current,current,current,current,current,current,current,current,current,current,current,current,current,current,current,current,current,current,current,current,current,current,current,current,current,current,current,current,current,current,current,current,current,current,current,current,current,current,current,current,current,current,current,current,current,current,current,current,current,current,current,current,current,current,current,current,current,current
Goods exports,"Goods exports, total, unit value index (not adjusted)",RTD.M.S0.N.T_XTTT_U.X,current,current,current,current,current,current,current,current,current,current,current,current,current,current,current,current,current,behind,behind,current,behind,behind,behind,behind,current,current,current,current,current,current,current,current,current,current,current,current,current,current,current,current,current,current,current,current,current,current,current,current,current,current,current,current,current,current,current,current,current,current,current,current,current,current,current,current,current,current,current,current,current,current,current,current,current,current,current,current,current,current,current,current,current,current,current,current,current,current,current,current,current,current,current,current,current,current,current,current,current,current,current,current,current,current,current,current,current,current,current,current,current,current,current,current,current,current,current,current,current,current,current,current,current,current,current,current,current,current,current,current,current,current,current,current,current,current,current,current,current,current,current,current,current,current,current,current,current,current,current,current,current,current,current,current,current,current,current,current,current,current,current,current,current,current,current,current,current,current,current,current,current,current,current,current,current,current,current,current,current,current,current,current,current,current,current,current,current,current,current,current,current,current,current,current,current,current,current,current,current,current,current,current,current,current,current,current,current,current,current,current,current,current,current,current,current,current,current,current,current,current,current,current,current,current,current,current,current,current,current,current,current,current,current,current,current,current,current,current,current,current,current,current,current,current,current,current,current,current,current,current,current,current,current,current,current,behind,behind,behind,behind,behind,behind,behind,behind
Goods exports,"Goods exports, total, unit value index (seasonally adjusted)",RTD.M.S0.S.T_XTTT_U.X,not yet published,not yet published,not yet published,not yet published,not yet published,not yet published,not yet published,not yet published,current,current,current,current,current,current,current,current,current,behind,behind,current,current,current,behind,behind,current,current,current,current,current,current,current,current,current,current,current,current,current,current,current,current,current,current,current,current,current,current,current,current,current,current,current,current,current,current,current,current,current,current,current,current,current,current,current,current,current,current,current,current,current,current,current,current,current,current,current,current,current,current,current,current,current,current,current,current,current,current,current,current,current,current,current,current,current,current,current,current,current,current,current,current,current,current,current,current,current,current,current,current,current,current,current,current,current,current,current,current,current,current,current,current,current,current,current,current,current,current,current,current,current,current,current,current,current,current,current,current,current,current,current,current,current,current,current,current,current,current,current,current,current,current,current,current,current,current,current,current,current,current,current,current,current,current,current,current,current,current,current,current,current,current,current,current,current,current,current,current,current,current,current,current,current,current,current,current,current,current,current,current,current,current,current,current,current,current,current,current,current,current,current,current,current,current,current,current,current,current,current,current,current,current,current,current,current,current,current,current,current,current,current,current,current,current,current,current,current,current,current,current,current,current,current,current,current,current,current,current,current,current,current,current,current,current,current,current,current,current,current,current,current,current,current,current,current,behind,behind,behind,behind,behind,behind,behind,behind
Goods exports,"Goods exports, total, value (not adjusted)",RTD.M.S0.N.T_XTTT.X,current,current,current,current,current,current,current,current,current,current,current,current,current,current,current,current,current,current,current,current,current,current,current,current,current,current,current,current,current,current,behind,current,current,current,current,current,current,current,current,current,current,current,current,current,current,current,current,current,current,current,current,current,current,current,current,current,current,current,current,current,current,current,current,current,current,current,current,current,current,current,current,current,current,current,current,current,current,current,current,current,current,current,current,current,current,current,current,current,current,current,current,current,current,current,current,current,current,current,current,current,current,current,current,current,current,current,current,current,current,current,current,current,current,current,current,current,current,current,current,current,current,current,current,current,current,current,current,current,current,current,current,current,current,current,current,current,current,current,current,current,current,current,current,current,current,current,current,current,current,current,current,current,current,current,current,current,current,current,current,current,current,current,current,current,current,current,current,current,current,current,current,current,current,current,current,current,current,current,current,current,current,current,current,current,current,current,current,current,current,current,current,current,current,current,current,current,current,current,current,current,current,current,current,current,current,current,current,current,current,current,current,current,current,current,current,current,current,current,current,current,current,current,current,current,current,current,current,current,current,current,current,current,current,current,current,behind,current,current,current,current,current,current,current,current,current,current,current,current,current,current,current,current,current,current,current,current,current,current,current,current,current
Goods exports,"Goods exports, total, value (seasonally adjusted)",RTD.M.S0.S.T_XTTT.E,current,current,current,current,current,current,current,current,current,current,current,current,current,current,current,current,current,current,current,current,current,current,current,current,current,current,current,current,current,current,behind,current,current,current,current,current,current,current,current,current,current,current,current,current,current,current,current,current,current,current,current,current,current,current,current,current,current,current,current,current,current,current,current,current,current,current,current,current,current,current,current,current,current,current,current,current,current,current,current,current,current,current,current,current,current,current,current,current,current,current,current,current,current,current,current,current,current,current,current,current,current,current,current,current,current,current,current,current,current,current,current,current,current,current,current,current,current,current,current,current,current,current,current,current,current,current,current,current,current,current,current,current,current,current,current,current,current,current,current,current,current,current,current,current,current,current,current,current,current,current,current,current,current,current,current,current,current,current,current,current,current,current,current,current,current,current,current,current,current,current,current,current,current,current,current,current,current,current,current,current,current,current,current,current,current,current,current,current,current,current,current,current,current,current,current,current,current,current,current,current,current,current,current,current,current,current,current,current,current,current,current,current,current,current,current,current,current,current,current,current,current,current,current,current,current,current,current,current,current,current,current,current,current,current,current,behind,current,current,current,current,current,current,current,current,current,current,current,current,current,current,current,current,current,current,current,current,current,current,current,current,current
Goods exports,"Goods exports, total, volume index (not adjusted)",RTD.M.S0.N.T_XTTT_V.X,current,current,current,current,current,current,current,current,current,current,current,current,current,current,current,current,current,current,behind,behind,behind,behind,behind,behind,current,current,current,current,current,current,current,current,current,current,current,current,current,current,current,current,current,current,current,current,current,current,current,current,current,current,current,current,current,current,current,current,current,current,current,current,current,current,current,current,current,current,current,current,current,current,current,current,current,current,current,current,current,current,current,current,current,current,current,current,current,current,current,current,current,current,current,current,current,current,current,current,current,current,current,current,current,current,current,current,current,current,current,current,current,current,current,current,current,current,current,current,current,current,current,current,current,current,current,current,current,current,current,current,current,current,current,current,current,current,current,current,current,current,current,current,current,current,current,current,current,current,current,current,current,current,current,current,current,current,current,current,current,current,current,current,current,current,current,current,current,current,current,current,current,current,current,current,current,current,current,current,current,current,current,current,current,current,current,current,current,current,current,current,current,current,current,current,current,current,current,current,current,current,current,current,current,current,current,current,current,current,current,current,current,current,current,current,current,current,current,current,current,current,current,current,current,current,current,current,current,current,current,current,current,current,current,current,current,current,current,current,current,current,current,current,current,current,current,current,current,current,current,current,current,current,current,current,current,current,current,current,current,current,current,current,current
Goods exports,"Goods exports, total, volume index (seasonally adjusted)",RTD.M.S0.S.T_XTTT_V.X,not yet published,not yet published,not yet published,not yet published,not yet published,not yet published,not yet published,not yet published,current,current,current,current,current,current,current,current,current,current,behind,current,behind,behind,behind,behind,current,current,current,current,current,current,current,current,current,current,current,current,current,current,current,current,current,current,current,current,current,current,current,current,current,current,current,current,current,current,current,current,current,current,current,current,current,current,current,current,current,current,current,current,current,current,current,current,current,current,current,current,current,current,current,current,current,current,current,current,current,current,current,current,current,current,current,current,current,current,current,current,current,current,current,current,current,current,current,current,current,current,current,current,current,current,current,current,current,current,current,current,current,current,current,current,current,current,current,current,current,current,current,current,current,current,current,current,current,current,current,current,current,current,current,current,current,current,current,current,current,current,current,current,current,current,current,current,current,current,current,current,current,current,current,current,current,current,current,current,current,current,current,current,current,current,current,current,current,current,current,current,current,current,current,current,current,current,current,current,current,current,current,current,current,current,current,current,current,current,current,current,current,current,current,current,current,current,current,current,current,current,current,current,current,current,current,current,current,current,current,current,current,current,current,current,current,current,current,current,current,current,current,current,current,current,current,current,current,current,current,current,current,current,current,current,current,current,current,current,current,current,current,current,current,current,current,current,current,current,current,current,current,current,current,current,current
Goods imports,"Goods imports, capital goods, unit value index",RTD.M.S0.S.T_MCAP_U.X,not yet published,not yet published,not yet published,not yet published,not yet published,not yet published,not yet published,not yet published,current,current,current,current,current,current,current,current,current,current,behind,current,current,behind,behind,behind,current,current,current,current,current,current,current,current,current,current,current,current,current,current,current,current,current,current,current,current,current,current,current,current,current,current,current,current,current,current,current,current,current,current,current,current,current,current,current,current,current,current,current,current,current,current,current,current,current,current,current,current,current,current,current,current,current,current,current,current,current,current,current,current,current,current,current,current,current,current,current,current,current,current,current,current,current,current,current,current,current,current,current,current,behind,current,current,current,current,current,current,current,current,current,current,current,current,current,current,current,current,current,current,current,current,current,current,current,current,current,current,current,current,current,current,current,current,current,current,current,current,current,current,current,current,current,current,current,current,current,current,current,current,current,current,current,current,current,current,current,current,current,current,current,current,current,current,current,current,current,current,current,current,current,current,current,current,current,current,current,current,current,current,current,current,current,current,current,current,current,current,current,current,current,current,current,current,current,current,current,current,current,current,current,current,current,current,current,current,current,current,current,current,current,current,current,current,current,current,current,current,current,current,current,current,current,current,current,current,current,current,current,current,current,current,current,current,current,current,current,current,current,current,current,current,current,current,current,current,behind,behind,behind,behind,behind,behind,behind,behind
Goods imports,"Goods imports, capital goods, value",RTD.M.S0.S.T_MCAP.E,not yet published,not yet published,not yet published,not yet published,not yet published,not yet published,not yet published,not yet published,current,current,current,current,current,current,current,current,current,current,current,current,current,current,current,current,current,current,current,current,current,current,current,current,current,current,current,current,current,current,current,current,current,current,current,current,current,current,current,current,current,current,current,current,current,current,current,current,current,current,current,current,current,current,current,current,current,current,current,current,current,current,current,current,current,current,current,current,current,current,current,current,current,current,current,current,current,current,current,current,current,current,current,current,current,current,current,current,current,current,current,current,current,current,current,current,current,current,current,current,behind,current,current,current,current,current,current,current,current,current,current,current,current,current,current,current,current,current,current,current,current,current,current,current,current,current,current,current,current,current,current,current,current,current,current,current,current,current,current,current,current,current,current,current,current,current,current,current,current,current,current,current,current,current,current,current,current,current,current,current,current,current,current,current,current,current,current,current,current,current,current,current,current,current,current,current,current,current,current,current,current,current,current,current,current,current,current,current,current,current,current,current,current,current,current,current,current,current,current,current,current,current,current,current,current,current,current,current,current,current,current,current,current,current,current,current,current,current,current,current,current,current,current,current,current,current,current,current,current,current,current,current,current,current,current,current,current,current,current,current,current,current,current,current,current,current,current,current,current,current,current,current,current
Goods imports,"Goods imports, capital goods, volume index",RTD.M.S0.S.T_MCAP_V.X,not yet published,not yet published,not yet published,not yet published,not yet published,not yet published,not yet published,not yet published,current,current,current,current,current,current,current,current,current,current,behind,current,behind,behind,behind,behind,current,current,current,current,current,current,current,current,current,current,current,current,current,current,current,current,current,current,current,current,current,current,current,current,current,current,current,current,current,current,current,current,current,current,current,current,current,current,current,current,current,current,current,current,current,current,current,current,current,current,current,current,current,current,current,current,current,current,current,current,current,current,current,current,current,current,current,current,current,current,current,current,current,current,current,current,current,current,current,current,current,current,current,current,behind,current,current,current,current,current,current,current,current,current,current,current,current,current,current,current,current,current,current,current,current,current,current,current,current,current,current,current,current,current,current,current,current,current,current,current,current,current,current,current,current,current,current,current,current,current,current,current,current,current,current,current,current,current,current,current,current,current,current,current,current,current,current,current,current,current,current,current,current,current,current,current,current,current,current,current,current,current,current,current,current,current,current,current,current,current,current,current,current,current,current,current,current,current,current,current,current,current,current,current,current,current,current,current,current,current,current,current,current,current,current,current,current,current,current,current,current,current,current,current,current,current,current,current,current,current,current,current,current,current,current,current,current,current,current,current,current,current,current,current,current,current,current,current,current,current,current,current,current,current,current,current,current
Goods imports,"Goods imports, consumer goods, unit value index",RTD.M.S0.S.T_MCOM_U.X,not yet published,not yet published,not yet published,not yet published,not yet published,not yet published,not yet published,not yet published,current,current,current,current,current,current,current,current,current,current,behind,current,current,current,behind,behind,current,current,current,current,current,current,current,current,current,current,current,current,current,current,current,current,current,current,current,current,current,current,current,current,current,current,current,current,current,current,current,current,current,current,current,current,current,current,current,current,current,current,current,current,current,current,current,current,current,current,current,current,current,current,current,current,current,current,current,current,current,current,current,current,current,current,current,current,current,current,current,current,current,current,current,current,current,current,current,current,current,current,current,current,behind,current,current,current,current,current,current,current,current,current,current,current,current,current,current,current,current,current,current,current,current,current,current,current,current,current,current,current,current,current,current,current,current,current,current,current,current,current,current,current,current,current,current,current,current,current,current,current,current,current,current,current,current,current,current,current,current,current,current,current,current,current,current,current,current,current,current,current,current,current,current,current,current,current,current,current,current,current,current,current,current,current,current,current,current,current,current,current,current,current,current,current,current,current,current,current,current,current,current,current,current,current,current,current,current,current,current,current,current,current,current,current,current,current,current,current,current,current,current,current,current,current,current,current,current,current,current,current,current,current,current,current,current,current,current,current,current,current,current,current,current,current,current,current,current,behind,behind,behind,behind,behind,behind,behind,behind
Goods imports,"Goods imports, consumer goods, value",RTD.M.S0.S.T_MCOM.E,not yet published,not yet published,not yet published,not yet published,not yet published,not yet published,not yet published,not yet published,current,current,current,current,current,current,current,current,current,current,current,current,current,current,current,current,current,current,current,current,current,current,current,current,current,current,current,current,current,current,current,current,current,current,current,current,current,current,current,current,current,current,current,current,current,current,current,current,current,current,current,current,current,current,current,current,current,current,current,current,current,current,current,current,current,current,current,current,current,current,current,current,current,current,current,current,current,current,current,current,current,current,current,current,current,current,current,current,current,current,current,current,current,current,current,current,current,current,current,current,behind,current,current,current,current,current,current,current,current,current,current,current,current,current,current,current,current,current,current,current,current,current,current,current,current,current,current,current,current,current,current,current,current,current,current,current,current,current,current,current,current,current,current,current,current,current,current,current,current,current,current,current,current,current,current,current,current,current,current,current,current,current,current,current,current,current,current,current,current,current,current,current,current,current,current,current,current,current,current,current,current,current,current,current,current,current,current,current,current,current,current,current,current,current,current,current,current,current,current,current,current,current,current,current,current,current,current,current,current,current,current,current,current,current,current,current,current,current,current,current,current,current,current,current,current,current,current,current,current,current,current,current,current,current,current,current,current,current,current,current,current,current,current,current,current,current,current,current,current,current,current,current,current
Goods imports,"Goods imports, consumer goods, volume index",RTD.M.S0.S.T_MCOM_V.X,not yet published,not yet published,not yet published,not yet published,not yet published,not yet published,not yet published,not yet published,current,current,current,current,current,current,current,current,current,current,behind,current,behind,behind,behind,behind,current,current,current,current,current,current,current,current,current,current,current,current,current,current,current,current,current,current,current,current,current,current,current,current,current,current,current,current,current,current,current,current,current,current,current,current,current,current,current,current,current,current,current,current,current,current,current,current,current,current,current,current,current,current,current,current,current,current,current,current,current,current,current,current,current,current,current,current,current,current,current,current,current,current,current,current,current,current,current,current,current,current,current,current,behind,current,current,current,current,current,current,current,current,current,current,current,current,current,current,current,current,current,current,current,current,current,current,current,current,current,current,current,current,current,current,current,current,current,current,current,current,current,current,current,current,current,current,current,current,current,current,current,current,current,current,current,current,current,current,current,current,current,current,current,current,current,current,current,current,current,current,current,current,current,current,current,current,current,current,current,current,current,current,current,current,current,current,current,current,current,current,current,current,current,current,current,current,current,current,current,current,current,current,current,current,current,current,current,current,current,current,current,current,current,current,current,current,current,current,current,current,current,current,current,current,current,current,current,current,current,current,current,current,current,current,current,current,current,current,current,current,current,current,current,current,current,current,current,current,current,current,current,current,current,current,current,current
Goods imports,"Goods imports, intermediate goods, unit value index",RTD.M.S0.S.T_MINT_U.X,not yet published,not yet published,not yet published,not yet published,not yet published,not yet published,not yet published,not yet published,current,current,current,current,current,current,current,current,current,current,behind,current,current,behind,behind,behind,current,current,current,current,current,current,current,current,current,current,current,current,current,current,current,current,current,current,current,current,current,current,current,current,current,current,current,current,current,current,current,current,current,current,current,current,current,current,current,current,current,current,current,current,current,current,current,current,current,current,current,current,current,current,current,current,current,current,current,current,current,current,current,current,current,current,current,current,current,current,current,current,current,current,current,current,current,current,current,current,current,current,current,current,behind,current,current,current,current,current,current,current,current,current,current,current,current,current,current,current,current,current,current,current,current,current,current,current,current,current,current,current,current,current,current,current,current,current,current,current,current,current,current,current,current,current,current,current,current,current,current,current,current,current,current,current,current,current,current,current,current,current,current,current,current,current,current,current,current,current,current,current,current,current,current,current,current,current,current,current,current,current,current,current,current,current,current,current,current,current,current,current,current,current,current,current,current,current,current,current,current,current,current,current,current,current,current,current,current,current,current,current,current,current,current,current,current,current,current,current,current,current,current,current,current,current,current,current,current,current,current,current,current,current,current,current,current,current,current,current,current,current,current,current,current,current,current,current,current,behind,behind,behind,behind,behind,behind,behind,behind
Goods imports,"Goods imports, intermediate goods, value",RTD.M.S0.S.T_MINT.E,not yet published,not yet published,not yet published,not yet published,not yet published,not yet published,not yet published,not yet published,current,current,current,current,current,current,current,current,current,current,current,current,current,current,current,current,current,current,current,current,current,current,current,current,current,current,current,current,current,current,current,current,current,current,current,current,current,current,current,current,current,current,current,current,current,current,current,current,current,current,current,current,current,current,current,current,current,current,current,current,current,current,current,current,current,current,current,current,current,current,current,current,current,current,current,current,current,current,current,current,current,current,current,current,current,current,current,current,current,current,current,current,current,current,current,current,current,current,current,current,behind,current,current,current,current,current,current,current,current,current,current,current,current,current,current,current,current,current,current,current,current,current,current,current,current,current,current,current,current,current,current,current,current,current,current,current,current,current,current,current,current,current,current,current,current,current,current,current,current,current,current,current,current,current,current,current,current,current,current,current,current,current,current,current,current,current,current,current,current,current,current,current,current,current,current,current,current,current,current,current,current,current,current,current,current,current,current,current,current,current,current,current,current,current,current,current,current,current,current,current,current,current,current,current,current,current,current,current,current,current,current,current,current,current,current,current,current,current,current,current,current,current,current,current,current,current,current,current,current,current,current,current,current,current,current,current,current,current,current,current,current,current,current,current,current,current,current,current,current,current,current,current,current
Goods imports,"Goods imports, intermediate goods, volume index",RTD.M.S0.S.T_MINT_V.X,not yet published,not yet published,not yet published,not yet published,not yet published,not yet published,not yet published,not yet published,current,current,current,current,current,current,current,current,current,current,behind,current,behind,behind,behind,behind,current,current,current,current,current,current,current,current,current,current,current,current,current,current,current,current,current,current,current,current,current,current,current,current,current,current,current,current,current,current,current,current,current,current,current,current,current,current,current,current,current,current,current,current,current,current,current,current,current,current,current,current,current,current,current,current,current,current,current,current,current,current,current,current,current,current,current,current,current,current,current,current,current,current,current,current,current,current,current,current,current,current,current,current,behind,current,current,current,current,current,current,current,current,current,current,current,current,current,current,current,current,current,current,current,current,current,current,current,current,current,current,current,current,current,current,current,current,current,current,current,current,current,current,current,current,current,current,current,current,current,current,current,current,current,current,current,current,current,current,current,current,current,current,current,current,current,current,current,current,current,current,current,current,current,current,current,current,current,current,current,current,current,current,current,current,current,current,current,current,current,current,current,current,current,current,current,current,current,current,current,current,current,current,current,current,current,current,current,current,current,current,current,current,current,current,current,current,current,current,current,current,current,current,current,current,current,current,current,current,current,current,current,current,current,current,current,current,current,current,current,current,current,current,current,current,current,current,current,current,current,current,current,current,current,current,current,current
Goods imports,"Goods imports, manufactured goods, unit value index",RTD.M.S0.S.T_MMAN_U.X,not yet published,not yet published,not yet published,not yet published,not yet published,not yet published,not yet published,not yet published,current,current,current,current,current,current,current,current,current,current,behind,current,current,behind,behind,behind,current,current,current,current,current,current,current,current,current,current,current,current,current,current,current,current,current,current,current,current,current,current,current,current,current,current,current,current,current,current,current,current,current,current,current,current,current,current,current,current,current,current,current,current,current,current,current,current,current,current,current,current,current,current,current,current,current,current,current,current,current,current,current,current,current,current,current,current,current,current,current,current,current,current,current,current,current,current,current,current,current,current,current,current,current,current,current,current,current,current,current,current,current,current,current,current,current,current,current,current,current,current,current,current,current,current,current,current,current,current,current,current,current,current,current,current,current,current,current,current,current,current,current,current,current,current,current,current,current,current,current,current,current,current,current,current,current,current,current,current,current,current,current,current,current,current,current,current,current,current,current,current,current,current,current,current,current,current,current,current,current,current,current,current,current,current,current,current,current,current,current,current,current,current,current,current,current,current,current,current,current,current,current,current,current,current,current,current,current,current,current,current,current,current,current,current,current,current,current,current,current,current,current,current,current,current,current,current,current,current,current,current,current,current,current,current,current,current,current,current,current,current,current,current,current,current,current,current,current,behind,behind,behind,behind,behind,behind,behind,behind
Goods imports,"Goods imports, manufactured goods, value",RTD.M.S0.S.T_MMAN.E,not yet published,not yet published,not yet published,not yet published,not yet published,not yet published,not yet published,not yet published,current,current,current,current,current,current,current,behind,current,current,current,current,current,current,current,current,current,current,current,current,current,current,behind,current,current,current,current,current,current,current,current,current,current,current,current,current,current,current,current,current,current,current,current,current,current,current,current,current,current,current,current,current,current,current,current,current,current,current,current,current,current,current,current,current,current,current,current,current,current,current,current,current,current,current,current,current,current,current,current,current,current,current,current,current,current,current,current,current,current,current,current,current,current,current,current,current,current,current,current,current,current,current,current,current,current,current,current,current,current,current,current,current,current,current,current,current,current,current,current,current,current,current,current,current,current,current,current,current,current,current,current,current,current,current,current,current,current,current,current,current,current,current,current,current,current,current,current,current,current,current,current,current,current,current,current,current,current,current,current,current,current,current,current,current,current,current,current,current,current,current,current,current,current,current,current,current,current,current,current,current,current,current,current,current,current,current,current,current,current,current,current,current,current,current,current,current,current,current,current,current,current,current,current,current,current,current,current,current,current,current,current,current,current,current,current,current,current,current,current,current,current,current,current,current,current,current,current,behind,current,current,current,current,current,current,current,current,current,current,current,current,current,current,current,current,current,current,current,current,current,current,current,current,current
Goods imports,"Goods imports, manufactured goods, volume index",RTD.M.S0.S.T_MMAN_V.X,not yet published,not yet published,not yet published,not yet published,not yet published,not yet published,not yet published,not yet published,current,current,current,current,current,current,current,current,current,current,behind,current,behind,behind,behind,behind,current,current,current,current,current,current,current,current,current,current,current,current,current,current,current,current,current,current,current,current,current,current,current,current,current,current,current,current,current,current,current,current,current,current,current,current,current,current,current,current,current,current,current,current,current,current,current,current,current,current,current,current,current,current,current,current,current,current,current,current,current,current,current,current,current,current,current,current,current,current,current,current,current,current,current,current,current,current,current,current,current,current,current,current,current,current,current,current,current,current,current,current,current,current,current,current,current,current,current,current,current,current,current,current,current,current,current,current,current,current,current,current,current,current,current,current,current,current,current,current,current,current,current,current,current,current,current,current,current,current,current,current,current,current,current,current,current,current,current,current,current,current,current,current,current,current,current,current,current,current,current,current,current,current,current,current,current,current,current,current,current,current,current,current,current,current,current,current,current,current,current,current,current,current,current,current,current,current,current,current,current,current,current,current,current,current,current,current,current,current,current,current,current,current,current,current,current,current,current,current,current,current,current,current,current,current,current,current,current,current,current,current,current,current,current,current,current,current,current,current,current,current,current,current,current,current,current,current,current,current,current,current,current,current,current,current,current
Goods imports,"Goods imports, oil, unit value index",RTD.M.S0.S.T_MOIL_U.X,not yet published,not yet published,not yet published,not yet published,not yet published,not yet published,not yet published,not yet published,current,current,current,current,current,current,current,current,current,current,behind,behind,behind,behind,behind,behind,behind,current,current,current,current,current,current,current,current,current,current,current,current,current,current,current,current,current,current,current,current,current,current,current,current,current,current,current,current,current,current,current,current,current,current,current,current,current,current,current,current,current,current,current,current,current,current,current,current,current,current,current,current,current,current,current,current,current,current,current,current,current,current,current,current,current,current,current,current,current,current,current,current,current,current,current,current,current,current,current,current,current,current,current,behind,current,current,current,current,current,current,current,current,current,current,current,current,current,current,current,current,current,current,current,current,current,current,current,current,current,current,current,current,current,current,current,current,current,current,current,current,current,current,current,current,current,current,current,current,current,current,current,current,current,current,current,current,current,current,current,current,current,current,current,current,current,current,current,current,current,current,current,current,current,current,current,current,current,current,current,current,current,current,current,current,current,current,current,current,current,current,current,current,current,current,current,current,current,current,current,current,current,current,current,current,current,current,current,current,current,current,current,current,current,current,current,current,current,current,current,current,current,current,current,current,current,current,current,current,current,current,current,current,current,current,current,current,current,current,current,current,current,current,current,current,current,current,current,current,behind,behind,behind,behind,behind,behind,behind,behind
Goods imports,"Goods imports, oil, value",RTD.M.S0.S.T_MOIL.E,not yet published,not yet published,not yet published,not yet published,not yet published,not yet published,not yet published,not yet published,current,current,current,current,current,current,current,current,current,current,current,current,current,current,current,current,current,current,current,current,current,current,current,current,current,current,current,current,current,current,current,current,current,current,current,current,current,current,current,current,current,current,current,current,current,current,current,current,current,current,current,current,current,current,current,current,current,current,current,current,current,current,current,current,current,current,current,behind,current,current,current,current,current,current,current,current,current,current,current,behind,current,current,current,current,current,current,current,current,current,current,current,current,current,current,current,current,current,current,current,current,behind,current,current,current,current,current,current,current,current,current,current,current,current,current,current,current,current,current,current,current,current,current,current,current,current,current,current,current,current,current,current,current,current,current,current,current,current,current,current,current,current,current,current,current,current,current,current,current,current,current,current,current,current,current,current,current,current,current,current,current,current,current,current,current,current,current,current,current,current,current,current,current,current,current,current,current,current,current,current,current,current,current,current,current,current,current,current,current,current,current,current,current,current,current,current,current,current,current,current,current,current,current,current,current,current,current,current,current,current,current,current,current,current,current,current,current,current,current,current,current,current,current,current,current,current,current,current,current,current,current,current,current,current,current,current,current,current,current,current,current,current,current,current,current,current,current,current,current,current,current,current,current,current
Goods imports,"Goods imports, oil, volume index",RTD.M.S0.S.T_MOIL_V.X,not yet published,not yet published,not yet published,not yet published,not yet published,not yet published,not yet published,not yet published,current,current,current,current,current,current,current,current,current,current,behind,current,behind,behind,behind,behind,behind,current,current,current,current,current,current,current,current,current,current,current,current,current,current,current,current,current,current,current,current,current,current,current,current,current,current,current,current,current,current,current,current,current,current,current,current,current,current,current,current,current,current,current,current,current,current,current,current,current,current,behind,current,current,current,current,current,current,current,current,current,current,current,current,current,current,current,current,current,current,current,current,current,current,current,current,current,current,current,current,current,current,current,current,behind,current,current,current,current,current,current,current,current,current,current,current,current,current,current,current,current,current,current,current,current,current,current,current,current,current,current,current,current,current,current,current,current,current,current,current,current,current,current,current,current,current,current,current,current,current,current,current,current,current,current,current,current,current,current,current,current,current,current,current,current,current,current,current,current,current,current,current,current,current,current,current,current,current,current,current,current,current,current,current,current,current,current,current,current,current,current,current,current,current,current,current,current,current,current,current,current,current,current,current,current,current,current,current,current,current,current,current,current,current,current,current,current,current,current,current,current,current,current,current,current,current,current,current,current,current,current,current,current,current,current,current,current,current,current,current,current,current,current,current,current,current,current,current,current,current,current,current,current,current,current,current,current
Goods imports,"Goods imports, total, unit value index (not adjusted)",RTD.M.S0.N.T_MTTT_U.X,current,current,current,current,current,current,current,current,current,current,current,current,current,current,current,current,current,behind,behind,current,behind,behind,behind,behind,current,current,current,current,current,current,current,current,current,current,current,current,current,current,current,current,current,current,current,current,current,current,current,current,current,current,current,current,current,current,current,current,current,current,current,current,current,current,current,current,current,current,current,current,current,current,current,current,current,current,current,current,current,current,current,current,current,current,current,current,current,current,current,current,current,current,current,current,current,current,current,current,current,current,current,current,current,current,current,current,current,current,current,current,current,current,current,current,current,current,current,current,current,current,current,current,current,current,current,current,current,current,current,current,current,current,current,current,current,current,current,current,current,current,current,current,current,current,current,current,current,current,current,current,current,current,current,current,current,current,current,current,current,current,current,current,current,current,current,current,current,current,current,current,current,current,current,current,current,current,current,current,current,current,current,current,current,current,current,current,current,current,current,current,current,current,current,current,current,current,current,current,current,current,current,current,current,current,current,current,current,current,current,current,current,current,current,current,current,current,current,current,current,current,current,current,current,current,current,current,current,current,current,current,current,current,current,current,current,current,current,current,current,current,current,current,current,current,current,current,current,current,current,current,current,current,current,current,current,behind,behind,behind,behind,behind,behind,behind,behind
Goods imports,"Goods imports, total, unit value index (seasonally adjusted)",RTD.M.S0.S.T_MTTT_U.X,not yet published,not yet published,not yet published,not yet published,not yet published,not yet published,not yet published,not yet published,current,current,current,current,current,current,current,current,current,behind,behind,current,current,current,behind,behind,current,current,current,current,current,current,current,current,current,current,current,current,current,current,current,current,current,current,current,current,current,current,current,current,current,current,current,current,current,current,current,current,current,current,current,current,current,current,current,current,current,current,current,current,current,current,current,current,current,current,current,current,current,current,current,current,current,current,current,current,current,current,current,current,current,current,current,current,current,current,current,current,current,current,current,current,current,current,current,current,current,current,current,current,current,current,current,current,current,current,current,current,current,current,current,current,current,current,current,current,current,current,current,current,current,current,current,current,current,current,current,current,current,current,current,current,current,current,current,current,current,current,current,current,current,current,current,current,current,current,current,current,current,current,current,current,current,current,current,current,current,current,current,current,current,current,current,current,current,current,current,current,current,current,current,current,current,current,current,current,current,current,current,current,current,current,current,current,current,current,current,current,current,current,current,current,current,current,current,current,current,current,current,current,current,current,current,current,current,current,current,current,current,current,current,current,current,current,current,current,current,current,current,current,current,current,current,current,current,current,current,current,current,current,current,current,current,current,current,current,current,current,current,current,current,current,current,current,current,behind,behind,behind,behind,behind,behind,behind,behind
Goods imports,"Goods imports, total, value (not adjusted)",RTD.M.S0.N.T_MTTT.X,current,current,current,current,current,current,current,current,current,current,current,current,current,current,current,current,current,current,current,current,current,current,current,current,current,current,current,current,current,current,behind,current,current,current,current,current,current,current,current,current,current,current,current,current,current,current,current,current,current,current,current,current,current,current,current,current,current,current,current,current,current,current,current,current,current,current,current,current,current,current,current,current,current,current,current,current,current,current,current,current,current,current,current,current,current,current,current,current,current,current,current,current,current,current,current,current,current,current,current,current,current,current,current,current,current,current,current,current,current,current,current,current,current,current,current,current,current,current,current,current,current,current,current,current,current,current,current,current,current,current,current,current,current,current,current,current,current,current,current,current,current,current,current,current,current,current,current,current,current,current,current,current,current,current,current,current,current,current,current,current,current,current,current,current,current,current,current,current,current,current,current,current,current,current,current,current,current,current,current,current,current,current,current,current,current,current,current,current,current,current,current,current,current,current,current,current,current,current,current,current,current,current,current,current,current,current,current,current,current,current,current,current,current,current,current,current,current,current,current,current,current,current,current,current,current,current,current,current,current,current,current,current,current,current,current,behind,current,current,current,current,current,current,current,current,current,current,current,current,current,current,current,current,current,current,current,current,current,current,current,current,current
Goods imports,"Goods imports, total, value (seasonally adjusted)",RTD.M.S0.S.T_MTTT.E,current,current,current,current,current,current,current,current,current,current,current,current,current,current,current,current,current,current,current,current,current,current,current,current,current,current,current,current,current,current,behind,current,current,current,current,current,current,current,current,current,current,current,current,current,current,current,current,current,current,current,current,current,current,current,current,current,current,current,current,current,current,current,current,current,current,current,current,current,current,current,current,current,current,current,current,current,current,current,current,current,current,current,current,current,current,current,current,current,current,current,current,current,current,current,current,current,current,current,current,current,current,current,current,current,current,current,current,current,current,current,current,current,current,current,current,current,current,current,current,current,current,current,current,current,current,current,current,current,current,current,current,current,current,current,current,current,current,current,current,current,current,current,current,current,current,current,current,current,current,current,current,current,current,current,current,current,current,current,current,current,current,current,current,current,current,current,current,current,current,current,current,current,current,current,current,current,current,current,current,current,current,current,current,current,current,current,current,current,current,current,current,current,current,current,current,current,current,current,current,current,current,current,current,current,current,current,current,current,current,current,current,current,current,current,current,current,current,current,current,current,current,current,current,current,current,current,current,current,current,current,current,current,current,current,current,behind,current,current,current,current,current,current,current,current,current,current,current,current,current,current,current,current,current,current,current,current,current,current,current,current,current
Goods imports,"Goods imports, total, volume index (not adjusted)",RTD.M.S0.N.T_MTTT_V.X,current,current,current,current,current,current,current,current,current,current,current,current,current,current,current,current,current,current,behind,behind,behind,behind,behind,behind,current,current,current,current,current,current,current,current,current,current,current,current,current,current,current,current,current,current,current,current,current,current,current,current,current,current,current,current,current,current,current,current,current,current,current,current,current,current,current,current,current,current,current,current,current,current,current,current,current,current,current,current,current,current,current,current,current,current,current,current,current,current,current,current,current,current,current,current,current,current,current,current,current,current,current,current,current,current,current,current,current,current,current,current,current,current,current,current,current,current,current,current,current,current,current,current,current,current,current,current,current,current,current,current,current,current,current,current,current,current,current,current,current,current,current,current,current,current,current,current,current,current,current,current,current,current,current,current,current,current,current,current,current,current,current,current,current,current,current,current,current,current,current,current,current,current,current,current,current,current,current,current,current,current,current,current,current,current,current,current,current,current,current,current,current,current,current,current,current,current,current,current,current,current,current,current,current,current,current,current,current,current,current,current,current,current,current,current,current,current,current,current,current,current,current,current,current,current,current,current,current,current,current,current,current,current,current,current,current,current,current,current,current,current,current,current,current,current,current,current,current,current,current,current,current,current,current,current,current,current,current,current,current,current,current,current,current
Goods imports,"Goods imports, total, volume index (seasonally adjusted)",RTD.M.S0.S.T_MTTT_V.X,not yet published,not yet published,not yet published,not yet published,not yet published,not yet published,not yet published,not yet published,current,current,current,current,current,current,current,current,current,current,behind,current,behind,behind,behind,behind,current,current,current,current,current,current,current,current,current,current,current,current,current,current,current,current,current,current,current,current,current,current,current,current,current,current,current,current,current,current,current,current,current,current,current,current,current,current,current,current,current,current,current,current,current,current,current,current,current,current,current,current,current,current,current,current,current,current,current,current,current,current,current,current,current,current,current,current,current,current,current,current,current,current,current,current,current,current,current,current,current,current,current,current,current,current,current,current,current,current,current,current,current,current,current,current,current,current,current,current,current,current,current,current,current,current,current,current,current,current,current,current,current,current,current,current,current,current,current,current,current,current,current,current,current,current,current,current,current,current,current,current,current,current,current,current,current,current,current,current,current,current,current,current,current,current,current,current,current,current,current,current,current,current,current,current,current,current,current,current,current,current,current,current,current,current,current,current,current,current,current,current,current,current,current,current,current,current,current,current,current,current,current,current,current,current,current,current,current,current,current,current,current,current,current,current,current,current,current,current,current,current,current,current,current,current,current,current,current,current,current,current,current,current,current,current,current,current,current,current,current,current,current,current,current,current,current,current,current,current,current,current,current,current,current,current,current
Government finance,Central government balance,RTD.A.S0.N.F_UMD_CCG_D0.F,current,current,behind,current,current,current,current,current,current,current,current,current,current,behind,current,current,current,current,current,current,current,current,current,current,current,behind,current,current,current,current,current,current,current,current,current,current,current,behind,current,current,current,current,current,current,current,current,current,current,current,behind,current,current,current,current,current,current,current,current,current,current,current,behind,current,current,current,current,current,current,current,current,current,current,current,behind,current,current,current,current,current,current,current,current,current,current,current,behind,current,current,current,current,current,current,current,current,current,current,current,behind,current,current,current,current,current,current,current,current,current,current,current,behind,current,current,current,current,current,current,current,current,current,current,current,behind,current,current,current,current,current,current,current,current,current,current,current,behind,current,current,current,current,current,current,current,current,current,current,current,behind,current,current,current,current,current,current,current,current,current,current,current,behind,current,current,current,current,current,current,current,current,current,current,current,current,current,current,current,current,current,current,current,current,current,current,current,current,current,current,current,current,current,current,current,current,current,current,current,current,current,current,current,current,current,current,current,current,current,current,current,current,current,current,current,current,current,current,current,current,current,current,current,current,current,current,current,current,current,current,behind,current,current,behind,current,current,current,current,behind,current,behind,behind,current,current,current,current,current,current,current,current,current,current,current,current,current,current,current,current,current,current,current,current,behind,current,current,current,current
Government finance,General government balance,RTD.A.S0.N.F_UMD_CGG_D0.F,current,current,behind,current,current,current,current,current,current,current,current,current,current,behind,current,current,current,current,current,current,current,current,current,current,current,behind,current,current,current,current,current,current,current,current,current,current,current,behind,current,current,current,current,current,current,current,current,current,current,current,behind,current,current,current,current,current,current,current,current,current,current,current,behind,current,current,current,current,current,current,current,current,current,current,current,behind,current,current,current,current,current,current,current,current,current,current,current,behind,current,current,current,current,current,current,current,current,current,current,current,behind,current,current,current,current,current,current,current,current,current,current,current,behind,current,current,current,current,current,current,current,current,current,current,current,behind,current,current,current,current,current,current,current,current,current,current,current,behind,current,current,current,current,current,current,current,current,current,current,current,behind,current,current,current,current,current,current,current,current,current,current,current,behind,current,current,current,current,current,current,current,current,current,current,current,current,current,current,current,current,current,current,current,current,current,current,current,current,current,current,current,current,current,current,current,current,current,current,current,current,current,current,current,current,current,current,current,current,current,current,current,current,current,current,current,current,current,current,current,current,current,current,current,current,current,current,current,current,current,current,behind,current,current,behind,current,current,current,current,behind,current,behind,behind,current,current,current,current,current,current,current,current,current,current,current,current,current,current,current,current,current,current,current,current,behind,current,current,current,current
Government finance,General government primary balance,RTD.A.S0.N.F_UMS_CGG_D0.F,current,current,behind,current,current,current,current,current,current,current,current,current,current,behind,current,current,current,current,current,current,current,current,current,current,current,behind,current,current,current,current,current,current,current,current,current,current,current,behind,current,current,current,current,current,current,current,current,current,current,current,behind,current,current,current,current,current,current,current,current,current,current,current,behind,current,current,current,current,current,current,current,current,current,current,current,behind,current,current,current,current,current,current,current,current,current,current,current,behind,current,current,current,current,current,current,current,current,current,current,current,behind,current,current,current,current,current,current,current,current,current,current,current,behind,current,current,current,current,current,current,current,current,current,current,current,behind,current,current,current,current,current,current,current,current,current,current,current,behind,current,current,current,current,current,current,current,current,current,current,current,behind,current,current,current,current,current,current,current,current,current,current,current,behind,current,current,current,current,current,current,current,current,current,current,current,current,current,current,current,current,current,current,current,current,current,current,current,current,current,current,current,current,current,current,current,current,current,current,current,current,current,current,current,current,current,current,current,current,current,current,current,current,current,current,current,current,current,current,current,current,current,current,current,current,current,current,current,current,current,current,behind,current,current,behind,current,current,current,current,behind,current,behind,behind,current,current,current,current,current,current,current,current,current,current,current,current,current,current,current,current,current,current,current,current,behind,current,current,current,current
Government finance,Government collective consumption,RTD.A.S0.N.F_CEC_CGG_D0.F,current,current,behind,current,current,current,current,current,current,current,current,current,current,behind,current,current,current,current,current,current,current,current,current,current,current,behind,current,current,current,current,current,current,current,current,current,current,current,behind,current,current,current,current,current,current,current,current,current,current,current,behind,current,current,current,current,current,current,current,current,current,current,current,behind,current,current,current,current,current,current,current,current,current,current,current,behind,current,current,current,current,current,current,current,current,current,current,current,behind,current,current,current,current,current,current,current,current,current,current,current,behind,current,current,current,current,current,current,current,current,current,current,current,behind,current,current,current,current,current,current,current,current,current,current,current,behind,current,current,current,current,current,current,current,current,current,current,current,behind,current,current,current,current,current,current,current,current,current,current,current,behind,current,current,current,current,current,current,current,current,current,current,current,behind,current,current,current,current,current,current,current,current,current,current,current,current,current,current,current,current,current,current,current,current,current,current,current,current,current,current,current,current,current,current,current,current,current,current,current,current,current,current,current,current,current,current,current,current,current,current,current,current,current,current,current,current,current,current,current,current,current,current,current,current,current,current,current,current,current,current,behind,current,current,behind,current,current,current,current,behind,current,behind,behind,current,current,current,current,current,current,current,current,current,current,current,current,current,current,current,current,current,current,current,current,behind,current,behind,behind,behind
Government finance,Government compensation of employees,RTD.A.S0.N.F_COE_CGG_D0.F,current,current,behind,current,current,current,current,current,current,current,current,current,current,behind,current,current,current,current,current,current,current,current,current,current,current,behind,current,current,current,current,current,current,current,current,current,current,current,behind,current,current,current,current,current,current,current,current,current,current,current,behind,current,current,current,current,current,current,current,current,current,current,current,behind,current,current,current,current,current,current,current,current,current,current,current,behind,current,current,current,current,current,current,current,current,current,current,current,behind,current,current,current,current,current,current,current,current,current,current,current,behind,current,current,current,current,current,current,current,current,current,current,current,behind,current,current,current,current,current,current,current,current,current,current,current,behind,current,current,current,current,current,current,current,current,current,current,current,behind,current,current,current,current,current,current,current,current,current,current,current,behind,current,current,current,current,current,current,current,current,current,current,current,behind,current,current,current,current,current,current,current,current,current,current,current,current,current,current,current,current,current,current,current,current,current,current,current,current,current,current,current,current,current,current,current,current,current,current,current,current,current,current,current,current,current,current,current,current,current,current,current,current,current,current,current,current,current,current,current,current,current,current,current,current,current,current,current,current,current,current,behind,current,current,behind,current,current,current,current,behind,current,behind,behind,current,current,current,current,current,current,current,current,current,current,current,current,current,current,current,current,current,current,current,current,behind,current,current,current,current
Government finance,Government consumption of fixed capital,RTD.A.S0.N.F_CFC_CGG_D0.F,current,current,behind,current,current,current,current,current,current,current,current,current,current,behind,current,current,current,current,current,current,current,current,current,current,current,behind,current,current,current,current,current,current,current,current,current,current,current,behind,current,current,current,current,current,current,current,current,current,current,current,behind,current,current,current,current,current,current,current,current,current,current,current,behind,current,current,current,current,current,current,current,current,current,current,current,behind,current,current,current,current,current,current,current,current,current,current,current,behind,current,current,current,current,current,current,current,current,current,current,current,behind,current,current,current,current,current,current,current,current,current,current,current,behind,current,current,current,current,current,current,current,current,current,current,current,behind,current,current,current,current,current,current,current,current,current,current,current,behind,current,current,current,current,current,current,current,current,current,current,current,behind,current,current,current,current,current,current,current,current,current,current,current,behind,current,current,current,current,current,current,current,current,current,current,current,current,current,current,current,current,current,current,current,current,current,current,current,current,current,current,current,current,current,current,current,current,current,current,current,current,current,current,current,current,current,current,current,current,current,current,current,current,current,current,current,current,current,current,current,current,current,current,current,current,current,current,current,current,current,current,behind,current,current,behind,current,current,current,current,behind,current,behind,behind,current,current,current,current,current,current,current,current,current,current,current,current,current,current,current,current,current,current,current,current,behind,current,behind,behind,behind
Government finance,Government final consumption,RTD.A.S0.N.F_CEF_CGG_D0.F,current,current,behind,current,current,current,current,current,current,current,current,current,current,behind,current,current,current,current,current,current,current,current,current,current,current,behind,current,current,current,current,current,current,current,current,current,current,current,behind,current,current,current,current,current,current,current,current,current,current,current,behind,current,current,current,current,current,current,current,current,current,current,current,behind,current,current,current,current,current,current,current,current,current,current,current,behind,current,current,current,current,current,current,current,current,current,current,current,behind,current,current,current,current,current,current,current,current,current,current,current,behind,current,current,current,current,current,current,current,current,current,current,current,behind,current,current,current,current,current,current,current,current,current,current,current,behind,current,current,current,current,current,current,current,current,current,current,current,behind,current,current,current,current,current,current,current,current,current,current,current,behind,current,current,current,current,current,current,current,current,current,current,current,behind,current,current,current,current,current,current,current,current,current,current,current,current,current,current,current,current,current,current,current,current,current,current,current,current,current,current,current,current,current,current,current,current,current,current,current,current,current,current,current,current,current,current,current,current,current,current,current,current,current,current,current,current,current,current,current,current,current,current,current,current,current,current,current,current,current,current,behind,current,current,behind,current,current,current,current,behind,current,behind,behind,current,current,current,current,current,current,current,current,current,current,current,current,current,current,current,current,current,current,current,current,behind,current,behind,behind,behind
Government finance,Government individual consumption,RTD.A.S0.N.F_CEI_CGG_D0.F,current,current,behind,current,current,current,current,current,current,current,current,current,current,behind,current,current,current,current,current,current,current,current,current,current,current,behind,current,current,current,current,current,current,current,current,current,current,current,behind,current,current,current,current,current,current,current,current,current,current,current,behind,current,current,current,current,current,current,current,current,current,current,current,behind,current,current,current,current,current,current,current,current,current,current,current,behind,current,current,current,current,current,current,current,current,current,current,current,behind,current,current,current,current,current,current,current,current,current,current,current,behind,current,current,current,current,current,current,current,current,current,current,current,behind,current,current,current,current,current,current,current,current,current,current,current,behind,current,current,current,current,current,current,current,current,current,current,current,behind,current,current,current,current,current,current,current,current,current,current,current,behind,current,current,current,current,current,current,current,current,current,current,current,behind,current,current,current,current,current,current,current,current,current,current,current,current,current,current,current,current,current,current,current,current,current,current,current,current,current,current,current,current,current,current,current,current,current,current,current,current,current,current,current,current,current,current,current,current,current,current,current,current,current,current,current,current,current,current,current,current,current,current,current,current,current,current,current,current,current,current,behind,current,current,behind,current,current,current,current,behind,current,behind,behind,current,current,current,current,current,current,current,current,current,current,current,current,current,current,current,current,current,current,current,current,behind,current,behind,behind,behind
Government finance,Government intermediate consumption,RTD.A.S0.N.F_INC_CGG_D0.F,current,current,behind,current,current,current,current,current,current,current,current,current,current,behind,current,current,current,current,current,current,current,current,current,current,current,behind,current,current,current,current,current,current,current,current,current,current,current,behind,current,current,current,current,current,current,current,current,current,current,current,behind,current,current,current,current,current,current,current,current,current,current,current,behind,current,current,current,current,current,current,current,current,current,current,current,behind,current,current,current,current,current,current,current,current,current,current,current,behind,current,current,current,current,current,current,current,current,current,current,current,behind,current,current,current,current,current,current,current,current,current,current,current,behind,current,current,current,current,current,current,current,current,current,current,current,behind,current,current,current,current,current,current,current,current,current,current,current,behind,current,current,current,current,current,current,current,current,current,current,current,behind,current,current,current,current,current,current,current,current,current,current,current,behind,current,current,current,current,current,current,current,current,current,current,current,current,current,current,current,current,current,current,current,current,current,current,current,current,current,current,current,current,current,current,current,current,current,current,current,current,current,current,current,current,current,current,current,current,current,current,current,current,current,current,current,current,current,current,current,current,current,current,current,current,current,current,current,current,current,current,behind,current,current,behind,current,current,current,current,behind,current,behind,behind,current,current,current,current,current,current,current,current,current,current,current,current,current,current,current,current,current,current,current,current,behind,current,current,current,current
Government finance,Government revenue from sales,RTD.A.S0.N.F_SAL_C0_DGG.F,current,current,behind,current,current,current,current,current,current,current,current,current,current,behind,current,current,current,current,current,current,current,current,current,current,current,behind,current,current,current,current,current,current,current,current,current,current,current,behind,current,current,current,current,current,current,current,current,current,current,current,behind,current,current,current,current,current,current,current,current,current,current,current,behind,current,current,current,current,current,current,current,current,current,current,current,behind,current,current,current,current,current,current,current,current,current,current,current,behind,current,current,current,current,current,current,current,current,current,current,current,behind,current,current,current,current,current,current,current,current,current,current,current,behind,current,current,current,current,current,current,current,current,current,current,current,behind,current,current,current,current,current,current,current,current,current,current,current,behind,current,current,current,current,current,current,current,current,current,current,current,behind,current,current,current,current,current,current,current,current,current,current,current,behind,current,current,current,current,current,current,current,current,current,current,current,current,current,current,current,current,current,current,current,current,current,current,current,current,current,current,current,current,current,current,current,current,current,current,current,current,current,current,current,current,current,current,current,current,current,current,current,current,current,current,current,current,current,current,current,current,current,current,current,current,current,current,current,current,current,current,behind,current,current,behind,current,current,current,current,behind,current,behind,behind,current,current,current,current,current,current,current,current,current,current,current,current,current,current,current,current,current,current,current,current,behind,behind,behind,behind,behind
Government finance,Government social transfers in kind,RTD.A.S0.N.F_STM_CGG_DH.F,current,current,behind,current,current,current,current,current,current,current,current,current,current,behind,current,current,current,current,current,current,current,current,current,current,current,behind,current,current,current,current,current,current,current,current,current,current,current,behind,current,current,current,current,current,current,current,current,current,current,current,behind,current,current,current,current,current,current,current,current,current,current,current,behind,current,current,current,current,current,current,current,current,current,current,current,behind,current,current,current,current,current,current,current,current,current,current,current,behind,current,current,current,current,current,current,current,current,current,current,current,behind,current,current,current,current,current,current,current,current,current,current,current,behind,current,current,current,current,current,current,current,current,current,current,current,behind,current,current,current,current,current,current,current,current,current,current,current,behind,current,current,current,current,current,current,current,current,current,current,current,behind,current,current,current,current,current,current,current,current,current,current,current,behind,current,current,current,current,current,current,current,current,current,current,current,current,current,current,current,current,current,current,current,current,current,current,current,current,current,current,current,current,current,current,current,current,current,current,current,current,current,current,current,current,current,current,current,current,current,current,current,current,current,current,current,current,current,current,current,current,current,current,current,current,current,current,current,current,current,current,behind,current,current,behind,current,current,current,current,behind,current,behind,behind,current,current,current,current,current,current,current,current,current,current,current,current,current,current,current,current,current,current,current,current,behind,current,behind,behind,behind
Government finance,Local government balance,RTD.A.S0.N.F_DEF_CLG_D0.F,current,current,behind,current,current,current,current,current,current,current,current,current,current,behind,current,current,current,current,current,current,current,current,current,current,current,behind,current,current,current,current,current,current,current,current,current,current,current,behind,current,current,current,current,current,current,current,current,current,current,current,behind,current,current,current,current,current,current,current,current,current,current,current,behind,current,current,current,current,current,current,current,current,current,current,current,behind,current,current,current,current,current,current,current,current,current,current,current,behind,current,current,current,current,current,current,current,current,current,current,current,behind,current,current,current,current,current,current,current,current,current,current,current,behind,current,current,current,current,current,current,current,current,current,current,current,behind,current,current,current,current,current,current,current,current,current,current,current,behind,current,current,current,current,current,current,current,current,current,current,current,behind,current,current,current,current,current,current,current,current,current,current,current,behind,current,current,current,current,current,current,current,current,current,current,current,current,current,current,current,current,current,current,current,current,current,current,current,current,current,current,current,current,current,current,current,current,current,current,current,current,current,current,current,current,current,current,current,current,current,current,current,current,current,current,current,current,current,current,current,current,current,current,current,current,current,current,current,current,current,current,behind,current,current,behind,current,current,current,current,behind,current,behind,behind,current,current,current,current,current,current,current,current,current,current,current,current,current,current,current,current,current,current,current,current,behind,current,current,current,current
Government finance,Social security funds balance,RTD.A.S0.N.F_DEF_CSF_D0.F,current,current,behind,current,current,current,current,current,current,current,current,current,current,behind,current,current,current,current,current,current,current,current,current,current,current,behind,current,current,current,current,current,current,current,current,current,current,current,behind,current,current,current,current,current,current,current,current,current,current,current,behind,current,current,current,current,current,current,current,current,current,current,current,behind,current,current,current,current,current,current,current,current,current,current,current,behind,current,current,current,current,current,current,current,current,current,current,current,behind,current,current,current,current,current,current,current,current,current,current,current,behind,current,current,current,current,current,current,current,current,current,current,current,behind,current,current,current,current,current,current,current,current,current,current,current,behind,current,current,current,current,current,current,current,current,current,current,current,behind,current,current,current,current,current,current,current,current,current,current,current,behind,current,current,current,current,current,current,current,current,current,current,current,behind,current,current,current,current,current,current,current,current,current,current,current,current,current,current,current,current,current,current,current,current,current,current,current,current,current,current,current,current,current,current,current,current,current,current,current,current,current,current,current,current,current,current,current,current,current,current,current,current,current,current,current,current,current,current,current,current,current,current,current,current,current,current,current,current,current,current,behind,current,current,behind,current,current,current,current,behind,current,behind,behind,current,current,current,current,current,current,current,current,current,current,current,current,current,current,current,current,current,current,current,current,behind,current,current,current,current
Government finance,State government balance,RTD.A.S0.N.F_DEF_CSG_D0.F,current,current,behind,current,current,current,current,current,current,current,current,current,current,behind,current,current,current,current,current,current,current,current,current,current,current,behind,current,current,current,current,current,current,current,current,current,current,current,behind,current,current,current,current,current,current,current,current,current,current,current,behind,current,current,current,current,current,current,current,current,current,current,current,behind,current,current,current,current,current,current,current,current,current,current,current,behind,current,current,current,current,current,current,current,current,current,current,current,behind,current,current,current,current,current,current,current,current,current,current,current,behind,current,current,current,current,current,current,current,current,current,current,current,behind,current,current,current,current,current,current,current,current,current,current,current,behind,current,current,current,current,current,current,current,current,current,current,current,behind,current,current,current,current,current,current,current,current,current,current,current,behind,current,current,current,current,current,current,current,current,current,current,current,behind,current,current,current,current,current,current,current,current,current,current,current,current,current,current,current,current,current,current,current,current,current,current,current,current,current,current,current,current,current,current,current,current,current,current,current,current,current,current,current,current,current,current,current,current,current,current,current,current,current,current,current,current,current,current,current,current,current,current,current,current,current,current,current,current,current,current,behind,current,current,behind,current,current,current,current,behind,current,behind,behind,current,current,current,current,current,current,current,current,current,current,current,current,current,current,current,current,current,current,current,current,behind,current,current,current,current
Gross value added,"Gross value added, agriculture, nominal",RTD.Q.S0.S.G_GVAD_AHFF_U.E,current,current,current,current,current,current,current,current,current,current,current,current,current,current,current,current,current,current,current,current,current,current,current,current,current,current,current,current,current,current,current,current,current,current,current,current,current,current,current,current,current,current,current,current,current,current,current,current,current,current,current,current,current,current,current,current,current,current,current,current,current,current,current,current,current,current,current,current,current,current,current,current,current,current,current,current,current,current,current,current,current,current,current,current,current,current,current,current,current,current,current,current,current,current,current,current,current,current,current,current,current,current,current,current,current,current,current,current,current,current,current,current,current,current,current,current,current,current,current,current,current,current,current,current,current,current,current,current,current,current,current,current,current,current,current,current,current,current,current,current,current,current,current,current,current,current,current,current,current,current,current,current,current,current,current,current,current,current,current,current,current,current,current,current,current,current,current,current,current,current,current,current,current,current,current,current,current,current,current,current,current,current,current,current,current,current,current,current,current,current,current,current,current,current,current,current,current,current,current,current,current,current,current,current,current,current,current,current,current,current,current,current,current,current,current,current,current,current,current,current,current,current,current,current,current,current,current,current,current,current,current,current,current,current,current,current,current,current,current,current,current,current,current,current,current,current,current,current,current,current,current,current,current,current,current,current,current,current,current,current,current
Gross value added,"Gross value added, agriculture, real",RTD.Q.S0.S.G_GVAD_AHFF_O.E,current,current,current,current,current,current,current,current,current,current,current,current,current,current,current,current,current,current,current,current,current,current,current,current,current,current,current,current,current,current,current,current,current,current,current,current,current,current,current,current,current,current,current,current,current,current,current,current,current,current,current,current,current,current,current,current,current,current,current,current,current,current,current,current,current,current,current,current,current,current,current,current,current,current,current,current,current,current,current,current,current,current,current,current,current,current,current,current,current,current,current,current,current,current,current,current,current,current,current,current,current,current,current,current,current,current,current,current,current,current,current,current,current,current,current,current,current,current,current,current,current,current,current,current,current,current,current,current,current,current,current,current,current,current,current,current,current,current,current,current,current,current,current,current,current,current,current,current,current,current,current,current,current,current,current,current,current,current,current,current,current,current,current,current,current,current,current,current,current,current,current,current,current,current,current,current,current,current,current,current,current,current,current,current,current,current,current,current,current,current,current,current,current,current,current,current,current,current,current,current,current,current,current,current,current,current,current,current,current,current,current,current,current,current,current,current,current,current,current,current,current,current,current,current,current,current,current,current,current,current,current,current,current,current,current,current,current,current,current,current,current,current,current,current,current,current,current,current,current,current,current,current,current,current,current,current,current,current,current,current,current
Gross value added,"Gross value added, arts and other services, nominal",RTD.Q.S0.S.G_GVAD_ARTOSER_U.E,not yet published,not yet published,not yet published,not yet published,not yet published,not yet published,not yet published,not yet published,not yet published,not yet published,not yet published,not yet published,not yet published,not yet published,not yet published,not yet published,not yet published,not yet published,not yet published,not yet published,not yet published,not yet published,not yet published,not yet published,not yet published,not yet published,not yet published,not yet published,not yet published,not yet published,not yet published,not yet published,not yet published,not yet published,not yet published,not yet published,not yet published,not yet published,not yet published,not yet published,not yet published,not yet published,not yet published,not yet published,not yet published,not yet published,not yet published,not yet published,not yet published,not yet published,not yet published,not yet published,not yet published,not yet published,not yet published,not yet published,not yet published,not yet published,not yet published,not yet published,not yet published,not yet published,not yet published,not yet published,not yet published,not yet published,not yet published,not yet published,not yet published,not yet published,not yet published,not yet published,not yet published,not yet published,not yet published,not yet published,not yet published,not yet published,not yet published,not yet published,not yet published,not yet published,not yet published,not yet published,not yet published,not yet published,not yet published,not yet published,not yet published,not yet published,not yet published,not yet published,not yet published,not yet published,not yet published,not yet published,not yet published,not yet published,not yet published,not yet published,not yet published,not yet published,not yet published,not yet published,not yet published,not yet published,not yet published,not yet published,not yet published,not yet published,not yet published,not yet published,not yet published,not yet published,not yet published,not yet published,not yet published,not yet published,not yet published,not yet published,not yet published,not yet published,not yet published,not yet published,not yet published,not yet published,not yet published,not yet published,not yet published,not yet published,not yet published,not yet published,current,current,current,current,current,current,current,current,current,current,current,current,current,current,current,current,current,current,current,current,current,current,current,current,current,current,current,current,current,current,current,current,current,current,current,current,current,current,current,current,current,current,current,current,current,current,current,current,current,current,current,current,current,current,current,current,current,current,current,current,current,current,current,current,current,current,current,current,current,current,current,current,current,current,current,current,current,current,current,current,current,current,current,current,current,current,current,current,current,current,current,current,current,current,current,current,current,current,current,current,current,current,current,current,current,current,current,current,current,current,current,current,current,current,current,current,current,current,current,current,current,current,current,current,current,current,current,current,current
Gross value added,"Gross value added, arts and other services, real",RTD.Q.S0.S.G_GVAD_ARTOSER_O.E,not yet published,not yet published,not yet published,not yet published,not yet published,not yet published,not yet published,not yet published,not yet published,not yet published,not yet published,not yet published,not yet published,not yet published,not yet published,not yet published,not yet published,not yet published,not yet published,not yet published,not yet published,not yet published,not yet published,not yet published,not yet published,not yet published,not yet published,not yet published,not yet published,not yet published,not yet published,not yet published,not yet published,not yet published,not yet published,not yet published,not yet published,not yet published,not yet published,not yet published,not yet published,not yet published,not yet published,not yet published,not yet published,not yet published,not yet published,not yet published,not yet published,not yet published,not yet published,not yet published,not yet published,not yet published,not yet published,not yet published,not yet published,not yet published,not yet published,not yet published,not yet published,not yet published,not yet published,not yet published,not yet published,not yet published,not yet published,not yet published,not yet published,not yet published,not yet published,not yet published,not yet published,not yet published,not yet published,not yet published,not yet published,not yet published,not yet published,not yet published,not yet published,not yet published,not yet published,not yet published,not yet published,not yet published,not yet published,not yet published,not yet published,not yet published,not yet published,not yet published,not yet published,not yet published,not yet published,not yet published,not yet published,not yet published,not yet published,not yet published,not yet published,not yet published,not yet published,not yet published,not yet published,not yet published,not yet published,not yet published,not yet published,not yet published,not yet published,not yet published,not yet published,not yet published,not yet published,not yet published,not yet published,not yet published,not yet published,not yet published,not yet published,not yet published,not yet published,not yet published,not yet published,not yet published,not yet published,not yet published,not yet published,not yet published,not yet published,not yet published,current,current,current,current,current,current,current,current,current,current,current,current,current,current,current,current,current,current,current,current,current,current,current,current,current,current,current,current,current,current,current,current,current,current,current,current,current,current,current,current,current,current,current,current,current,current,current,current,current,current,current,current,current,current,current,current,current,current,current,current,current,current,current,current,current,current,current,current,current,current,current,current,current,current,current,current,current,current,current,current,current,current,current,current,current,current,current,current,current,current,current,current,current,current,current,current,current,current,current,current,current,current,current,current,current,current,current,current,current,current,current,current,current,current,current,current,current,current,current,current,current,current,current,current,current,current,current,current,current
Gross value added,"Gross value added, construction, nominal",RTD.Q.S0.S.G_GVAD_CONST_U.E,current,current,current,current,current,current,current,current,current,current,current,current,current,current,current,current,current,current,current,current,current,current,current,current,current,current,current,current,current,current,current,current,current,current,current,current,current,current,current,current,current,current,current,current,current,current,current,current,current,current,current,current,current,current,current,current,current,current,current,current,current,current,current,current,current,current,current,current,current,current,current,current,current,current,current,current,current,current,current,current,current,current,current,current,current,current,current,current,current,current,current,current,current,current,current,current,current,current,current,current,current,current,current,current,current,current,current,current,current,current,current,current,current,current,current,current,current,current,current,current,current,current,current,current,current,current,current,current,current,current,current,current,current,current,current,current,current,current,current,current,current,current,current,current,current,current,current,current,current,current,current,current,current,current,current,current,current,current,current,current,current,current,current,current,current,current,current,current,current,current,current,current,current,current,current,current,current,current,current,current,current,current,current,current,current,current,current,current,current,current,current,current,current,current,current,current,current,current,current,current,current,current,current,current,current,current,current,current,current,current,current,current,current,current,current,current,current,current,current,current,current,current,current,current,current,current,current,current,current,current,current,current,current,current,current,current,current,current,current,current,current,current,current,current,current,current,current,current,current,current,current,current,current,current,current,current,current,current,current,current,current
Gross value added,"Gross value added, construction, real",RTD.Q.S0.S.G_GVAD_CONST_O.E,current,current,current,current,current,current,current,current,current,current,current,current,current,current,current,current,current,current,current,current,current,current,current,current,current,current,current,current,current,current,current,current,current,current,current,current,current,current,current,current,current,current,current,current,current,current,current,current,current,current,current,current,current,current,current,current,current,current,current,current,current,current,current,current,current,current,current,current,current,current,current,current,current,current,current,current,current,current,current,current,current,current,current,current,current,current,current,current,current,current,current,current,current,current,current,current,current,current,current,current,current,current,current,current,current,current,current,current,current,current,current,current,current,current,current,current,current,current,current,current,current,current,current,current,current,current,current,current,current,current,current,current,current,current,current,current,current,current,current,current,current,current,current,current,current,current,current,current,current,current,current,current,current,current,current,current,current,current,current,current,current,current,current,current,current,current,current,current,current,current,current,current,current,current,current,current,current,current,current,current,current,current,current,current,current,current,current,current,current,current,current,current,current,current,current,current,current,current,current,current,current,current,current,current,current,current,current,current,current,current,current,current,current,current,current,current,current,current,current,current,current,current,current,current,current,current,current,current,current,current,current,current,current,current,current,current,current,current,current,current,current,current,current,current,current,current,current,current,current,current,current,current,current,current,current,current,current,current,current,current,current
Gross value added,"Gross value added, finance and insurance, nominal",RTD.Q.S0.S.G_GVAD_FININS_U.E,not yet published,not yet published,not yet published,not yet published,not yet published,not yet published,not yet published,not yet published,not yet published,not yet published,not yet published,not yet published,not yet published,not yet published,not yet published,not yet published,not yet published,not yet published,not yet published,not yet published,not yet published,not yet published,not yet published,not yet published,not yet published,not yet published,not yet published,not yet published,not yet published,not yet published,not yet published,not yet published,not yet published,not yet published,not yet published,not yet published,not yet published,not yet published,not yet published,not yet published,not yet published,not yet published,not yet published,not yet published,not yet published,not yet published,not yet published,not yet published,not yet published,not yet published,not yet published,not yet published,not yet published,not yet published,not yet published,not yet published,not yet published,not yet published,not yet published,not yet published,not yet published,not yet published,not yet published,not yet published,not yet published,not yet published,not yet published,not yet published,not yet published,not yet published,not yet published,not yet published,not yet published,not yet published,not yet published,not yet published,not yet published,not yet published,not yet published,not yet published,not yet published,not yet published,not yet published,not yet published,not yet published,not yet published,not yet published,not yet published,not yet published,not yet published,not yet published,not yet published,not yet published,not yet published,not yet published,not yet published,not yet published,not yet published,not yet published,not yet published,not yet published,not yet published,not yet published,not yet published,not yet published,not yet published,not yet published,not yet published,not yet published,not yet published,not yet published,not yet published,not yet published,not yet published,not yet published,not yet published,not yet published,not yet published,not yet published,not yet published,not yet published,not yet published,not yet published,not yet published,not yet published,not yet published,not yet published,not yet published,not yet published,not yet published,not yet published,not yet published,current,current,current,current,current,current,current,current,current,current,current,current,current,current,current,current,current,current,current,current,current,current,current,current,current,current,current,current,current,current,current,current,current,current,current,current,current,current,current,current,current,current,current,current,current,current,current,current,current,current,current,current,current,current,current,current,current,current,current,current,current,current,current,current,current,current,current,current,current,current,current,current,current,current,current,current,current,current,current,current,current,current,current,current,current,current,current,current,current,current,current,current,current,current,current,current,current,current,current,current,current,current,current,current,current,current,current,current,current,current,current,current,current,current,current,current,current,current,current,current,current,current,current,current,current,current,current,current,current
Gross value added,"Gross value added, finance and insurance, real",RTD.Q.S0.S.G_GVAD_FININS_O.E,not yet published,not yet published,not yet published,not yet published,not yet published,not yet published,not yet published,not yet published,not yet published,not yet published,not yet published,not yet published,not yet published,not yet published,not yet published,not yet published,not yet published,not yet published,not yet published,not yet published,not yet published,not yet published,not yet published,not yet published,not yet published,not yet published,not yet published,not yet published,not yet published,not yet published,not yet published,not yet published,not yet published,not yet published,not yet published,not yet published,not yet published,not yet published,not yet published,not yet published,not yet published,not yet published,not yet published,not yet published,not yet published,not yet published,not yet published,not yet published,not yet published,not yet published,not yet published,not yet published,not yet published,not yet published,not yet published,not yet published,not yet published,not yet published,not yet published,not yet published,not yet published,not yet published,not yet published,not yet published,not yet published,not yet published,not yet published,not yet published,not yet published,not yet published,not yet published,not yet published,not yet published,not yet published,not yet published,not yet published,not yet published,not yet published,not yet published,not yet published,not yet published,not yet published,not yet published,not yet published,not yet published,not yet published,not yet published,not yet published,not yet published,not yet published,not yet published,not yet published,not yet published,not yet published,not yet published,not yet published,not yet published,not yet published,not yet published,not yet published,not yet published,not yet published,not yet published,not yet published,not yet published,not yet published,not yet published,not yet published,not yet published,not yet published,not yet published,not yet published,not yet published,not yet published,not yet published,not yet published,not yet published,not yet published,not yet published,not yet published,not yet published,not yet published,not yet published,not yet published,not yet published,not yet published,not yet published,not yet published,not yet published,not yet published,not yet published,not yet published,current,current,current,current,current,current,current,current,current,current,current,current,current,current,current,current,current,current,current,current,current,current,current,current,current,current,current,current,current,current,current,current,current,current,current,current,current,current,current,current,current,current,current,current,current,current,current,current,current,current,current,current,current,current,current,current,current,current,current,current,current,current,current,current,current,current,current,current,current,current,current,current,current,current,current,current,current,current,current,current,current,current,current,current,current,current,current,current,current,current,current,current,current,current,current,current,current,current,current,current,current,current,current,current,current,current,current,current,current,current,current,current,current,current,current,current,current,current,current,current,current,current,current,current,current,current,current,current,current
Gross value added,"Gross value added, industry, nominal",RTD.Q.S0.S.G_GVAD_INDTO_U.E,current,current,current,current,current,current,current,current,current,current,current,current,current,current,current,current,current,current,current,current,current,current,current,current,current,current,current,current,current,current,current,current,current,current,current,current,current,current,current,current,current,current,current,current,current,current,current,current,current,current,current,current,current,current,current,current,current,current,current,current,current,current,current,current,current,current,current,current,current,current,current,current,current,current,current,current,current,current,current,current,current,current,current,current,current,current,current,current,current,current,current,current,current,current,current,current,current,current,current,current,current,current,current,current,current,current,current,current,current,current,current,current,current,current,current,current,current,current,current,current,current,current,current,current,current,current,current,current,current,current,current,current,current,current,current,current,current,current,current,current,current,current,current,current,current,current,current,current,current,current,current,current,current,current,current,current,current,current,current,current,current,current,current,current,current,current,current,current,current,current,current,current,current,current,current,current,current,current,current,current,current,current,current,current,current,current,current,current,current,current,current,current,current,current,current,current,current,current,current,current,current,current,current,current,current,current,current,current,current,current,current,current,current,current,current,current,current,current,current,current,current,current,current,current,current,current,current,current,current,current,current,current,current,current,current,current,current,current,current,current,current,current,current,current,current,current,current,current,current,current,current,current,current,current,current,current,current,current,current,current,current
Gross value added,"Gross value added, industry, real",RTD.Q.S0.S.G_GVAD_INDTO_O.E,current,current,current,current,current,current,current,current,current,current,current,current,current,current,current,current,current,current,current,current,current,current,current,current,current,current,current,current,current,current,current,current,current,current,current,current,current,current,current,current,current,current,current,current,current,current,current,current,current,current,current,current,current,current,current,current,current,current,current,current,current,current,current,current,current,current,current,current,current,current,current,current,current,current,current,current,current,current,current,current,current,current,current,current,current,current,current,current,current,current,current,current,current,current,current,current,current,current,current,current,current,current,current,current,current,current,current,current,current,current,current,current,current,current,current,current,current,current,current,current,current,current,current,current,current,current,current,current,current,current,current,current,current,current,current,current,current,current,current,current,current,current,current,current,current,current,current,current,current,current,current,current,current,current,current,current,current,current,current,current,current,current,current,current,current,current,current,current,current,current,current,current,current,current,current,current,current,current,current,current,current,current,current,current,current,current,current,current,current,current,current,current,current,current,current,current,current,current,current,current,current,current,current,current,current,current,current,current,current,current,current,current,current,current,current,current,current,current,current,current,current,current,current,current,current,current,current,current,current,current,current,current,current,current,current,current,current,current,current,current,current,current,current,current,current,current,current,current,current,current,current,current,current,current,current,current,current,current,current,current,current
Gross value added,"Gross value added, information and communication, nominal",RTD.Q.S0.S.G_GVAD_INFCOM_U.E,not yet published,not yet published,not yet published,not yet published,not yet published,not yet published,not yet published,not yet published,not yet published,not yet published,not yet published,not yet published,not yet published,not yet published,not yet published,not yet published,not yet published,not yet published,not yet published,not yet published,not yet published,not yet published,not yet published,not yet published,not yet published,not yet published,not yet published,not yet published,not yet published,not yet published,not yet published,not yet published,not yet published,not yet published,not yet published,not yet published,not yet published,not yet published,not yet published,not yet published,not yet published,not yet published,not yet published,not yet published,not yet published,not yet published,not yet published,not yet published,not yet published,not yet published,not yet published,not yet published,not yet published,not yet published,not yet published,not yet published,not yet published,not yet published,not yet published,not yet published,not yet published,not yet published,not yet published,not yet published,not yet published,not yet published,not yet published,not yet published,not yet published,not yet published,not yet published,not yet published,not yet published,not yet published,not yet published,not yet published,not yet published,not yet published,not yet published,not yet published,not yet published,not yet published,not yet published,not yet published,not yet published,not yet published,not yet published,not yet published,not yet published,not yet published,not yet published,not yet published,not yet published,not yet published,not yet published,not yet published,not yet published,not yet published,not yet published,not yet published,not yet published,not yet published,not yet published,not yet published,not yet published,not yet published,not yet published,not yet published,not yet published,not yet published,not yet published,not yet published,not yet published,not yet published,not yet published,not yet published,not yet published,not yet published,not yet published,not yet published,not yet published,not yet published,not yet published,not yet published,not yet published,not yet published,not yet published,not yet published,not yet published,not yet published,not yet published,not yet published,current,current,current,current,current,current,current,current,current,current,current,current,current,current,current,current,current,current,current,current,current,current,current,current,current,current,current,current,current,current,current,current,current,current,current,current,current,current,current,current,current,current,current,current,current,current,current,current,current,current,current,current,current,current,current,current,current,current,current,current,current,current,current,current,current,current,current,current,current,current,current,current,current,current,current,current,current,current,current,current,current,current,current,current,current,current,current,current,current,current,current,current,current,current,current,current,current,current,current,current,current,current,current,current,current,current,current,current,current,current,current,current,current,current,current,current,current,current,current,current,current,current,current,current,current,current,current,current,current
Gross value added,"Gross value added, information and communication, real",RTD.Q.S0.S.G_GVAD_INFCOM_O.E,not yet published,not yet published,not yet published,not yet published,not yet published,not yet published,not yet published,not yet published,not yet published,not yet published,not yet published,not yet published,not yet published,not yet published,not yet published,not yet published,not yet published,not yet published,not yet published,not yet published,not yet published,not yet published,not yet published,not yet published,not yet published,not yet published,not yet published,not yet published,not yet published,not yet published,not yet published,not yet published,not yet published,not yet published,not yet published,not yet published,not yet published,not yet published,not yet published,not yet published,not yet published,not yet published,not yet published,not yet published,not yet published,not yet published,not yet published,not yet published,not yet published,not yet published,not yet published,not yet published,not yet published,not yet published,not yet published,not yet published,not yet published,not yet published,not yet published,not yet published,not yet published,not yet published,not yet published,not yet published,not yet published,not yet published,not yet published,not yet published,not yet published,not yet published,not yet published,not yet published,not yet published,not yet published,not yet published,not yet published,not yet published,not yet published,not yet published,not yet published,not yet published,not yet published,not yet published,not yet published,not yet published,not yet published,not yet published,not yet published,not yet published,not yet published,not yet published,not yet published,not yet published,not yet published,not yet published,not yet published,not yet published,not yet published,not yet published,not yet published,not yet published,not yet published,not yet published,not yet published,not yet published,not yet published,not yet published,not yet published,not yet published,not yet published,not yet published,not yet published,not yet published,not yet published,not yet published,not yet published,not yet published,not yet published,not yet published,not yet published,not yet published,not yet published,not yet published,not yet published,not yet published,not yet published,not yet published,not yet published,not yet published,not yet published,not yet published,not yet published,current,current,current,current,current,current,current,current,current,current,current,current,current,current,current,current,current,current,current,current,current,current,current,current,current,current,current,current,current,current,current,current,current,current,current,current,current,current,current,current,current,current,current,current,current,current,current,current,current,current,current,current,current,current,current,current,current,current,current,current,current,current,current,current,current,current,current,current,current,current,current,current,current,current,current,current,current,current,current,current,current,current,current,current,current,current,current,current,current,current,current,current,current,current,current,current,current,current,current,current,current,current,current,current,current,current,current,current,current,current,current,current,current,current,current,current,current,current,current,current,current,current,current,current,current,current,current,current,current
Gross value added,"Gross value added, professional and business services, nominal",RTD.Q.S0.S.G_GVAD_SCADM_U.E,not yet published,not yet published,not yet published,not yet published,not yet published,not yet published,not yet published,not yet published,not yet published,not yet published,not yet published,not yet published,not yet published,not yet published,not yet published,not yet published,not yet published,not yet published,not yet published,not yet published,not yet published,not yet published,not yet published,not yet published,not yet published,not yet published,not yet published,not yet published,not yet published,not yet published,not yet published,not yet published,not yet published,not yet published,not yet published,not yet published,not yet published,not yet published,not yet published,not yet published,not yet published,not yet published,not yet published,not yet published,not yet published,not yet published,not yet published,not yet published,not yet published,not yet published,not yet published,not yet published,not yet published,not yet published,not yet published,not yet published,not yet published,not yet published,not yet published,not yet published,not yet published,not yet published,not yet published,not yet published,not yet published,not yet published,not yet published,not yet published,not yet published,not yet published,not yet published,not yet published,not yet published,not yet published,not yet published,not yet published,not yet published,not yet published,not yet published,not yet published,not yet published,not yet published,not yet published,not yet published,not yet published,not yet published,not yet published,not yet published,not yet published,not yet published,not yet published,not yet published,not yet published,not yet published,not yet published,not yet published,not yet published,not yet published,not yet published,not yet published,not yet published,not yet published,not yet published,not yet published,not yet published,not yet published,not yet published,not yet published,not yet published,not yet published,not yet published,not yet published,not yet published,not yet published,not yet published,not yet published,not yet published,not yet published,not yet published,not yet published,not yet published,not yet published,not yet published,not yet published,not yet published,not yet published,not yet published,not yet published,not yet published,not yet published,not yet published,not yet published,current,current,current,current,current,current,current,current,current,current,current,current,current,current,current,current,current,current,current,current,current,current,current,current,current,current,current,current,current,current,current,current,current,current,current,current,current,current,current,current,current,current,current,current,current,current,current,current,current,current,current,current,current,current,current,current,current,current,current,current,current,current,current,current,current,current,current,current,current,current,current,current,current,current,current,current,current,current,current,current,current,current,current,current,current,current,current,current,current,current,current,current,current,current,current,current,current,current,current,current,current,current,current,current,current,current,current,current,current,current,current,current,current,current,current,current,current,current,current,current,current,current,current,current,current,current,current,current,current
Gross value added,"Gross value added, professional and business services, real",RTD.Q.S0.S.G_GVAD_SCADM_O.E,not yet published,not yet published,not yet published,not yet published,not yet published,not yet published,not yet published,not yet published,not yet published,not yet published,not yet published,not yet published,not yet published,not yet published,not yet published,not yet published,not yet published,not yet published,not yet published,not yet published,not yet published,not yet published,not yet published,not yet published,not yet published,not yet published,not yet published,not yet published,not yet published,not yet published,not yet published,not yet published,not yet published,not yet published,not yet published,not yet published,not yet published,not yet published,not yet published,not yet published,not yet published,not yet published,not yet published,not yet published,not yet published,not yet published,not yet published,not yet published,not yet published,not yet published,not yet published,not yet published,not yet published,not yet published,not yet published,not yet published,not yet published,not yet published,not yet published,not yet published,not yet published,not yet published,not yet published,not yet published,not yet published,not yet published,not yet published,not yet published,not yet published,not yet published,not yet published,not yet published,not yet published,not yet published,not yet published,not yet published,not yet published,not yet published,not yet published,not yet published,not yet published,not yet published,not yet published,not yet published,not yet published,not yet published,not yet published,not yet published,not yet published,not yet published,not yet published,not yet published,not yet published,not yet published,not yet published,not yet published,not yet published,not yet published,not yet published,not yet published,not yet published,not yet published,not yet published,not yet published,not yet published,not yet published,not yet published,not yet published,not yet published,not yet published,not yet published,not yet published,not yet published,not yet published,not yet published,not yet published,not yet published,not yet published,not yet published,not yet published,not yet published,not yet published,not yet published,not yet published,not yet published,not yet published,not yet published,not yet published,not yet published,not yet published,not yet published,not yet published,current,current,current,current,current,current,current,current,current,current,current,current,current,current,current,current,current,current,current,current,current,current,current,current,current,current,current,current,current,current,current,current,current,current,current,current,current,current,current,current,current,current,current,current,current,current,current,current,current,current,current,current,current,current,current,current,current,current,current,current,current,current,current,current,current,current,current,current,current,current,current,current,current,current,current,current,current,current,current,current,current,current,current,current,current,current,current,current,current,current,current,current,current,current,current,current,current,current,current,current,current,current,current,current,current,current,current,current,current,current,current,current,current,current,current,current,current,current,current,current,current,current,current,current,current,current,current,current,current
Gross value added,"Gross value added, public admin, education and health, nominal",RTD.Q.S0.S.G_GVAD_DEFEDU_U.E,not yet published,not yet published,not yet published,not yet published,not yet published,not yet published,not yet published,not yet published,not yet published,not yet published,not yet published,not yet published,not yet published,not yet published,not yet published,not yet published,not yet published,not yet published,not yet published,not yet published,not yet published,not yet published,not yet published,not yet published,not yet published,not yet published,not yet published,not yet published,not yet published,not yet published,not yet published,not yet published,not yet published,not yet published,not yet published,not yet published,not yet published,not yet published,not yet published,not yet published,not yet published,not yet published,not yet published,not yet published,not yet published,not yet published,not yet published,not yet published,not yet published,not yet published,not yet published,not yet published,not yet published,not yet published,not yet published,not yet published,not yet published,not yet published,not yet published,not yet published,not yet published,not yet published,not yet published,not yet published,not yet published,not yet published,not yet published,not yet published,not yet published,not yet published,not yet published,not yet published,not yet published,not yet published,not yet published,not yet published,not yet published,not yet published,not yet published,not yet published,not yet published,not yet published,not yet published,not yet published,not yet published,not yet published,not yet published,not yet published,not yet published,not yet published,not yet published,not yet published,not yet published,not yet published,not yet published,not yet published,not yet published,not yet published,not yet published,not yet published,not yet published,not yet published,not yet published,not yet published,not yet published,not yet published,not yet published,not yet published,not yet published,not yet published,not yet published,not yet published,not yet published,not yet published,not yet published,not yet published,not yet published,not yet published,not yet published,not yet published,not yet published,not yet published,not yet published,not yet published,not yet published,not yet published,not yet published,not yet published,not yet published,not yet published,not yet published,not yet published,current,current,current,current,current,current,current,current,current,current,current,current,current,current,current,current,current,current,current,current,current,current,current,current,current,current,current,current,current,current,current,current,current,current,current,current,current,current,current,current,current,current,current,current,current,current,current,current,current,current,current,current,current,current,current,current,current,current,current,current,current,current,current,current,current,current,current,current,current,current,current,current,current,current,current,current,current,current,current,current,current,current,current,current,current,current,current,current,current,current,current,current,current,current,current,current,current,current,current,current,current,current,current,current,current,current,current,current,current,current,current,current,current,current,current,current,current,current,current,current,current,current,current,current,current,current,current,current,current
Gross value added,"Gross value added, public admin, education and health, real",RTD.Q.S0.S.G_GVAD_DEFEDU_O.E,not yet published,not yet published,not yet published,not yet published,not yet published,not yet published,not yet published,not yet published,not yet published,not yet published,not yet published,not yet published,not yet published,not yet published,not yet published,not yet published,not yet published,not yet published,not yet published,not yet published,not yet published,not yet published,not yet published,not yet published,not yet published,not yet published,not yet published,not yet published,not yet published,not yet published,not yet published,not yet published,not yet published,not yet published,not yet published,not yet published,not yet published,not yet published,not yet published,not yet published,not yet published,not yet published,not yet published,not yet published,not yet published,not yet published,not yet published,not yet published,not yet published,not yet published,not yet published,not yet published,not yet published,not yet published,not yet published,not yet published,not yet published,not yet published,not yet published,not yet published,not yet published,not yet published,not yet published,not yet published,not yet published,not yet published,not yet published,not yet published,not yet published,not yet published,not yet published,not yet published,not yet published,not yet published,not yet published,not yet published,not yet published,not yet published,not yet published,not yet published,not yet published,not yet published,not yet published,not yet published,not yet published,not yet published,not yet published,not yet published,not yet published,not yet published,not yet published,not yet published,not yet published,not yet published,not yet published,not yet published,not yet published,not yet published,not yet published,not yet published,not yet published,not yet published,not yet published,not yet published,not yet published,not yet published,not yet published,not yet published,not yet published,not yet published,not yet published,not yet published,not yet published,not yet published,not yet published,not yet published,not yet published,not yet published,not yet published,not yet published,not yet published,not yet published,not yet published,not yet published,not yet published,not yet published,not yet published,not yet published,not yet published,not yet published,not yet published,not yet published,current,current,current,current,current,current,current,current,current,current,current,current,current,current,current,current,current,current,current,current,current,current,current,current,current,current,current,current,current,current,current,current,current,current,current,current,current,current,current,current,current,current,current,current,current,current,current,current,current,current,current,current,current,current,current,current,current,current,current,current,current,current,current,current,current,current,current,current,current,current,current,current,current,current,current,current,current,current,current,current,current,current,current,current,current,current,current,current,current,current,current,current,current,current,current,current,current,current,current,current,current,current,current,current,current,current,current,current,current,current,current,current,current,current,current,current,current,current,current,current,current,current,current,current,current,current,current,current,current
Gross value added,"Gross value added, real estate, nominal",RTD.Q.S0.S.G_GVAD_REST_U.E,not yet published,not yet published,not yet published,not yet published,not yet published,not yet published,not yet published,not yet published,not yet published,not yet published,not yet published,not yet published,not yet published,not yet published,not yet published,not yet published,not yet published,not yet published,not yet published,not yet published,not yet published,not yet published,not yet published,not yet published,not yet published,not yet published,not yet published,not yet published,not yet published,not yet published,not yet published,not yet published,not yet published,not yet published,not yet published,not yet published,not yet published,not yet published,not yet published,not yet published,not yet published,not yet published,not yet published,not yet published,not yet published,not yet published,not yet published,not yet published,not yet published,not yet published,not yet published,not yet published,not yet published,not yet published,not yet published,not yet published,not yet published,not yet published,not yet published,not yet published,not yet published,not yet published,not yet published,not yet published,not yet published,not yet published,not yet published,not yet published,not yet published,not yet published,not yet published,not yet published,not yet published,not yet published,not yet published,not yet published,not yet published,not yet published,not yet published,not yet published,not yet published,not yet published,not yet published,not yet published,not yet published,not yet published,not yet published,not yet published,not yet published,not yet published,not yet published,not yet published,not yet published,not yet published,not yet published,not yet published,not yet published,not yet published,not yet published,not yet published,not yet published,not yet published,not yet published,not yet published,not yet published,not yet published,not yet published,not yet published,not yet published,not yet published,not yet published,not yet published,not yet published,not yet published,not yet published,not yet published,not yet published,not yet published,not yet published,not yet published,not yet published,not yet published,not yet published,not yet published,not yet published,not yet published,not yet published,not yet published,not yet published,not yet published,not yet published,not yet published,current,current,current,current,current,current,current,current,current,current,current,current,current,current,current,current,current,current,current,current,current,current,current,current,current,current,current,current,current,current,current,current,current,current,current,current,current,current,current,current,current,current,current,current,current,current,current,current,current,current,current,current,current,current,current,current,current,current,current,current,current,current,current,current,current,current,current,current,current,current,current,current,current,current,current,current,current,current,current,current,current,current,current,current,current,current,current,current,current,current,current,current,current,current,current,current,current,current,current,current,current,current,current,current,current,current,current,current,current,current,current,current,current,current,current,current,current,current,current,current,current,current,current,current,current,current,current,current,current
Gross value added,"Gross value added, real estate, real",RTD.Q.S0.S.G_GVAD_REST_O.E,not yet published,not yet published,not yet published,not yet published,not yet published,not yet published,not yet published,not yet published,not yet published,not yet published,not yet published,not yet published,not yet published,not yet published,not yet published,not yet published,not yet published,not yet published,not yet published,not yet published,not yet published,not yet published,not yet published,not yet published,not yet published,not yet published,not yet published,not yet published,not yet published,not yet published,not yet published,not yet published,not yet published,not yet published,not yet published,not yet published,not yet published,not yet published,not yet published,not yet published,not yet published,not yet published,not yet published,not yet published,not yet published,not yet published,not yet published,not yet published,not yet published,not yet published,not yet published,not yet published,not yet published,not yet published,not yet published,not yet published,not yet published,not yet published,not yet published,not yet published,not yet published,not yet published,not yet published,not yet published,not yet published,not yet published,not yet published,not yet published,not yet published,not yet published,not yet published,not yet published,not yet published,not yet published,not yet published,not yet published,not yet published,not yet published,not yet published,not yet published,not yet published,not yet published,not yet published,not yet published,not yet published,not yet published,not yet published,not yet published,not yet published,not yet published,not yet published,not yet published,not yet published,not yet published,not yet published,not yet published,not yet published,not yet published,not yet published,not yet published,not yet published,not yet published,not yet published,not yet published,not yet published,not yet published,not yet published,not yet published,not yet published,not yet published,not yet published,not yet published,not yet published,not yet published,not yet published,not yet published,not yet published,not yet published,not yet published,not yet published,not yet published,not yet published,not yet published,not yet published,not yet published,not yet published,not yet published,not yet published,not yet published,not yet published,not yet published,not yet published,current,current,current,current,current,current,current,current,current,current,current,current,current,current,current,current,current,current,current,current,current,current,current,current,current,current,current,current,current,current,current,current,current,current,current,current,current,current,current,current,current,current,current,current,current,current,current,current,current,current,current,current,current,current,current,current,current,current,current,current,current,current,current,current,current,current,current,current,current,current,current,current,current,current,current,current,current,current,current,current,current,current,current,current,current,current,current,current,current,current,current,current,current,current,current,current,current,current,current,current,current,current,current,current,current,current,current,current,current,current,current,current,current,current,current,current,current,current,current,current,current,current,current,current,current,current,current,current,current
Gross value added,"Gross value added, total, nominal",RTD.Q.S0.S.G_GVAD_TO_U.E,current,current,current,current,current,current,current,current,current,current,current,current,current,current,current,current,current,current,current,current,current,current,current,current,current,current,current,current,current,current,current,current,current,current,current,current,current,current,current,current,current,current,current,current,current,current,current,current,current,current,current,current,current,current,current,current,current,current,current,current,current,current,current,current,current,current,current,current,current,current,current,current,current,current,current,current,current,current,current,current,current,current,current,current,current,current,current,current,current,current,current,current,current,current,current,current,current,current,current,current,current,current,current,current,current,current,current,current,current,current,current,current,current,current,current,current,current,current,current,current,current,current,current,current,current,current,current,current,current,current,current,current,current,current,current,current,current,current,current,current,current,current,current,current,current,current,current,current,current,current,current,current,current,current,current,current,current,current,current,current,current,current,current,current,current,current,current,current,current,current,current,current,current,current,current,current,current,current,current,current,current,current,current,current,current,current,current,current,current,current,current,current,current,current,current,current,current,current,current,current,current,current,current,current,current,current,current,current,current,current,current,current,current,current,current,current,current,current,current,current,current,current,current,current,current,current,current,current,current,current,current,current,current,current,current,current,current,current,current,current,current,current,current,current,current,current,current,current,current,current,current,current,current,current,current,current,current,current,current,current,current
Gross value added,"Gross value added, total, real",RTD.Q.S0.S.G_GVAD_TO_O.E,current,current,current,current,current,current,current,current,current,current,current,current,current,current,current,current,current,current,current,current,current,current,current,current,current,current,current,current,current,current,current,current,current,current,current,current,current,current,current,current,current,current,current,current,current,current,current,current,current,current,current,current,current,current,current,current,current,current,current,current,current,current,current,current,current,current,current,current,current,current,current,current,current,current,current,current,current,current,current,current,current,current,current,current,current,current,current,current,current,current,current,current,current,current,current,current,current,current,current,current,current,current,current,current,current,current,current,current,current,current,current,current,current,current,current,current,current,current,current,current,current,current,current,current,current,current,current,current,current,current,current,current,current,current,current,current,current,current,current,current,current,current,current,current,current,current,current,current,current,current,current,current,current,current,current,current,current,current,current,current,current,current,current,current,current,current,current,current,current,current,current,current,current,current,current,current,current,current,current,current,current,current,current,current,current,current,current,current,current,current,current,current,current,current,current,current,current,current,current,current,current,current,current,current,current,current,current,current,current,current,current,current,current,current,current,current,current,current,current,current,current,current,current,current,current,current,current,current,current,current,current,current,current,current,current,current,current,current,current,current,current,current,current,current,current,current,current,current,current,current,current,current,current,current,current,current,current,current,current,current,current
Gross value added,"Gross value added, trade, transport and hospitality, nominal",RTD.Q.S0.S.G_GVAD_WSHRTC_U.E,not yet published,not yet published,not yet published,current,current,current,current,current,current,current,current,current,current,current,current,current,current,current,current,current,current,current,current,current,current,current,current,current,current,current,current,current,current,current,current,current,current,current,current,current,current,current,current,current,current,current,current,current,current,current,current,current,current,current,current,current,current,current,current,current,current,current,current,current,current,current,current,current,current,current,current,current,current,current,current,current,current,current,current,current,current,current,current,current,current,current,current,current,current,current,current,current,current,current,current,current,current,current,current,current,current,current,current,current,current,current,current,current,current,current,current,current,current,current,current,current,current,current,current,current,current,current,current,current,current,current,current,current,current,current,current,current,current,current,current,current,current,current,current,current,current,current,current,current,current,current,current,current,current,current,current,current,current,current,current,current,current,current,current,current,current,current,current,current,current,current,current,current,current,current,current,current,current,current,current,current,current,current,current,current,current,current,current,current,current,current,current,current,current,current,current,current,current,current,current,current,current,current,current,current,current,current,current,current,current,current,current,current,current,current,current,current,current,current,current,current,current,current,current,current,current,current,current,current,current,current,current,current,current,current,current,current,current,current,current,current,current,current,current,current,current,current,current,current,current,current,current,current,current,current,current,current,current,current,current,current,current,current,current,current,current
Gross value added,"Gross value added, trade, transport and hospitality, real",RTD.Q.S0.S.G_GVAD_WSHRTC_O.E,current,current,current,current,current,current,current,current,current,current,current,current,current,current,current,current,current,current,current,current,current,current,current,current,current,current,current,current,current,current,current,current,current,current,current,current,current,current,current,current,current,current,current,current,current,current,current,current,current,current,current,current,current,current,current,current,current,current,current,current,current,current,current,current,current,current,current,current,current,current,current,current,current,current,current,current,current,current,current,current,current,current,current,current,current,current,current,current,current,current,current,current,current,current,current,current,current,current,current,current,current,current,current,current,current,current,current,current,current,current,current,current,current,current,current,current,current,current,current,current,current,current,current,current,current,current,current,current,current,current,current,current,current,current,current,current,current,current,current,current,current,current,current,current,current,current,current,current,current,current,current,current,current,current,current,current,current,current,current,current,current,current,current,current,current,current,current,current,current,current,current,current,current,current,current,current,current,current,current,current,current,current,current,current,current,current,current,current,current,current,current,current,current,current,current,current,current,current,current,current,current,current,current,current,current,current,current,current,current,current,current,current,current,current,current,current,current,current,current,current,current,current,current,current,current,current,current,current,current,current,current,current,current,current,current,current,current,current,current,current,current,current,current,current,current,current,current,current,current,current,current,current,current,current,current,current,current,current,current,current,current
Gross value added,"Taxes less subsidies on products, nominal",RTD.Q.S0.S.G_TLSP_TO_U.E,not yet published,not yet published,not yet published,current,current,current,current,current,current,current,current,current,current,current,current,current,current,current,current,current,current,current,current,current,current,current,current,current,current,current,current,current,current,current,current,current,current,current,current,current,current,current,current,current,current,current,current,current,current,current,current,current,current,current,current,current,current,current,current,current,current,current,current,current,current,current,current,current,current,current,current,current,current,current,current,current,current,current,current,current,current,current,current,current,current,current,current,current,current,current,current,current,current,current,current,current,current,current,current,current,current,current,current,current,current,current,current,current,current,current,current,current,current,current,current,current,current,current,current,current,current,current,current,current,current,current,current,current,current,current,current,current,current,current,current,current,current,current,current,current,current,current,current,current,current,current,current,current,current,current,current,current,current,current,current,current,current,current,current,current,current,current,current,current,current,current,current,current,current,current,current,current,current,current,current,current,current,current,current,current,current,current,current,current,current,current,current,current,current,current,current,current,current,current,current,current,current,current,current,current,current,current,current,current,current,current,current,current,current,current,current,current,current,current,current,current,current,current,current,current,current,current,current,current,current,current,current,current,current,current,current,current,current,current,current,current,current,current,current,current,current,current,current,current,current,current,current,current,current,current,current,current,current,behind,behind,behind,behind,behind,behind,behind,behind
Gross value added,"Taxes less subsidies on products, real",RTD.Q.S0.S.G_TLSP_TO_O.E,current,current,current,current,current,current,current,current,current,current,current,current,current,current,current,current,current,current,current,current,current,current,current,current,current,current,current,current,current,current,current,current,current,current,current,current,current,current,current,current,current,current,current,current,current,current,current,current,current,current,current,current,current,current,current,current,current,current,current,current,current,current,current,current,current,current,current,current,current,current,current,current,current,current,current,current,current,current,current,current,current,current,current,current,current,current,current,current,current,current,current,current,current,current,current,current,current,current,current,current,current,current,current,current,current,current,current,current,current,current,current,current,current,current,current,current,current,current,current,current,current,current,current,current,current,current,current,current,current,current,current,current,current,current,current,current,current,current,current,current,current,current,current,current,current,current,current,current,current,current,current,current,current,current,current,current,current,current,current,current,current,current,current,current,current,current,current,current,current,current,current,current,current,current,current,current,current,current,current,current,current,current,current,current,current,current,current,current,current,current,current,current,current,current,current,current,current,current,current,current,current,current,current,current,current,current,current,current,current,current,current,current,current,current,current,current,current,current,current,current,current,current,current,current,current,current,current,current,current,current,current,current,current,current,current,current,current,current,current,current,current,current,current,current,current,current,current,current,current,current,current,current,current,current,current,current,current,current,current,current,current
Industrial production,"Industrial production, capital goods",RTD.M.S0.W.I_CAPGO.X,current,current,current,current,behind,current,current,current,current,current,current,current,current,current,current,current,current,current,current,current,current,current,current,current,current,current,current,current,current,current,current,current,current,current,current,current,current,current,current,current,current,current,current,current,current,current,current,current,current,current,current,current,current,current,current,current,current,current,current,current,current,current,current,current,current,current,current,current,current,current,current,current,current,current,current,current,current,current,current,current,current,current,current,current,current,current,current,current,current,current,current,current,current,current,current,current,current,current,current,current,current,current,current,current,current,current,current,current,current,current,current,current,current,current,current,current,current,current,current,current,current,current,current,current,current,current,current,current,current,current,current,current,current,current,current,current,current,current,current,current,current,current,current,current,current,current,current,current,current,current,current,current,current,current,current,current,current,current,current,current,current,current,current,current,current,current,current,current,current,current,current,current,current,current,current,current,current,current,current,current,current,current,current,current,current,current,current,current,current,current,current,current,current,current,current,current,current,current,current,current,current,current,current,current,current,current,current,current,current,current,current,current,current,current,current,current,current,current,current,current,current,current,current,current,current,current,current,current,current,current,current,current,current,current,current,current,current,current,current,current,current,current,current,current,current,current,current,current,current,current,current,current,current,current,current,current,behind,behind,behind,behind,behind
Industrial production,"Industrial production, construction",RTD.M.S0.W.I_CONST.X,current,current,current,current,current,current,current,current,current,current,current,current,current,current,current,current,current,current,current,current,current,current,current,current,current,current,current,current,current,current,current,current,current,current,current,current,current,current,current,current,current,current,current,current,current,current,current,behind,current,current,behind,current,current,behind,current,current,current,current,current,current,current,current,behind,current,current,behind,current,current,current,current,current,behind,current,current,current,current,current,current,current,current,current,current,current,current,current,current,current,current,current,current,current,current,current,current,current,current,current,current,current,current,current,current,current,current,current,current,current,current,current,current,current,current,current,current,current,current,current,current,current,current,current,current,current,current,current,current,current,current,current,current,current,current,current,current,current,current,current,current,current,current,current,current,current,current,current,current,current,current,current,current,current,current,current,current,current,current,current,current,current,current,current,current,current,current,current,current,current,current,current,current,current,current,current,current,current,current,current,current,current,current,current,current,current,current,current,current,current,current,current,current,current,current,current,current,current,current,current,current,current,current,current,current,current,current,current,current,current,current,current,current,current,current,current,current,current,current,current,current,current,current,current,current,current,current,current,current,current,current,current,current,current,current,current,current,current,current,current,current,current,current,current,current,current,current,current,current,current,current,current,current,current,current,current,current,current,current,behind,behind,behind,behind,behind
Industrial production,"Industrial production, consumer goods",RTD.M.S0.W.I_CONGO.X,not yet published,not yet published,current,current,behind,current,current,current,current,current,current,current,current,current,current,current,current,current,current,current,current,current,current,current,current,current,current,current,current,current,current,current,current,current,current,current,current,current,current,current,current,current,current,current,current,current,current,current,current,current,current,current,current,current,current,current,current,current,current,current,current,current,current,current,current,current,current,current,current,current,current,current,current,current,current,current,current,current,current,current,current,current,current,current,current,current,current,current,current,current,current,current,current,current,current,current,current,current,current,current,current,current,current,current,current,current,current,current,current,current,current,current,current,current,current,current,current,current,current,current,current,current,current,current,current,current,current,current,current,current,current,current,current,current,current,current,current,current,current,current,current,current,current,current,current,current,current,current,current,current,current,current,current,current,current,current,current,current,current,current,current,current,current,current,current,current,current,current,current,current,current,current,current,current,current,current,current,current,current,current,current,current,current,current,current,current,current,current,current,current,current,current,current,current,current,current,current,current,current,current,current,current,current,current,current,current,current,current,current,current,current,current,current,current,current,current,current,current,current,current,current,current,current,current,current,current,current,current,current,current,current,current,current,current,current,current,current,current,current,current,current,current,current,current,current,current,current,current,current,current,current,current,current,current,current,current,behind,behind,behind,behind,behind
Industrial production,"Industrial production, durable consumer goods",RTD.M.S0.W.I_DCOGO.X,current,current,current,current,behind,current,current,current,current,current,current,current,current,current,current,current,current,current,current,current,current,current,current,current,current,current,current,current,current,current,current,current,current,current,current,current,current,current,current,current,current,current,current,current,current,current,current,current,current,current,current,current,current,current,current,current,current,current,current,current,current,current,current,current,current,current,current,current,current,current,current,current,current,current,current,current,current,current,current,current,current,current,current,current,current,current,current,current,current,current,current,current,current,current,current,current,current,current,current,current,current,current,current,current,current,current,current,current,current,current,current,current,current,current,current,current,current,current,current,current,current,current,current,current,current,current,current,current,current,current,current,current,current,current,current,current,current,current,current,current,current,current,current,current,current,current,current,current,current,current,current,current,current,current,current,current,current,current,current,current,current,current,current,current,current,current,current,current,current,current,current,current,current,current,current,current,current,current,current,current,current,current,current,current,current,current,current,current,current,current,current,current,current,current,current,current,current,current,current,current,current,current,current,current,current,current,current,current,current,current,current,current,current,current,current,current,current,current,current,current,current,current,current,current,current,current,current,current,current,current,current,current,current,current,current,current,current,current,current,current,current,current,current,current,current,current,current,current,current,current,current,current,current,behind,behind,behind,behind,behind,behind,behind,behind
Industrial production,"Industrial production, energy",RTD.M.S0.W.I_ENERG.X,not yet published,not yet published,not yet published,not yet published,not yet published,not yet published,not yet published,current,current,current,current,current,current,current,current,current,current,current,current,current,current,current,current,current,current,current,current,current,current,current,current,current,current,current,current,current,current,current,current,current,current,current,current,current,current,current,current,current,current,current,current,current,current,current,current,current,current,current,current,current,current,current,current,current,current,current,current,current,current,current,current,current,current,current,current,current,current,current,current,current,current,current,current,current,current,current,current,current,current,current,current,current,current,current,current,current,current,current,current,current,current,current,current,current,current,current,current,current,current,current,current,current,current,current,current,current,current,current,current,current,current,current,current,current,current,current,current,current,current,current,current,current,current,current,current,current,current,current,current,current,current,current,current,current,current,current,current,current,current,current,current,current,current,current,current,current,current,current,current,current,current,current,current,current,current,current,current,current,current,current,current,current,current,current,current,current,current,current,current,current,current,current,current,current,current,current,current,current,current,current,current,current,current,current,current,current,current,current,current,current,current,current,current,current,current,current,current,current,current,current,current,current,current,current,current,current,current,current,current,current,current,current,current,current,current,current,current,current,current,current,current,current,current,current,current,current,current,current,current,current,current,current,current,current,current,current,current,current,current,current,current,current,current,current,current,current,behind,behind,behind,behind,behind
Industrial production,"Industrial production, excl. construction (seasonally adjusted)",RTD.M.S0.Y.I_XCONS.X,current,current,current,current,behind,current,current,current,current,current,current,current,current,current,current,current,current,current,current,current,current,current,current,current,current,current,current,current,current,current,current,current,current,current,current,current,current,current,current,current,current,current,current,current,current,current,current,current,current,current,current,current,current,current,current,current,current,current,current,current,current,current,current,current,current,current,current,current,current,current,current,current,current,current,current,current,current,current,current,current,current,current,current,current,current,current,current,current,current,current,current,current,current,current,current,current,current,current,current,current,current,current,current,current,current,current,current,current,current,current,current,current,current,current,current,current,current,current,current,current,current,current,current,current,current,current,current,current,current,current,current,current,current,current,current,current,current,current,current,current,current,current,current,current,current,current,current,current,current,current,current,current,current,current,current,current,current,current,current,current,current,current,current,current,current,current,current,current,current,current,current,current,current,current,current,current,current,current,current,current,current,current,current,current,current,current,current,current,current,current,current,current,current,current,current,current,current,current,current,current,current,current,current,current,current,current,current,current,current,current,current,current,current,current,current,current,current,current,current,current,current,current,current,current,current,current,current,current,current,current,current,current,current,current,current,current,current,current,current,current,current,current,current,current,current,current,current,current,current,current,current,current,current,current,current,current,behind,behind,behind,behind,behind
Industrial production,"Industrial production, excl. construction (working day adjusted)",RTD.M.S0.W.I_XCONS.X,current,current,current,current,behind,current,current,current,current,current,current,current,current,current,current,current,current,current,current,current,current,current,current,current,current,current,current,current,current,current,current,current,current,current,current,current,current,current,current,current,current,current,current,current,current,current,current,current,current,current,current,current,current,current,current,current,current,current,current,current,current,current,current,current,current,current,current,current,current,current,current,current,current,current,current,current,current,current,current,current,current,current,current,current,current,current,current,current,current,current,current,current,current,current,current,current,current,current,current,current,current,current,current,current,current,current,current,current,current,current,current,current,current,current,current,current,current,current,current,current,current,current,current,current,current,current,current,current,current,current,current,current,current,current,current,current,current,current,current,current,current,current,current,current,current,current,current,current,current,current,current,current,current,current,current,current,current,current,current,current,current,current,current,current,current,current,current,current,current,current,current,current,current,current,current,current,current,current,current,current,current,current,current,current,current,current,current,current,current,current,current,current,current,current,current,current,current,current,current,current,current,current,current,current,current,current,current,current,current,current,current,current,current,current,current,current,current,current,current,current,current,current,current,current,current,current,current,current,current,current,current,current,current,current,current,current,current,current,current,current,current,current,current,current,current,current,current,current,current,current,current,current,current,current,current,current,behind,behind,behind,behind,behind
Industrial production,"Industrial production, excl. construction and energy",RTD.M.S0.W.I_XCOEN.X,not yet published,not yet published,not yet published,not yet published,not yet published,not yet published,not yet published,current,current,current,current,current,current,current,current,current,current,current,current,current,current,current,current,current,current,current,current,current,current,current,current,current,current,current,current,current,current,current,current,current,current,current,current,current,current,current,current,current,current,current,current,current,current,current,current,current,current,current,current,current,current,current,current,current,current,current,current,current,current,current,current,current,current,current,current,current,current,current,current,current,current,current,current,current,current,current,current,current,current,current,current,current,current,current,current,current,current,current,current,current,current,current,current,current,current,current,current,current,current,current,current,current,current,current,current,current,current,current,current,current,current,current,current,current,current,current,current,current,current,current,current,current,current,current,current,current,current,current,current,current,current,current,current,current,current,current,current,current,current,current,current,current,current,current,current,current,current,current,current,current,current,current,current,current,current,current,current,current,current,current,current,current,current,current,current,current,current,current,current,current,current,current,current,current,current,current,current,current,current,current,current,current,current,current,current,current,current,current,current,current,current,current,current,current,current,current,current,current,current,current,current,current,current,current,current,current,current,current,current,current,current,current,current,current,current,current,current,current,current,current,current,current,current,current,current,current,current,current,current,current,current,current,current,current,current,current,current,current,current,current,current,current,current,behind,behind,behind,behind,behind,behind,behind,behind
Industrial production,"Industrial production, incl. construction",RTD.M.S0.W.I_INDTO.X,behind,current,current,current,current,current,current,current,current,current,current,current,current,current,current,current,current,current,current,current,current,current,current,current,current,current,current,current,current,current,current,current,current,current,current,current,current,current,current,current,current,current,current,current,current,current,current,behind,current,current,behind,current,current,behind,current,current,current,current,current,current,current,current,behind,current,current,behind,current,current,current,current,current,behind,current,current,current,current,current,current,current,current,current,current,current,current,current,current,current,current,current,current,current,current,current,current,current,current,current,current,current,current,current,current,current,current,current,current,current,current,current,current,current,current,current,current,current,current,current,current,current,current,current,current,current,current,current,current,current,current,current,current,current,current,current,current,current,current,current,current,current,current,current,current,current,current,current,current,current,current,current,current,current,current,current,current,current,current,current,current,current,current,current,current,current,current,current,current,current,current,current,current,current,current,current,current,current,current,current,current,current,current,current,current,current,current,current,current,current,current,current,current,current,current,current,current,current,current,current,current,current,current,current,current,current,current,current,current,current,current,current,current,current,current,current,current,current,current,current,current,current,current,current,current,current,current,current,current,current,current,current,current,current,current,current,current,current,current,current,current,current,current,current,current,current,current,current,current,current,current,current,current,current,current,current,behind,behind,behind,behind,behind,behind,behind,behind
Industrial production,"Industrial production, intermediate goods",RTD.M.S0.W.I_INTGO.X,current,current,current,current,behind,current,current,current,current,current,current,current,current,current,current,current,current,current,current,current,current,current,current,current,current,current,current,current,current,current,current,current,current,current,current,current,current,current,current,current,current,current,current,current,current,current,current,current,current,current,current,current,current,current,current,current,current,current,current,current,current,current,current,current,current,current,current,current,current,current,current,current,current,current,current,current,current,current,current,current,current,current,current,current,current,current,current,current,current,current,current,current,current,current,current,current,current,current,current,current,current,current,current,current,current,current,current,current,current,current,current,current,current,current,current,current,current,current,current,current,current,current,current,current,current,current,current,current,current,current,current,current,current,current,current,current,current,current,current,current,current,current,current,current,current,current,current,current,current,current,current,current,current,current,current,current,current,current,current,current,current,current,current,current,current,current,current,current,current,current,current,current,current,current,current,current,current,current,current,current,current,current,current,current,current,current,current,current,current,current,current,current,current,current,current,current,current,current,current,current,current,current,current,current,current,current,current,current,current,current,current,current,current,current,current,current,current,current,current,current,current,current,current,current,current,current,current,current,current,current,current,current,current,current,current,current,current,current,current,current,current,current,current,current,current,current,current,current,current,current,current,current,current,current,current,current,behind,behind,behind,behind,behind
Industrial production,"Industrial production, manufacturing",RTD.M.S0.W.I_MANUF.X,current,current,current,current,behind,current,current,current,current,current,current,current,current,current,current,current,current,current,current,current,current,current,current,current,current,current,current,current,current,current,current,current,current,current,current,current,current,current,current,current,current,current,current,current,current,current,current,current,current,current,current,current,current,current,current,current,current,current,current,current,current,current,current,current,current,current,current,current,current,current,current,current,current,current,current,current,current,current,current,current,current,current,current,current,current,current,current,current,current,current,current,current,current,current,current,current,current,current,current,current,current,current,current,current,current,current,current,current,current,current,current,current,current,current,current,current,current,current,current,current,current,current,current,current,current,current,current,current,current,current,current,current,current,current,current,current,current,current,current,current,current,current,current,current,current,current,current,current,current,current,current,current,current,current,current,current,current,current,current,current,current,current,current,current,current,current,current,current,current,current,current,current,current,current,current,current,current,current,current,current,current,current,current,current,current,current,current,current,current,current,current,current,current,current,current,current,current,current,current,current,current,current,current,current,current,current,current,current,current,current,current,current,current,current,current,current,current,current,current,current,current,current,current,current,current,current,current,current,current,current,current,current,current,current,current,current,current,current,current,current,current,current,current,current,current,current,current,current,current,current,current,current,current,current,current,current,behind,behind,behind,behind,behind
Industrial production,"Industrial production, manufacturing - Japan",RTD.M.JP.N.I_MANUF.X,current,current,current,current,current,current,current,current,current,current,current,current,current,current,current,current,current,current,current,current,current,current,current,current,current,current,current,current,current,current,current,current,current,current,current,current,current,current,current,current,current,current,current,current,current,current,current,current,current,current,current,current,current,current,current,current,current,current,current,current,current,current,current,current,current,current,current,current,current,current,current,current,current,current,current,current,current,current,current,current,current,current,current,current,current,current,current,current,current,current,current,current,current,current,current,current,current,current,current,current,current,current,current,current,current,current,current,current,current,current,current,current,current,current,current,current,current,current,current,current,current,current,current,current,current,current,current,current,current,current,current,current,current,current,current,current,current,current,current,current,current,current,current,current,current,current,current,current,current,current,current,current,current,current,current,current,current,current,current,current,current,current,current,current,current,current,current,current,current,current,current,current,current,current,current,current,current,current,current,current,current,current,current,current,current,current,current,current,current,current,current,current,current,current,current,current,current,current,current,current,current,current,current,current,current,current,current,current,current,current,current,current,current,current,current,current,current,current,current,current,current,current,current,current,current,current,current,current,current,current,current,current,current,current,current,current,current,current,current,current,current,current,current,current,current,current,current,current,current,current,current,current,current,behind,behind,behind,behind,behind,behind,behind,behind
Industrial production,"Industrial production, manufacturing - United States",RTD.M.US.Y.I_MANUF.X,current,current,current,current,current,current,current,current,current,current,current,current,current,current,current,current,current,current,current,current,current,current,current,current,current,current,current,current,current,current,behind,current,current,current,current,current,current,current,current,current,current,current,current,current,current,current,current,current,current,current,current,current,current,current,current,current,current,current,current,current,current,current,current,current,current,current,current,current,current,current,current,current,current,current,current,current,current,current,current,current,current,current,current,current,current,current,current,current,current,current,current,current,current,current,current,current,current,current,current,current,current,current,current,current,current,current,current,current,current,current,current,current,current,current,current,current,current,current,current,current,current,current,current,current,current,current,current,current,current,current,current,current,current,current,current,current,current,current,current,current,current,current,current,current,current,current,current,current,current,current,current,current,current,current,current,current,current,current,current,current,current,current,current,current,current,current,current,current,current,current,current,current,current,current,current,current,current,current,current,current,current,current,current,current,current,current,current,current,current,current,current,current,current,current,current,current,current,current,current,current,current,current,current,current,current,current,current,current,current,current,current,current,current,current,current,current,current,current,current,current,behind,behind,current,current,current,current,current,current,current,current,current,current,current,current,current,current,current,current,current,current,current,current,current,current,current,current,current,current,current,current,current,current,current,behind,behind,behind,behind,behind,behind,behind,behind
Industrial production,"Industrial production, non-durable consumer goods",RTD.M.S0.W.I_NCOGO.X,current,current,current,current,behind,current,current,current,current,current,current,current,current,current,current,current,current,current,current,current,current,current,current,current,current,current,current,current,current,current,current,current,current,current,current,current,current,current,current,current,current,current,current,current,current,current,current,current,current,current,current,current,current,current,current,current,current,current,current,current,current,current,current,current,current,current,current,current,current,current,current,current,current,current,current,current,current,current,current,current,current,current,current,current,current,current,current,current,current,current,current,current,current,current,current,current,current,current,current,current,current,current,current,current,current,current,current,current,current,current,current,current,current,current,current,current,current,current,current,current,current,current,current,current,current,current,current,current,current,current,current,current,current,current,current,current,current,current,current,current,current,current,current,current,current,current,current,current,current,current,current,current,current,current,current,current,current,current,current,current,current,current,current,current,current,current,current,current,current,current,current,current,current,current,current,current,current,current,current,current,current,current,current,current,current,current,current,current,current,current,current,current,current,current,current,current,current,current,current,current,current,current,current,current,current,current,current,current,current,current,current,current,current,current,current,current,current,current,current,current,current,current,current,current,current,current,current,current,current,current,current,current,current,current,current,current,current,current,current,current,current,current,current,current,current,current,current,current,current,current,current,current,current,behind,behind,behind,behind,behind,behind,behind,behind
Interest rates and bond yields,Eonia,RTD.M.S0.N.C_EONIA.E,current,current,current,current,current,current,current,current,current,behind,current,current,current,current,current,current,current,current,current,current,current,current,current,current,current,current,current,current,current,current,current,current,current,current,current,current,current,current,current,current,current,current,current,current,current,current,current,current,current,current,current,current,current,current,current,current,current,current,current,current,current,current,current,current,current,current,current,current,current,current,current,current,current,current,current,current,current,current,current,current,current,current,current,current,current,current,current,current,current,current,current,current,current,current,current,current,current,current,current,current,current,current,current,current,current,current,current,current,current,current,current,current,current,current,current,current,current,current,current,current,current,current,current,current,current,current,current,current,current,current,current,current,current,current,current,current,current,current,current,current,current,current,current,current,current,current,current,current,current,current,current,current,current,current,current,current,current,current,current,current,current,current,current,current,current,current,current,current,current,current,current,current,current,current,current,current,current,current,current,current,current,current,current,current,current,current,current,current,current,current,current,current,current,current,current,current,current,current,current,current,current,current,current,current,current,current,current,current,current,current,current,current,current,current,current,current,current,current,current,current,current,current,current,current,current,current,behind,behind,behind,behind,behind,behind,behind,behind,behind,behind,behind,behind,behind,behind,behind,behind,behind,behind,behind,behind,behind,behind,behind,behind,behind,behind,behind,behind,behind,behind,behind,behind,behind,behind,behind
Interest rates and bond yields,Euribor 1-month,RTD.M.S0.N.C_EUR1M.E,current,current,current,current,current,current,current,current,current,behind,current,current,current,current,current,current,current,current,current,current,current,current,current,current,current,current,current,current,current,current,current,current,current,current,current,current,current,current,current,current,current,current,current,current,current,current,current,current,current,current,current,current,current,current,current,current,current,current,current,current,current,current,current,current,current,current,current,current,current,current,current,current,current,current,current,current,current,current,current,current,current,current,current,current,current,current,current,current,current,current,current,current,current,current,current,current,current,current,current,current,current,current,current,current,current,current,current,current,current,current,current,current,current,current,current,current,current,current,current,current,current,current,current,current,current,current,current,current,current,current,current,current,current,current,current,current,current,current,current,current,current,current,current,current,current,current,current,current,current,current,current,current,current,current,current,current,current,current,current,current,current,current,current,current,current,current,current,current,current,current,current,current,current,current,current,current,current,current,current,current,current,current,current,current,current,current,current,current,current,current,current,current,current,current,current,current,current,current,current,current,current,current,current,current,current,current,current,current,current,current,current,current,current,current,current,current,current,current,current,current,current,current,current,current,current,current,current,current,current,current,current,current,current,current,current,current,current,current,current,current,current,current,current,current,current,current,current,current,current,current,current,current,current,current,current,current,current,current,current,current,current
Interest rates and bond yields,Euribor 1-year,RTD.M.S0.N.C_EUR1Y.E,current,current,current,current,current,current,current,current,current,behind,current,current,current,current,current,current,current,current,current,current,current,current,current,current,current,current,current,current,current,current,current,current,current,current,current,current,current,current,current,current,current,current,current,current,current,current,current,current,current,current,current,current,current,current,current,current,current,current,current,current,current,current,current,current,current,current,current,current,current,current,current,current,current,current,current,current,current,current,current,current,current,current,current,current,current,current,current,current,current,current,current,current,current,current,current,current,current,current,current,current,current,current,current,current,current,current,current,current,current,current,current,current,current,current,current,current,current,current,current,current,current,current,current,current,current,current,current,current,current,current,current,current,current,current,current,current,current,current,current,current,current,current,current,current,current,current,current,current,current,current,current,current,current,current,current,current,current,current,current,current,current,current,current,current,current,current,current,current,current,current,current,current,current,current,current,current,current,current,current,current,current,current,current,current,current,current,current,current,current,current,current,current,current,current,current,current,current,current,current,current,current,current,current,current,current,current,current,current,current,current,current,current,current,current,current,current,current,current,current,current,current,current,current,current,current,current,current,current,current,current,current,current,current,current,current,current,current,current,current,current,current,current,current,current,current,current,current,current,current,current,current,current,current,current,current,current,current,current,current,current,current
Interest rates and bond yields,Euribor 3-month,RTD.M.S0.N.C_EUR3M.E,current,current,current,current,current,current,current,current,current,behind,current,current,current,current,current,current,current,current,current,current,current,current,current,current,current,current,current,current,current,current,current,current,current,current,current,current,current,current,current,current,current,current,current,current,current,current,current,current,current,current,current,current,current,current,current,current,current,current,current,current,current,current,current,current,current,current,current,current,current,current,current,current,current,current,current,current,current,current,current,current,current,current,current,current,current,current,current,current,current,current,current,current,current,current,current,current,current,current,current,current,current,current,current,current,current,current,current,current,current,current,current,current,current,current,current,current,current,current,current,current,current,current,current,current,current,current,current,current,current,current,current,current,current,current,current,current,current,current,current,current,current,current,current,current,current,current,current,current,current,current,current,current,current,current,current,current,current,current,current,current,current,current,current,current,current,current,current,current,current,current,current,current,current,current,current,current,current,current,current,current,current,current,current,current,current,current,current,current,current,current,current,current,current,current,current,current,current,current,current,current,current,current,current,current,current,current,current,current,current,current,current,current,current,current,current,current,current,current,current,current,current,current,current,current,current,current,current,current,current,current,current,current,current,current,current,current,current,current,current,current,current,current,current,current,current,current,current,current,current,current,current,current,current,current,current,current,current,current,current,current,current
Interest rates and bond yields,Euribor 6-month,RTD.M.S0.N.C_EUR6M.E,current,current,current,current,current,current,current,current,current,behind,current,current,current,current,current,current,current,current,current,current,current,current,current,current,current,current,current,current,current,current,current,current,current,current,current,current,current,current,current,current,current,current,current,current,current,current,current,current,current,current,current,current,current,current,current,current,current,current,current,current,current,current,current,current,current,current,current,current,current,current,current,current,current,current,current,current,current,current,current,current,current,current,current,current,current,current,current,current,current,current,current,current,current,current,current,current,current,current,current,current,current,current,current,current,current,current,current,current,current,current,current,current,current,current,current,current,current,current,current,current,current,current,current,current,current,current,current,current,current,current,current,current,current,current,current,current,current,current,current,current,current,current,current,current,current,current,current,current,current,current,current,current,current,current,current,current,current,current,current,current,current,current,current,current,current,current,current,current,current,current,current,current,current,current,current,current,current,current,current,current,current,current,current,current,current,current,current,current,current,current,current,current,current,current,current,current,current,current,current,current,current,current,current,current,current,current,current,current,current,current,current,current,current,current,current,current,current,current,current,current,current,current,current,current,current,current,current,current,current,current,current,current,current,current,current,current,current,current,current,current,current,current,current,current,current,current,current,current,current,current,current,current,current,current,current,current,current,current,current,current,current
Interest rates and bond yields,Euro area government bond yield 10-year,RTD.M.S0.N.C_U210Y.E,current,current,current,current,current,current,current,current,current,behind,current,current,current,current,current,current,current,current,current,current,current,current,current,current,current,current,current,current,current,current,current,current,current,current,current,current,current,current,current,current,current,current,current,current,current,current,current,current,current,current,current,current,current,current,current,current,current,current,current,current,current,current,current,current,current,current,current,current,current,current,current,current,current,current,current,current,current,current,current,current,current,current,current,current,current,current,current,behind,behind,behind,behind,behind,behind,behind,behind,behind,behind,behind,behind,behind,behind,behind,behind,behind,behind,behind,behind,behind,behind,behind,behind,behind,behind,behind,behind,behind,behind,behind,behind,behind,behind,behind,behind,no observations,no observations,no observations,no observations,no observations,no observations,no observations,no observations,no observations,no observations,no observations,no observations,no observations,no observations,no observations,no observations,no observations,no observations,no observations,no observations,no observations,no observations,no observations,no observations,no observations,no observations,no observations,no observations,no observations,no observations,no observations,no observations,no observations,no observations,no observations,no observations,no observations,no observations,no observations,no observations,no observations,no observations,no observations,no observations,no observations,no observations,no observations,no observations,no observations,no observations,no observations,no observations,no observations,no observations,no observations,no observations,no observations,no observations,no observations,no observations,no observations,no observations,no observations,no observations,no observations,no observations,no observations,no observations,no observations,no observations,no observations,no observations,no observations,no observations,no observations,no observations,no observations,no observations,no observations,no observations,no observations,no observations,no observations,no observations,no observations,no observations,no observations,no observations,no observations,no observations,no observations,no observations,no observations,no observations,no observations,no observations,no observations,no observations,no observations,no observations,no observations,no observations,no observations,no observations,no observations,no observations,no observations,no observations,no observations,no observations,no observations,no observations,no observations,no observations,no observations,no observations,no observations,no observations,no observations,current,current,current,current,current,current,current,behind,behind,behind,behind,behind,behind,behind,behind,behind,behind,behind,behind
Interest rates and bond yields,Euro area government bond yield 2-year,RTD.M.S0.N.C_U202Y.E,current,current,current,current,current,current,current,current,current,behind,current,current,current,current,current,current,current,current,current,current,current,current,current,current,current,current,current,current,current,current,current,current,current,current,current,current,current,current,current,current,current,current,current,current,current,current,current,current,current,current,current,current,current,current,current,current,current,current,current,current,current,current,current,current,current,current,current,current,current,current,current,current,current,current,current,current,current,current,current,current,current,current,current,current,current,current,current,behind,behind,behind,behind,behind,behind,behind,behind,behind,behind,behind,behind,behind,behind,behind,behind,behind,behind,behind,behind,behind,behind,behind,behind,behind,behind,behind,behind,behind,behind,behind,behind,behind,behind,behind,behind,no observations,no observations,no observations,no observations,no observations,no observations,no observations,no observations,no observations,no observations,no observations,no observations,no observations,no observations,no observations,no observations,no observations,no observations,no observations,no observations,no observations,no observations,no observations,no observations,no observations,no observations,no observations,no observations,no observations,no observations,no observations,no observations,no observations,no observations,no observations,no observations,no observations,no observations,no observations,no observations,no observations,no observations,no observations,no observations,no observations,no observations,no observations,no observations,no observations,no observations,no observations,no observations,no observations,no observations,no observations,no observations,no observations,no observations,no observations,no observations,no observations,no observations,no observations,no observations,no observations,no observations,no observations,no observations,no observations,no observations,no observations,no observations,no observations,no observations,no observations,no observations,no observations,no observations,no observations,no observations,no observations,no observations,no observations,no observations,no observations,no observations,no observations,no observations,no observations,no observations,no observations,no observations,no observations,no observations,no observations,no observations,no observations,no observations,no observations,no observations,no observations,no observations,no observations,no observations,no observations,no observations,no observations,no observations,no observations,no observations,no observations,no observations,no observations,no observations,no observations,no observations,no observations,no observations,no observations,current,current,current,current,current,current,current,behind,behind,behind,behind,behind,behind,behind,behind,behind,behind,behind,behind
Interest rates and bond yields,Euro area government bond yield 3-year,RTD.M.S0.N.C_U203Y.E,current,current,current,current,current,current,current,current,current,behind,current,current,current,current,current,current,current,current,current,current,current,current,current,current,current,current,current,current,current,current,current,current,current,current,current,current,current,current,current,current,current,current,current,current,current,current,current,current,current,current,current,current,current,current,current,current,current,current,current,current,current,current,current,current,current,current,current,current,current,current,current,current,current,current,current,current,current,current,current,current,current,current,current,current,current,current,current,behind,behind,behind,behind,behind,behind,behind,behind,behind,behind,behind,behind,behind,behind,behind,behind,behind,behind,behind,behind,behind,behind,behind,behind,behind,behind,behind,behind,behind,behind,behind,behind,behind,behind,behind,behind,no observations,no observations,no observations,no observations,no observations,no observations,no observations,no observations,no observations,no observations,no observations,no observations,no observations,no observations,no observations,no observations,no observations,no observations,no observations,no observations,no observations,no observations,no observations,no observations,no observations,no observations,no observations,no observations,no observations,no observations,no observations,no observations,no observations,no observations,no observations,no observations,no observations,no observations,no observations,no observations,no observations,no observations,no observations,no observations,no observations,no observations,no observations,no observations,no observations,no observations,no observations,no observations,no observations,no observations,no observations,no observations,no observations,no observations,no observations,no observations,no observations,no observations,no observations,no observations,no observations,no observations,no observations,no observations,no observations,no observations,no observations,no observations,no observations,no observations,no observations,no observations,no observations,no observations,no observations,no observations,no observations,no observations,no observations,no observations,no observations,no observations,no observations,no observations,no observations,no observations,no observations,no observations,no observations,no observations,no observations,no observations,no observations,no observations,no observations,no observations,no observations,no observations,no observations,no observations,no observations,no observations,no observations,no observations,no observations,no observations,no observations,no observations,no observations,no observations,no observations,no observations,no observations,no observations,no observations,current,current,current,current,current,current,current,behind,behind,behind,behind,behind,behind,behind,behind,behind,behind,behind,behind
Interest rates and bond yields,Euro area government bond yield 5-year,RTD.M.S0.N.C_U205Y.E,current,current,current,current,current,current,current,current,current,behind,current,current,current,current,current,current,current,current,current,current,current,current,current,current,current,current,current,current,current,current,current,current,current,current,current,current,current,current,current,current,current,current,current,current,current,current,current,current,current,current,current,current,current,current,current,current,current,current,current,current,current,current,current,current,current,current,current,current,current,current,current,current,current,current,current,current,current,current,current,current,current,current,current,current,current,current,current,behind,behind,behind,behind,behind,behind,behind,behind,behind,behind,behind,behind,behind,behind,behind,behind,behind,behind,behind,behind,behind,behind,behind,behind,behind,behind,behind,behind,behind,behind,behind,behind,behind,behind,behind,behind,no observations,no observations,no observations,no observations,no observations,no observations,no observations,no observations,no observations,no observations,no observations,no observations,no observations,no observations,no observations,no observations,no observations,no observations,no observations,no observations,no observations,no observations,no observations,no observations,no observations,no observations,no observations,no observations,no observations,no observations,no observations,no observations,no observations,no observations,no observations,no observations,no observations,no observations,no observations,no observations,no observations,no observations,no observations,no observations,no observations,no observations,no observations,no observations,no observations,no observations,no observations,no observations,no observations,no observations,no observations,no observations,no observations,no observations,no observations,no observations,no observations,no observations,no observations,no observations,no observations,no observations,no observations,no observations,no observations,no observations,no observations,no observations,no observations,no observations,no observations,no observations,no observations,no observations,no observations,no observations,no observations,no observations,no observations,no observations,no observations,no observations,no observations,no observations,no observations,no observations,no observations,no observations,no observations,no observations,no observations,no observations,no observations,no observations,no observations,no observations,no observations,no observations,no observations,no observations,no observations,no observations,no observations,no observations,no observations,no observations,no observations,no observations,no observations,no observations,no observations,no observations,no observations,no observations,no observations,current,current,current,current,current,current,current,behind,behind,behind,behind,behind,behind,behind,behind,behind,behind,behind,behind
Interest rates and bond yields,Euro area government bond yield 7-year,RTD.M.S0.N.C_U207Y.E,current,current,current,current,current,current,current,current,current,behind,current,current,current,current,current,current,current,current,current,current,current,current,current,current,current,current,current,current,current,current,current,current,current,current,current,current,current,current,current,current,current,current,current,current,current,current,current,current,current,current,current,current,current,current,current,current,current,current,current,current,current,current,current,current,current,current,current,current,current,current,current,current,current,current,current,current,current,current,current,current,current,current,current,current,current,current,current,behind,behind,behind,behind,behind,behind,behind,behind,behind,behind,behind,behind,behind,behind,behind,behind,behind,behind,behind,behind,behind,behind,behind,behind,behind,behind,behind,behind,behind,behind,behind,behind,behind,behind,behind,behind,no observations,no observations,no observations,no observations,no observations,no observations,no observations,no observations,no observations,no observations,no observations,no observations,no observations,no observations,no observations,no observations,no observations,no observations,no observations,no observations,no observations,no observations,no observations,no observations,no observations,no observations,no observations,no observations,no observations,no observations,no observations,no observations,no observations,no observations,no observations,no observations,no observations,no observations,no observations,no observations,no observations,no observations,no observations,no observations,no observations,no observations,no observations,no observations,no observations,no observations,no observations,no observations,no observations,no observations,no observations,no observations,no observations,no observations,no observations,no observations,no observations,no observations,no observations,no observations,no observations,no observations,no observations,no observations,no observations,no observations,no observations,no observations,no observations,no observations,no observations,no observations,no observations,no observations,no observations,no observations,no observations,no observations,no observations,no observations,no observations,no observations,no observations,no observations,no observations,no observations,no observations,no observations,no observations,no observations,no observations,no observations,no observations,no observations,no observations,no observations,no observations,no observations,no observations,no observations,no observations,no observations,no observations,no observations,no observations,no observations,no observations,no observations,no observations,no observations,no observations,no observations,no observations,no observations,no observations,current,current,current,current,current,current,current,behind,behind,behind,behind,behind,behind,behind,behind,behind,behind,behind,behind
Interest rates and bond yields,Japanese yen Libor 3-month,RTD.M.S0.N.C_JPL3M.J,current,current,current,current,current,current,current,current,current,behind,current,current,current,current,current,current,current,current,current,current,current,current,current,current,current,current,current,current,current,current,current,current,current,current,current,current,current,current,current,current,current,current,current,current,current,current,current,current,current,current,current,current,current,current,current,current,current,current,current,current,current,current,current,current,current,current,current,current,current,current,current,current,current,current,current,current,current,current,current,current,current,current,current,current,current,current,current,current,current,current,current,current,current,current,current,current,current,current,current,current,current,current,current,current,current,current,current,current,current,current,current,current,current,current,current,current,current,current,current,current,current,current,current,current,current,current,current,current,current,current,current,current,current,current,current,current,current,current,current,current,current,current,current,current,current,current,current,current,current,current,current,current,current,current,current,current,current,current,current,current,current,current,current,current,current,current,current,current,current,current,current,current,current,current,current,current,current,current,current,current,current,current,current,current,current,current,current,current,current,current,current,current,current,current,current,current,current,current,current,current,current,current,current,current,current,current,current,current,current,current,current,current,current,current,current,current,current,current,current,current,current,current,current,current,current,current,current,current,current,current,current,current,current,current,behind,behind,behind,behind,behind,behind,behind,behind,behind,behind,behind,behind,behind,behind,behind,behind,behind,behind,behind,behind,behind,behind,behind,behind,behind,behind,behind
Interest rates and bond yields,US dollar Libor 3-month,RTD.M.S0.N.C_USL3M.U,current,current,current,current,current,current,current,current,current,behind,current,current,current,current,current,current,current,current,current,current,current,current,current,current,current,current,current,current,current,current,current,current,current,current,current,current,current,current,current,current,current,current,current,current,current,current,current,current,current,current,current,current,current,current,current,current,current,current,current,current,current,current,current,current,current,current,current,current,current,current,current,current,current,current,current,current,current,current,current,current,current,current,current,current,current,current,current,current,current,current,current,current,current,current,current,current,current,current,current,current,current,current,current,current,current,current,current,current,current,current,current,current,current,current,current,current,current,current,current,current,current,current,current,current,current,current,current,current,current,current,current,current,current,current,current,current,current,current,current,current,current,current,current,current,current,current,current,current,current,current,current,current,current,current,current,current,current,current,current,current,current,current,current,current,current,current,current,current,current,current,current,current,current,current,current,current,current,current,current,current,current,current,current,current,current,current,current,current,current,current,current,current,current,current,current,current,current,current,current,current,current,current,current,current,current,current,current,current,current,current,current,current,current,current,current,current,current,current,current,current,current,current,current,current,current,current,current,current,current,current,current,current,current,current,current,current,current,current,current,current,current,current,current,current,current,current,current,current,behind,behind,behind,behind,behind,behind,behind,behind,behind,behind,behind,behind,behind
Labour costs,"Labour cost index, construction",RTD.Q.S0.W.L_H_CONST.X,current,current,current,current,current,current,current,current,current,current,current,current,current,current,current,current,current,current,current,current,current,current,current,current,current,current,current,current,current,current,current,current,current,current,current,current,current,current,current,current,current,current,current,current,current,current,current,current,current,current,current,current,current,current,current,current,current,current,current,current,current,current,current,current,current,current,current,current,current,current,current,current,current,current,current,current,current,current,current,current,current,current,current,current,current,current,current,current,current,current,current,current,current,current,current,current,current,current,current,current,current,current,current,current,behind,behind,behind,behind,behind,behind,behind,behind,behind,behind,behind,behind,behind,behind,behind,behind,behind,behind,behind,current,current,current,current,current,current,current,current,current,current,current,current,current,current,current,current,current,current,current,current,current,current,current,current,current,current,current,current,current,current,current,current,current,current,current,current,current,current,current,current,current,current,current,current,current,current,current,current,current,current,current,current,current,current,current,current,current,current,current,current,current,current,current,current,current,current,current,current,current,current,current,current,current,current,current,current,current,current,current,current,current,current,current,current,current,current,current,current,current,current,current,current,current,current,current,current,current,current,current,current,current,current,current,current,current,current,current,current,current,current,current,current,current,current,current,current,current,current,current,current,current,current,current,current,current,current,current,current,current,current,current,current,current,behind,behind,behind,behind,behind
Labour costs,"Labour cost index, industry excluding construction",RTD.Q.S0.W.L_H_XCONS.X,current,current,current,current,current,current,current,current,current,current,current,current,current,current,current,current,current,current,current,current,current,current,current,current,current,current,current,current,current,current,current,current,current,current,current,current,current,current,current,current,current,current,current,current,current,current,current,current,current,current,current,current,current,current,current,current,current,current,current,current,current,current,current,current,current,current,current,current,current,current,current,current,current,current,current,current,current,current,current,current,current,current,current,current,current,current,current,current,current,current,current,current,current,current,current,current,current,current,current,current,current,current,current,current,current,current,current,current,current,current,current,current,current,current,current,current,current,current,current,current,current,current,current,current,current,current,current,current,current,current,current,current,current,current,current,current,current,current,current,current,current,current,current,current,current,current,current,current,current,current,current,current,current,current,current,current,current,current,current,current,current,current,current,current,current,current,current,current,current,current,current,current,current,current,current,current,current,current,current,current,current,current,current,current,current,current,current,current,current,current,current,current,current,current,current,current,current,current,current,current,current,current,current,current,current,current,current,current,current,current,current,current,current,current,current,current,current,current,current,current,current,current,current,current,current,current,current,current,current,current,current,current,current,current,current,current,current,current,current,current,current,current,current,current,current,current,current,current,current,current,current,current,current,current,current,current,behind,behind,behind,behind,behind
Labour costs,"Labour cost index, non-wage costs",RTD.Q.S0.W.L_HC_WXAFG.X,current,current,current,current,current,current,current,current,current,current,current,current,current,current,current,current,current,current,current,current,current,current,current,current,current,current,current,current,current,current,current,current,current,current,current,current,current,current,current,current,current,current,current,current,current,current,current,current,current,current,current,current,current,current,current,current,current,current,current,current,current,current,current,current,current,current,current,current,current,current,current,current,current,current,current,current,current,current,current,current,current,current,current,current,current,current,current,current,current,current,current,current,current,current,current,current,current,current,current,current,current,current,current,current,current,current,current,current,current,current,current,current,current,current,current,current,current,current,current,current,current,current,current,current,current,current,current,current,current,current,current,current,current,current,current,current,current,current,current,current,current,current,current,current,current,current,current,current,current,current,current,current,current,current,current,current,current,current,current,current,current,current,current,current,current,current,current,current,current,current,current,current,current,current,current,current,current,current,current,current,current,current,current,current,current,current,current,current,current,current,current,current,current,current,current,current,current,current,current,current,current,current,current,current,current,current,current,current,current,current,current,current,current,current,current,current,current,current,current,current,current,current,current,current,current,current,current,current,current,current,current,current,current,current,current,current,current,current,current,current,current,current,current,current,current,current,current,current,current,current,current,current,current,current,current,current,current,current,current,current,current
Labour costs,"Labour cost index, services",RTD.Q.S0.W.L_H_SERV.X,current,current,current,current,current,current,current,current,current,current,current,current,current,current,current,current,current,current,current,current,current,current,current,current,current,current,current,current,current,current,current,current,current,current,current,current,current,current,current,current,current,current,current,current,current,current,current,current,current,current,current,current,current,current,current,current,current,current,current,current,current,current,current,current,current,current,current,current,current,current,current,current,current,current,current,current,current,current,current,current,behind,current,current,current,current,current,current,current,current,current,current,current,current,current,current,current,current,current,current,current,current,current,current,current,behind,behind,behind,behind,behind,behind,behind,behind,behind,behind,behind,behind,behind,behind,behind,behind,behind,behind,behind,current,current,current,current,current,current,current,current,current,current,current,current,current,current,current,current,current,current,current,current,current,current,current,current,current,current,current,current,current,current,current,current,current,current,current,current,current,current,current,current,current,current,current,current,current,current,current,current,current,current,current,current,current,current,current,current,current,current,current,current,current,current,current,current,current,current,current,current,current,current,current,current,current,current,current,current,current,current,current,current,current,current,current,current,current,current,current,current,current,current,current,current,current,current,current,current,current,current,current,current,current,current,current,current,current,current,current,current,current,current,current,current,current,current,current,current,current,current,current,current,current,current,current,current,current,current,current,current,current,current,current,current,current,behind,behind,behind,behind,behind
Labour costs,"Labour cost index, total (seasonally adjusted)",RTD.Q.S0.Y.L_H_WXAFG.X,current,current,current,current,current,current,current,current,current,current,current,current,current,current,current,current,current,current,current,current,current,current,current,current,current,current,current,current,current,current,current,current,current,current,current,current,current,current,current,current,current,current,current,current,current,current,current,current,current,current,current,current,current,current,current,current,current,current,current,current,current,current,current,current,current,current,current,current,current,current,current,current,current,current,current,current,current,current,current,current,current,current,current,current,current,current,current,current,current,current,current,current,current,current,current,current,current,current,current,current,current,current,current,current,behind,current,current,current,current,current,current,current,current,current,current,current,current,current,current,current,current,current,current,current,current,current,current,current,current,current,current,current,current,current,current,current,current,current,current,current,current,current,current,current,current,current,current,current,current,current,current,current,current,current,current,current,current,current,current,current,current,current,current,current,current,current,current,current,current,current,current,current,current,current,current,current,current,current,current,current,current,current,current,current,current,current,current,current,current,current,current,current,current,current,current,current,current,current,current,current,current,current,current,current,current,current,current,current,current,current,current,current,current,current,current,current,current,current,current,current,current,current,current,current,current,current,current,current,current,current,current,current,current,current,current,current,current,current,current,current,current,current,current,current,current,current,current,current,current,current,current,current,current,current,current,current,behind,behind,behind,behind,behind
Labour costs,"Labour cost index, total (working day adjusted)",RTD.Q.S0.W.L_H_WXAFG.X,current,current,current,current,current,current,current,current,current,current,current,current,current,current,current,current,current,current,current,current,current,current,current,current,current,current,current,current,current,current,current,current,current,current,current,current,current,current,current,current,current,current,current,current,current,current,current,current,current,current,current,current,current,current,current,current,current,current,current,current,current,current,current,current,current,current,current,current,current,current,current,current,current,current,current,current,current,current,current,current,current,current,current,current,current,current,current,current,current,current,current,current,current,current,current,current,current,current,current,current,current,current,current,current,current,current,current,current,current,current,current,current,current,current,current,current,current,current,current,current,current,current,current,current,current,current,current,current,current,current,current,current,current,current,current,current,current,current,current,current,current,current,current,current,current,current,current,current,current,current,current,current,current,current,current,current,current,current,current,current,current,current,current,current,current,current,current,current,current,current,current,current,current,current,current,current,current,current,current,current,current,current,current,current,current,current,current,current,current,current,current,current,current,current,current,current,current,current,current,current,current,current,current,current,current,current,current,current,current,current,current,current,current,current,current,current,current,current,current,current,current,current,current,current,current,current,current,current,current,current,current,current,current,current,current,current,current,current,current,current,current,current,current,current,current,current,current,current,current,current,current,current,current,current,current,current,current,current,current,current,current
Labour costs,"Labour cost index, wages and salaries",RTD.Q.S0.W.L_HW_WXAFG.X,current,current,current,current,current,current,current,current,current,current,current,current,current,current,current,current,current,current,current,current,current,current,current,current,current,current,current,current,current,current,current,current,current,current,current,current,current,current,current,current,current,current,current,current,current,current,current,current,current,current,current,current,current,current,current,current,current,current,current,current,current,current,current,current,current,current,current,current,current,current,current,current,current,current,current,current,current,current,current,current,current,current,current,current,current,current,current,current,current,current,current,current,current,current,current,current,current,current,current,current,current,current,current,current,current,current,current,current,current,current,current,current,current,current,current,current,current,current,current,current,current,current,current,current,current,current,current,current,current,current,current,current,current,current,current,current,current,current,current,current,current,current,current,current,current,current,current,current,current,current,current,current,current,current,current,current,current,current,current,current,current,current,current,current,current,current,current,current,current,current,current,current,current,current,current,current,current,current,current,current,current,current,current,current,current,current,current,current,current,current,current,current,current,current,current,current,current,current,current,current,current,current,current,current,current,current,current,current,current,current,current,current,current,current,current,current,current,current,current,current,current,current,current,current,current,current,current,current,current,current,current,current,current,current,current,current,current,current,current,current,current,current,current,current,current,current,current,current,current,current,current,current,current,current,current,current,current,current,current,current,current
Loans and credit,Credit to the private sector (not adjusted),RTD.M.S0.N.M_LOANSEC_U_NG.E,not yet published,not yet published,not yet published,not yet published,not yet published,not yet published,not yet published,not yet published,not yet published,not yet published,not yet published,not yet published,not yet published,not yet published,not yet published,not yet published,not yet published,not yet published,not yet published,not yet published,not yet published,not yet published,not yet published,not yet published,not yet published,not yet published,not yet published,not yet published,not yet published,not yet published,not yet published,not yet published,current,current,current,current,current,current,current,current,current,current,current,current,current,current,current,current,current,current,current,current,current,current,current,current,current,current,current,current,current,current,current,current,current,current,current,current,current,current,current,current,current,current,current,current,current,current,current,current,current,current,current,current,current,current,current,current,current,current,current,current,current,current,current,current,current,current,current,current,current,current,current,current,current,current,current,current,current,current,current,current,current,current,current,current,current,current,current,current,current,current,current,current,current,current,current,current,current,current,current,current,current,current,current,current,current,current,current,current,current,current,current,current,current,current,current,current,current,current,current,current,current,current,current,current,current,current,current,current,current,current,current,current,current,current,current,current,current,current,current,current,current,current,current,current,current,current,current,current,current,current,current,current,current,current,current,current,current,current,current,current,current,current,current,current,current,current,current,current,current,current,current,current,current,current,current,current,current,current,current,current,current,current,current,current,current,current,current,current,current,current,current,current,current,current,current,current,current,current,current,current,current,current,current,current,current,current,current,current,current,current,current,current,current,current,current,current,current,current,current,current,current,current,current,current,current,current,current,current,current
Loans and credit,Credit to the private sector (seasonally adjusted),RTD.M.S0.Y.M_LOANSEC_U_NG.E,current,current,current,current,current,current,current,current,current,current,current,current,current,current,current,current,current,current,current,current,current,current,current,current,current,current,current,current,current,current,current,current,current,current,current,current,current,current,current,current,current,current,current,current,current,current,current,current,current,current,current,current,current,current,current,current,current,current,current,current,current,current,current,current,current,current,current,current,current,current,current,current,current,current,current,current,current,current,current,current,current,current,current,current,current,current,current,current,current,current,current,current,current,current,current,current,current,current,current,current,current,current,current,current,current,current,current,current,current,current,current,current,current,current,current,current,current,current,current,current,current,current,current,current,current,current,current,current,current,current,current,current,current,current,current,current,current,current,current,current,current,current,current,current,current,current,current,current,current,current,current,current,current,current,current,current,current,current,current,current,current,current,current,current,current,current,current,current,current,current,current,current,current,current,current,current,current,current,current,current,current,current,current,current,current,current,current,current,current,current,current,current,current,current,current,current,current,current,current,current,current,current,current,current,current,current,current,current,current,current,current,current,current,current,current,current,current,current,current,current,current,current,current,current,current,current,current,current,current,current,current,current,current,current,current,current,current,current,current,current,current,current,current,current,current,current,current,current,current,current,current,current,current,behind,behind,behind,behind,behind,behind,behind,behind
Loans and credit,Loans to the private sector (not adjusted),RTD.M.S0.N.M_LOAN_U_NG.E,not yet published,not yet published,not yet published,not yet published,not yet published,not yet published,not yet published,not yet published,not yet published,not yet published,not yet published,not yet published,not yet published,not yet published,not yet published,current,current,current,behind,behind,behind,behind,behind,behind,behind,behind,behind,behind,behind,behind,behind,behind,current,current,current,current,current,current,current,current,current,current,current,current,current,current,current,current,current,current,current,current,current,current,current,current,current,current,current,current,current,current,current,current,current,current,current,current,current,current,current,current,current,current,current,current,current,current,current,current,current,current,current,current,current,current,current,current,current,current,current,current,current,current,current,current,current,current,current,current,current,current,current,current,current,current,current,current,current,current,current,current,current,current,current,current,current,current,current,current,current,current,current,current,current,current,current,current,current,current,current,current,current,current,current,current,current,current,current,current,current,current,current,current,current,current,current,current,current,current,current,current,current,current,current,current,current,current,current,current,current,current,current,current,current,current,current,current,current,current,current,current,current,current,current,current,current,current,current,current,current,current,current,current,current,current,current,current,current,current,current,current,current,current,current,current,current,current,current,current,current,current,current,current,current,current,current,current,current,current,current,current,current,current,current,current,current,current,current,current,current,current,current,current,current,current,current,current,current,current,current,current,current,current,current,current,current,current,current,current,current,current,current,current,current,current,current,current,current,current,current,current,current,current,current,current,current,current,current,current,current
Loans and credit,Loans to the private sector (seasonally adjusted),RTD.M.S0.Y.M_LOAN_U_NG.E,current,current,current,current,current,current,current,current,current,current,current,current,current,current,current,current,current,current,current,current,current,current,current,current,current,current,current,current,current,current,current,current,current,current,current,current,current,current,current,current,current,current,current,current,current,current,current,current,current,current,current,current,current,current,current,current,current,current,current,current,current,current,current,current,current,current,current,current,current,current,current,current,current,current,current,current,current,current,current,current,current,current,current,current,current,current,current,current,current,current,current,current,current,current,current,current,current,current,current,current,current,current,current,current,current,current,current,current,current,current,current,current,current,current,current,current,current,current,current,current,current,current,current,current,current,current,current,current,current,current,current,current,current,current,current,current,current,current,current,current,current,current,current,current,current,current,current,current,current,current,current,current,current,current,current,current,current,current,current,current,current,current,current,current,current,current,current,current,current,current,current,current,current,current,current,current,current,current,current,current,current,current,current,current,current,current,current,current,current,current,current,current,current,current,current,current,current,current,current,current,current,current,current,current,current,current,current,current,current,current,current,current,current,current,current,current,current,current,current,current,current,current,current,current,current,current,current,current,current,current,current,current,current,current,current,current,current,current,current,current,current,current,current,current,current,current,current,current,current,current,current,current,current,behind,behind,behind,behind,behind,behind,behind,behind
Money supply,Base money,RTD.M.S0.N.M_M3BM_C_WN.E,not yet published,not yet published,not yet published,current,current,current,current,current,current,current,current,current,current,current,current,current,current,current,current,current,current,current,current,current,current,current,current,current,current,current,current,current,current,current,current,current,current,current,current,current,current,current,current,current,current,current,current,current,current,current,current,current,current,current,current,current,current,current,current,current,current,current,current,current,current,current,current,current,current,current,current,current,current,current,current,current,current,current,current,current,current,current,current,current,current,current,current,current,current,current,current,current,current,current,current,current,current,current,current,current,current,current,current,current,current,current,current,current,current,current,current,current,current,current,current,current,current,current,current,current,current,current,current,current,current,current,current,current,current,current,current,current,current,current,current,current,current,current,current,current,current,current,current,current,current,current,current,current,current,current,current,current,current,current,current,current,current,current,current,current,current,current,current,current,current,current,current,current,current,current,current,current,current,current,current,current,current,current,current,current,current,current,current,current,current,current,current,current,current,current,current,current,current,current,current,current,current,current,current,current,current,current,current,current,current,current,current,current,current,current,current,current,current,current,current,current,current,current,current,current,current,current,current,current,current,current,current,current,current,current,current,current,current,current,current,current,current,current,current,current,current,current,current,current,current,current,current,current,current,current,current,current,current,behind,behind,behind,behind,behind,behind,behind,behind
Money supply,M1 (not adjusted),RTD.M.S0.N.M_M1_V_NC.E,current,current,current,current,current,current,current,current,current,current,current,current,current,current,current,current,current,current,current,current,current,current,current,current,current,current,current,current,current,current,current,current,current,current,current,current,current,current,current,current,current,current,current,current,current,current,current,current,current,current,current,current,current,current,current,current,current,current,current,current,current,current,current,current,current,current,current,current,current,current,current,current,current,current,current,current,current,current,current,current,current,current,current,current,current,current,current,current,current,current,current,current,current,current,current,current,current,current,current,current,current,current,current,current,current,current,current,current,current,current,current,current,current,current,current,current,current,current,current,current,current,current,current,current,current,current,current,current,current,current,current,current,current,current,current,current,current,current,current,current,current,current,current,current,current,current,current,current,current,current,current,current,current,current,current,current,current,current,current,current,current,current,current,current,current,current,current,current,current,current,current,current,current,current,current,current,current,current,current,current,current,current,current,current,current,current,current,current,current,current,current,current,current,current,current,current,current,current,current,current,current,current,current,current,current,current,current,current,current,current,current,current,current,current,current,current,current,current,current,current,current,current,current,current,current,current,current,current,current,current,current,current,current,current,current,current,current,current,current,current,current,current,current,current,current,current,current,current,current,current,current,current,current,current,current,current,current,current,current,current,current
Money supply,M1 (seasonally adjusted),RTD.M.S0.Y.M_M1_V_NC.E,current,current,current,current,current,current,current,current,current,current,current,current,current,current,current,current,current,current,current,current,current,current,current,current,current,current,current,current,current,current,current,current,current,current,current,current,current,current,current,current,current,current,current,current,current,current,current,current,current,current,current,current,current,current,current,current,current,current,current,current,current,current,current,current,current,current,current,current,current,current,current,current,current,current,current,current,current,current,current,current,current,current,current,current,current,current,current,current,current,current,current,current,current,current,current,current,current,current,current,current,current,current,current,current,current,current,current,current,current,current,current,current,current,current,current,current,current,current,current,current,current,current,current,current,current,current,current,current,current,current,current,current,current,current,current,current,current,current,current,current,current,current,current,current,current,current,current,current,current,current,current,current,current,current,current,current,current,current,current,current,current,current,current,current,current,current,current,current,current,current,current,current,current,current,current,current,current,current,current,current,current,current,current,current,current,current,current,current,current,current,current,current,current,current,current,current,current,current,current,current,current,current,current,current,current,current,current,current,current,current,current,current,current,current,current,current,current,current,current,current,current,current,current,current,current,current,current,current,current,current,current,current,current,current,current,current,current,current,current,current,current,current,current,current,current,current,current,current,current,current,current,current,current,behind,behind,behind,behind,behind,behind,behind,behind
Money supply,M2 (not adjusted),RTD.M.S0.N.M_M2_V_NC.E,current,current,current,current,current,current,current,current,current,current,current,current,current,current,current,current,current,current,current,current,current,current,current,current,current,current,current,current,current,current,current,current,current,current,current,current,current,current,current,current,current,current,current,current,current,current,current,current,current,current,current,current,current,current,current,current,current,current,current,current,current,current,current,current,current,current,current,current,current,current,current,current,current,current,current,current,current,current,current,current,current,current,current,current,current,current,current,current,current,current,current,current,current,current,current,current,current,current,current,current,current,current,current,current,current,current,current,current,current,current,current,current,current,current,current,current,current,current,current,current,current,current,current,current,current,current,current,current,current,current,current,current,current,current,current,current,current,current,current,current,current,current,current,current,current,current,current,current,current,current,current,current,current,current,current,current,current,current,current,current,current,current,current,current,current,current,current,current,current,current,current,current,current,current,current,current,current,current,current,current,current,current,current,current,current,current,current,current,current,current,current,current,current,current,current,current,current,current,current,current,current,current,current,current,current,current,current,current,current,current,current,current,current,current,current,current,current,current,current,current,current,current,current,current,current,current,current,current,current,current,current,current,current,current,current,current,current,current,current,current,current,current,current,current,current,current,current,current,current,current,current,current,current,current,current,current,current,current,current,current,current
Money supply,M2 (seasonally adjusted),RTD.M.S0.Y.M_M2_V_NC.E,current,current,current,current,current,current,current,current,current,current,current,current,current,current,current,current,current,current,current,current,current,current,current,current,current,current,current,current,current,current,current,current,current,current,current,current,current,current,current,current,current,current,current,current,current,current,current,current,current,current,current,current,current,current,current,current,current,current,current,current,current,current,current,current,current,current,current,current,current,current,current,current,current,current,current,current,current,current,current,current,current,current,current,current,current,current,current,current,current,current,current,current,current,current,current,current,current,current,current,current,current,current,current,current,current,current,current,current,current,current,current,current,current,current,current,current,current,current,current,current,current,current,current,current,current,current,current,current,current,current,current,current,current,current,current,current,current,current,current,current,current,current,current,current,current,current,current,current,current,current,current,current,current,current,current,current,current,current,current,current,current,current,current,current,current,current,current,current,current,current,current,current,current,current,current,current,current,current,current,current,current,current,current,current,current,current,current,current,current,current,current,current,current,current,current,current,current,current,current,current,current,current,current,current,current,current,current,current,current,current,current,current,current,current,current,current,current,current,current,current,current,current,current,current,current,current,current,current,current,current,current,current,current,current,current,current,current,current,current,current,current,current,current,current,current,current,current,current,current,current,current,current,current,behind,behind,behind,behind,behind,behind,behind,behind
Money supply,M2 - Japan,RTD.M.JP.Y.M_M2.J,current,current,current,current,current,current,current,current,current,current,current,current,current,current,current,current,current,current,current,current,current,current,current,current,current,current,current,current,current,current,behind,current,current,current,current,current,current,current,current,current,current,current,current,current,current,current,current,current,current,current,current,current,current,current,current,current,current,current,current,current,current,current,current,current,behind,current,current,current,current,current,current,current,current,current,current,current,current,current,current,current,current,current,current,current,current,current,current,current,current,current,current,current,current,current,current,current,current,current,current,current,current,current,current,current,current,current,current,current,current,current,current,current,current,current,current,current,current,current,current,current,current,current,current,current,current,current,current,current,current,current,current,current,current,current,current,current,current,current,current,current,current,behind,current,current,current,current,current,current,current,current,current,current,current,current,current,current,current,current,current,current,current,current,current,current,current,current,current,current,current,current,current,current,current,current,current,current,current,current,current,current,current,current,current,current,current,current,current,current,current,current,current,current,current,current,current,current,current,current,current,current,current,current,current,current,current,current,current,current,current,current,current,current,current,current,current,current,current,current,current,current,current,current,current,current,current,current,current,current,current,current,current,current,current,current,current,current,current,current,current,current,current,current,current,current,current,current,current,current,current,current,current,current,current,behind,behind,behind,behind,behind,behind,behind,behind
Money supply,M2 - United States,RTD.M.US.Y.M_M2.U,current,current,current,current,current,current,current,current,current,current,current,current,current,current,current,current,current,current,current,current,current,current,current,current,current,current,current,current,current,current,current,current,current,current,current,current,current,current,current,current,current,current,current,current,current,current,current,current,current,current,current,current,current,current,current,current,current,current,current,current,current,current,current,current,current,current,current,current,current,current,current,current,current,current,current,current,current,current,current,current,current,current,current,current,current,current,current,current,current,current,current,current,current,current,current,current,current,current,current,current,current,current,current,current,current,current,current,current,current,current,current,current,current,current,current,current,current,current,current,current,current,current,current,current,current,current,current,current,current,current,current,current,current,current,current,current,current,current,current,current,current,current,current,current,current,current,current,current,current,current,current,current,current,current,current,current,current,current,current,current,current,current,current,current,current,current,current,current,current,current,current,current,current,current,current,current,current,current,current,current,current,current,current,current,current,current,current,current,current,current,current,current,current,current,current,current,current,current,current,current,current,current,current,current,current,current,current,current,current,current,current,current,current,current,current,current,current,current,current,behind,behind,behind,behind,behind,behind,behind,behind,behind,behind,behind,behind,behind,behind,behind,current,current,current,current,current,current,current,current,current,current,current,current,current,current,current,current,current,current,current,behind,behind,behind,behind,behind,behind,behind,behind
Money supply,M3 (not adjusted),RTD.M.S0.N.M_M3_V_NC.E,current,current,current,current,current,current,current,current,current,current,current,current,current,current,current,current,current,current,current,current,current,current,current,current,current,current,current,current,current,current,current,current,current,current,current,current,current,current,current,current,current,current,current,current,current,current,current,current,current,current,current,current,current,current,current,current,current,current,current,current,current,current,current,current,current,current,current,current,current,current,current,current,current,current,current,current,current,current,current,current,current,current,current,current,current,current,current,current,current,current,current,current,current,current,current,current,current,current,current,current,current,current,current,current,current,current,current,current,current,current,current,current,current,current,current,current,current,current,current,current,current,current,current,current,current,current,current,current,current,current,current,current,current,current,current,current,current,current,current,current,current,current,current,current,current,current,current,current,current,current,current,current,current,current,current,current,current,current,current,current,current,current,current,current,current,current,current,current,current,current,current,current,current,current,current,current,current,current,current,current,current,current,current,current,current,current,current,current,current,current,current,current,current,current,current,current,current,current,current,current,current,current,current,current,current,current,current,current,current,current,current,current,current,current,current,current,current,current,current,current,current,current,current,current,current,current,current,current,current,current,current,current,current,current,current,current,current,current,current,current,current,current,current,current,current,current,current,current,current,current,current,current,current,current,current,current,current,current,current,current,current
Money supply,M3 (seasonally adjusted),RTD.M.S0.Y.M_M3_V_NC.E,current,current,current,current,current,current,current,current,current,current,current,current,current,current,current,current,current,current,current,current,current,current,current,current,current,current,current,current,current,current,current,current,current,current,current,current,current,current,current,current,current,current,current,current,current,current,current,current,current,current,current,current,current,current,current,current,current,current,current,current,current,current,current,current,current,current,current,current,current,current,current,current,current,current,current,current,current,current,current,current,current,current,current,current,current,current,current,current,current,current,current,current,current,current,current,current,current,current,current,current,current,current,current,current,current,current,current,current,current,current,current,current,current,current,current,current,current,current,current,current,current,current,current,current,current,current,current,current,current,current,current,current,current,current,current,current,current,current,current,current,current,current,current,current,current,current,current,current,current,current,current,current,current,current,current,current,current,current,current,current,current,current,current,current,current,current,current,current,current,current,current,current,current,current,current,current,current,current,current,current,current,current,current,current,current,current,current,current,current,current,current,current,current,current,current,current,current,current,current,current,current,current,current,current,current,current,current,current,current,current,current,current,current,current,current,current,current,current,current,current,current,current,current,current,current,current,current,current,current,current,current,current,current,current,current,current,current,current,current,current,current,current,current,current,current,current,current,current,current,current,current,current,current,behind,behind,behind,behind,behind,behind,behind,behind
Money supply,M3 annual growth rate (not adjusted),RTD.M.S0.N.M_M3BM_V_NC.A,current,current,current,current,current,current,current,current,current,current,current,current,current,current,current,current,current,current,current,current,current,current,current,current,current,current,current,current,current,current,current,current,current,current,current,current,current,current,current,current,current,current,current,current,current,current,current,current,current,current,current,current,current,current,current,current,current,current,current,current,current,current,current,current,current,current,current,current,current,current,current,current,current,current,current,current,current,current,current,current,current,current,current,current,current,current,current,current,current,current,current,current,current,current,current,current,current,current,current,current,current,current,current,current,current,current,current,current,current,current,current,current,current,current,current,current,current,current,current,current,current,current,current,current,current,current,current,current,current,current,current,current,current,current,current,current,current,current,current,current,current,current,current,current,current,current,current,current,current,current,current,current,current,current,current,current,current,current,current,current,current,current,current,current,current,current,current,current,current,current,current,current,current,current,current,current,current,current,current,current,current,current,current,current,current,current,current,current,current,current,current,current,current,current,current,current,current,current,current,current,current,current,current,current,current,current,current,current,current,current,current,current,current,current,current,current,current,current,current,current,current,current,current,current,current,current,current,current,current,current,current,current,current,current,current,current,current,current,current,current,current,current,current,current,current,current,current,current,current,current,current,current,current,behind,behind,behind,behind,behind,behind,behind,behind
Money supply,M3 annual growth rate (seasonally adjusted),RTD.M.S0.Y.M_M3BM_V_NC.A,not yet published,not yet published,not yet published,not yet published,not yet published,not yet published,not yet published,current,current,current,current,current,current,current,current,current,current,current,current,current,current,current,current,current,current,current,current,current,current,current,current,current,current,current,current,current,current,current,current,current,current,current,current,current,current,current,current,current,current,current,current,current,current,current,current,current,current,current,current,current,current,current,current,current,current,current,current,current,current,current,current,current,current,current,current,current,current,current,current,current,current,current,current,current,current,current,current,current,current,current,current,current,current,current,current,current,current,current,current,current,current,current,current,current,current,current,current,current,current,current,current,current,current,current,current,current,current,current,current,current,current,current,current,current,current,current,current,current,current,current,current,current,current,current,current,current,current,current,current,current,current,current,current,current,current,current,current,current,current,current,current,current,current,current,current,current,current,current,current,current,current,current,current,current,current,current,current,current,current,current,current,current,current,current,current,current,current,current,current,current,current,current,current,current,current,current,current,current,current,current,current,current,current,current,current,current,current,current,current,current,current,current,current,current,current,current,current,current,current,current,current,current,current,current,current,current,current,current,current,current,current,current,current,current,current,current,current,current,current,current,current,current,current,current,current,current,current,current,current,current,current,current,current,current,current,current,current,current,current,current,current,current,current,current,current,current,current,current,current,current,current
New car registrations,New car registrations (seasonally adjusted),RTD.M.S0.Y.I_NCARS.Q,current,current,current,current,current,current,current,current,current,current,current,current,current,current,current,current,current,current,current,current,current,current,current,current,current,current,current,current,current,current,current,current,current,current,current,current,current,current,current,current,current,current,current,current,current,current,current,current,current,current,current,current,current,current,current,current,current,current,current,current,current,current,current,current,current,current,current,current,current,current,current,current,current,current,current,current,current,current,current,current,current,current,current,current,current,current,current,current,current,current,current,current,current,current,current,current,current,current,current,current,current,current,current,current,current,current,current,current,current,current,current,current,current,current,current,current,current,current,current,current,current,current,current,current,current,current,current,current,current,current,current,current,current,current,current,current,current,current,current,current,current,current,current,current,current,current,current,current,current,current,current,current,current,current,current,current,current,current,current,current,current,current,current,current,current,current,current,current,current,current,current,current,current,current,current,current,current,current,current,current,current,current,current,current,current,current,current,current,current,current,current,current,current,current,current,current,current,current,current,current,current,current,current,current,current,current,current,current,current,current,current,current,current,current,current,current,current,current,current,current,current,current,current,current,current,current,current,current,current,current,current,current,current,current,current,current,current,current,current,current,current,current,current,current,current,current,current,current,current,current,current,current,current,current,current,current,current,current,current,current,current
New car registrations,New car registrations (working day adjusted),RTD.M.S0.W.I_NCARS.Q,current,current,current,current,current,current,current,current,current,current,current,current,current,current,current,current,current,current,current,current,current,current,current,current,current,current,current,current,current,behind,behind,behind,behind,behind,behind,behind,current,current,current,current,current,current,current,current,current,current,current,current,current,current,current,current,current,current,current,current,current,current,current,current,current,current,current,current,current,current,current,current,current,current,current,current,current,current,current,current,current,current,current,current,current,current,current,current,current,current,current,current,current,current,current,current,current,current,current,current,current,current,current,current,current,current,current,current,current,current,current,current,current,current,current,current,current,current,current,current,current,current,current,current,current,current,current,current,current,current,current,current,current,current,current,current,current,current,current,current,current,current,current,current,current,current,current,current,current,current,current,current,current,current,current,current,current,current,current,current,current,current,current,current,current,current,current,current,current,current,current,current,current,current,current,current,current,current,current,current,current,current,current,current,current,current,current,current,current,current,current,current,current,current,current,current,current,current,current,current,current,current,current,current,current,current,current,current,current,current,current,current,current,current,current,current,current,current,current,current,current,current,current,current,current,current,current,current,current,current,current,current,current,current,current,current,current,current,behind,behind,behind,behind,behind,behind,behind,behind,behind,behind,behind,behind,behind,behind,behind,behind,behind,behind,behind,behind,behind,behind,behind,behind,behind,behind,behind
Producer prices,"Producer prices, capital goods",RTD.M.S0.N.P_P_CAPGO_DS.X,current,current,current,current,current,current,current,current,current,current,current,current,current,current,current,current,current,current,current,current,current,current,current,current,current,current,current,current,current,current,current,current,current,current,current,current,current,current,current,current,current,current,current,current,current,current,current,current,current,current,current,current,current,current,current,current,current,current,current,current,current,current,current,current,current,current,current,current,current,current,current,current,current,current,current,current,current,current,current,current,current,current,current,current,current,current,current,current,current,current,current,current,current,current,current,current,current,current,current,current,current,current,current,current,current,current,current,current,current,current,current,current,current,current,current,current,current,current,current,current,current,current,current,current,current,current,current,current,current,current,current,current,current,current,current,current,current,current,current,current,current,current,current,current,current,current,current,current,current,current,current,current,current,current,current,current,current,current,current,current,current,current,current,current,current,current,current,current,current,current,current,current,current,current,current,current,current,current,current,current,current,current,current,current,current,current,current,current,current,current,current,current,current,current,current,current,current,current,current,current,current,current,current,current,current,current,current,current,current,current,current,current,current,current,current,current,current,current,current,current,current,current,current,current,current,current,current,current,current,current,current,current,current,current,current,current,current,current,current,current,current,current,current,current,current,current,current,current,current,current,current,current,current,current,current,current,behind,behind,behind,behind,behind
Producer prices,"Producer prices, consumer goods",RTD.M.S0.N.P_P_CONGO_DS.X,not yet published,not yet published,current,current,current,current,current,current,current,current,current,current,current,current,current,current,current,current,current,current,current,current,current,current,current,current,current,current,current,current,current,current,current,current,current,current,current,current,current,current,current,current,current,current,current,current,current,current,current,current,current,current,current,current,current,current,current,current,current,current,current,current,current,current,current,current,current,current,current,current,current,current,current,current,current,current,current,current,current,current,current,current,current,current,current,current,current,current,current,current,current,current,current,current,current,current,current,current,current,current,current,current,current,current,current,current,current,current,current,current,current,current,current,current,current,current,current,current,current,current,current,current,current,current,current,current,current,current,current,current,current,current,current,current,current,current,current,current,current,current,current,current,current,current,current,current,current,current,current,current,current,current,current,current,current,current,current,current,current,current,current,current,current,current,current,current,current,current,current,current,current,current,current,current,current,current,current,current,current,current,current,current,current,current,current,current,current,current,current,current,current,current,current,current,current,current,current,current,current,current,current,current,current,current,current,current,current,current,current,current,current,current,current,current,current,current,current,current,current,current,current,current,current,current,current,current,current,current,current,current,current,current,current,current,current,current,current,current,current,current,current,current,current,current,current,current,current,current,current,current,current,current,current,current,current,current,behind,behind,behind,behind,behind
Producer prices,"Producer prices, durable consumer goods",RTD.M.S0.N.P_P_DCOGO_DS.X,current,current,current,current,current,current,current,current,current,current,current,current,current,current,current,current,current,current,current,current,current,current,current,current,current,current,current,current,current,current,current,current,current,current,current,current,current,current,current,current,current,current,current,current,current,current,current,current,current,current,current,current,current,current,current,current,current,current,current,current,current,current,current,current,current,current,current,current,current,current,current,current,current,current,current,current,current,current,current,current,current,current,current,current,current,current,current,current,current,current,current,current,current,current,current,current,current,current,current,current,current,current,current,current,current,current,current,current,current,current,current,current,current,current,current,current,current,current,current,current,current,current,current,current,current,current,current,current,current,current,current,current,current,current,current,current,current,current,current,current,current,current,current,current,current,current,current,current,current,current,current,current,current,current,current,current,current,current,current,current,current,current,current,current,current,current,current,current,no observations,no observations,no observations,no observations,no observations,no observations,no observations,no observations,no observations,no observations,no observations,no observations,no observations,no observations,no observations,no observations,no observations,no observations,no observations,no observations,no observations,no observations,no observations,no observations,no observations,no observations,no observations,no observations,no observations,no observations,no observations,no observations,no observations,no observations,no observations,no observations,no observations,no observations,no observations,no observations,no observations,no observations,no observations,no observations,no observations,no observations,no observations,no observations,no observations,no observations,no observations,no observations,no observations,no observations,no observations,no observations,no observations,no observations,no observations,no observations,no observations,no observations,no observations,no observations,no observations,no observations,no observations,no observations,no observations,no observations,no observations,no observations,no observations,no observations,current,current,current,current,current,current,current,current,current,current,current,behind,behind,behind,behind,behind,behind,behind,behind
Producer prices,"Producer prices, energy",RTD.M.S0.N.P_P_ENERG_DS.X,not yet published,not yet published,not yet published,not yet published,not yet published,not yet published,not yet published,current,current,current,current,current,current,current,current,current,current,current,current,current,current,current,current,current,current,current,current,current,current,current,current,current,current,current,current,current,current,current,current,current,current,current,current,current,current,current,current,current,current,current,current,current,current,current,current,current,current,current,current,current,current,current,current,current,current,current,current,current,current,current,current,current,current,current,current,current,current,current,current,current,current,current,current,current,current,current,current,current,current,current,current,current,current,current,current,current,current,current,current,current,current,current,current,current,current,current,current,current,current,current,current,current,current,current,current,current,current,current,current,current,current,current,current,current,current,current,current,current,current,current,current,current,current,current,current,current,current,current,current,current,current,current,current,current,current,current,current,current,current,current,current,current,current,current,current,current,current,current,current,current,current,current,current,current,current,current,current,current,current,current,current,current,current,current,current,current,current,current,current,current,current,current,current,current,current,current,current,current,current,current,current,current,current,current,current,current,current,current,current,current,current,current,current,current,current,current,current,current,current,current,current,current,current,current,current,current,current,current,current,current,current,current,current,current,current,current,current,current,current,current,current,current,current,current,current,current,current,current,current,current,current,current,current,current,current,current,current,current,current,current,current,current,current,current,current,current,behind,behind,behind,behind,behind
Producer prices,"Producer prices, excl. construction",RTD.M.S0.N.P_P_XCONS_DS.X,current,current,current,current,current,current,current,current,current,current,current,current,current,current,current,current,current,current,current,current,current,current,current,current,current,current,current,current,current,current,current,current,current,current,current,current,current,current,current,current,current,current,current,current,current,current,current,current,current,current,current,current,current,current,current,current,current,current,current,current,current,current,current,current,current,current,current,current,current,current,current,current,current,current,current,current,current,current,current,current,current,current,current,current,current,current,current,current,current,current,current,current,current,current,current,current,current,current,current,current,current,current,current,current,current,current,current,current,current,current,current,current,current,current,current,current,current,current,current,current,current,current,current,current,current,current,current,current,current,current,current,current,current,current,current,current,current,current,current,current,current,current,current,current,current,current,current,current,current,current,current,current,current,current,current,current,current,current,current,current,current,current,current,current,current,current,current,current,current,current,current,current,current,current,current,current,current,current,current,current,current,current,current,current,current,current,current,current,current,current,current,current,current,current,current,current,current,current,current,current,current,current,current,current,current,current,current,current,current,current,current,current,current,current,current,current,current,current,current,current,current,current,current,current,current,current,current,current,current,current,current,current,current,current,current,current,current,current,current,current,current,current,current,current,current,current,current,current,current,current,current,current,current,current,current,current,behind,behind,behind,behind,behind
Producer prices,"Producer prices, excl. construction and energy",RTD.M.S0.N.P_P_XCOEN_DS.X,not yet published,not yet published,not yet published,not yet published,not yet published,not yet published,not yet published,current,current,current,current,current,current,current,current,current,current,current,current,current,current,current,current,current,current,current,current,current,current,current,current,current,current,current,current,current,current,current,current,current,current,current,current,current,current,current,current,current,current,current,current,current,current,current,current,current,current,current,current,current,current,current,current,current,current,current,current,current,current,current,current,current,current,current,current,current,current,current,current,current,current,current,current,current,current,current,current,current,current,current,current,current,current,current,current,current,current,current,current,current,current,current,current,current,current,current,current,current,current,current,current,current,current,current,current,current,current,current,current,current,current,current,current,current,current,current,current,current,current,current,current,current,current,current,current,current,current,current,current,current,current,current,current,current,current,current,current,current,current,current,current,current,current,current,current,current,current,current,current,current,current,current,current,current,current,current,current,current,current,current,current,current,current,current,current,current,current,current,current,current,current,current,current,current,current,current,current,current,current,current,current,current,current,current,current,current,current,current,current,current,current,current,current,current,current,current,current,current,current,current,current,current,current,current,current,current,current,current,current,current,current,current,current,current,current,current,current,current,current,current,current,current,current,current,current,current,current,current,current,current,current,current,current,current,current,current,current,current,current,current,current,current,current,current,current,current,behind,behind,behind,behind,behind
Producer prices,"Producer prices, intermediate goods",RTD.M.S0.N.P_P_INTGO_DS.X,current,current,current,current,current,current,current,current,current,current,current,current,current,current,current,current,current,current,current,current,current,current,current,current,current,current,current,current,current,current,current,current,current,current,current,current,current,current,current,current,current,current,current,current,current,current,current,current,current,current,current,current,current,current,current,current,current,current,current,current,current,current,current,current,current,current,current,current,current,current,current,current,current,current,current,current,current,current,current,current,current,current,current,current,current,current,current,current,current,current,current,current,current,current,current,current,current,current,current,current,current,current,current,current,current,current,current,current,current,current,current,current,current,current,current,current,current,current,current,current,current,current,current,current,current,current,current,current,current,current,current,current,current,current,current,current,current,current,current,current,current,current,current,current,current,current,current,current,current,current,current,current,current,current,current,current,current,current,current,current,current,current,current,current,current,current,current,current,current,current,current,current,current,current,current,current,current,current,current,current,current,current,current,current,current,current,current,current,current,current,current,current,current,current,current,current,current,current,current,current,current,current,current,current,current,current,current,current,current,current,current,current,current,current,current,current,current,current,current,current,current,current,current,current,current,current,current,current,current,current,current,current,current,current,current,current,current,current,current,current,current,current,current,current,current,current,current,current,current,current,current,current,current,current,current,current,behind,behind,behind,behind,behind
Producer prices,"Producer prices, manufacturing",RTD.M.S0.N.P_P_MANUF_DS.X,current,current,current,current,current,current,current,current,current,current,current,current,current,current,current,current,current,current,current,current,current,current,current,current,current,current,current,current,current,current,current,current,current,current,current,current,current,current,current,current,current,current,current,current,current,current,current,current,current,current,current,current,current,current,current,current,current,current,current,current,current,current,current,current,current,current,current,current,current,current,current,current,current,current,current,current,current,current,current,current,current,current,current,current,current,current,current,current,current,current,current,current,current,current,current,current,current,current,current,current,current,current,current,current,current,current,current,current,current,current,current,current,current,current,current,current,current,current,current,current,current,current,current,current,current,current,current,current,current,current,current,current,current,current,current,current,current,current,current,current,current,current,current,current,current,current,current,current,current,current,current,current,current,current,current,current,current,current,current,current,current,current,current,current,current,current,current,current,current,current,current,current,current,current,current,current,current,current,current,current,current,current,current,current,current,current,current,current,current,current,current,current,current,current,current,current,current,current,current,current,current,current,current,current,current,current,current,current,current,current,current,current,current,current,current,current,current,current,current,current,current,current,current,current,current,current,current,current,current,current,current,current,current,current,current,current,current,current,current,current,current,current,current,current,current,current,current,current,current,current,current,current,current,current,current,current,behind,behind,behind,behind,behind
Producer prices,"Producer prices, non-durable consumer goods",RTD.M.S0.N.P_P_NCOGO_DS.X,current,current,current,current,current,current,current,current,current,current,current,current,current,current,current,current,current,current,current,current,current,current,current,current,current,current,current,current,current,current,current,current,current,current,current,current,current,current,current,current,current,current,current,current,current,current,current,current,current,current,current,current,current,current,current,current,current,current,current,current,current,current,current,current,current,current,current,current,current,current,current,current,current,current,current,current,current,current,current,current,current,current,current,current,current,current,current,current,current,current,current,current,current,current,current,current,current,current,current,current,current,current,current,current,current,current,current,current,current,current,current,current,current,current,current,current,current,current,current,current,current,current,current,current,current,current,current,current,current,current,current,current,current,current,current,current,current,current,current,current,current,current,current,current,current,current,current,current,current,current,current,current,current,current,current,current,current,current,current,current,current,current,current,current,current,current,current,current,no observations,no observations,no observations,no observations,no observations,no observations,no observations,no observations,no observations,no observations,no observations,no observations,no observations,no observations,no observations,no observations,no observations,no observations,no observations,no observations,no observations,no observations,no observations,no observations,no observations,no observations,no observations,no observations,no observations,no observations,no observations,no observations,no observations,no observations,no observations,no observations,no observations,no observations,no observations,no observations,no observations,no observations,no observations,no observations,no observations,no observations,no observations,no observations,no observations,no observations,no observations,no observations,no observations,no observations,no observations,no observations,no observations,no observations,no observations,no observations,no observations,no observations,no observations,no observations,no observations,no observations,no observations,no observations,no observations,no observations,no observations,no observations,no observations,no observations,current,current,current,current,current,current,current,behind,behind,behind,behind,behind,behind,behind,behind,behind,behind,behind,behind
Retail sales,"Retail sales, food, beverages and tobacco, real",RTD.M.S0.Y.O_RTFOBETD.X,current,current,current,current,behind,current,current,current,current,current,current,current,current,current,current,current,current,current,current,current,current,current,current,current,current,current,current,current,current,current,current,current,current,current,current,current,current,current,current,current,current,current,current,current,current,current,current,current,current,current,current,current,current,current,current,current,current,current,current,current,current,current,current,current,current,current,current,current,current,current,current,current,current,current,current,current,current,current,current,current,current,current,current,current,current,current,current,current,current,current,current,current,current,current,current,current,current,current,current,current,current,current,current,current,current,current,current,current,current,current,current,current,current,current,current,current,current,current,current,current,current,current,current,current,current,current,current,current,current,current,current,current,current,current,current,current,current,current,current,current,current,current,current,current,current,current,current,current,current,current,current,current,current,current,current,current,current,current,current,current,current,current,current,current,current,current,current,current,current,current,current,current,current,current,current,current,current,current,current,current,current,current,current,current,current,current,current,current,current,current,current,current,current,current,current,current,current,current,current,current,current,current,current,current,current,current,current,current,current,current,current,current,current,current,current,current,current,current,current,current,current,current,current,current,current,current,current,current,current,current,current,current,current,current,current,current,current,current,current,current,current,current,current,current,current,current,current,current,current,current,current,current,current,current,current,current,behind,behind,behind,behind,behind
Retail sales,"Retail sales, household equipment, real",RTD.M.S0.Y.O_RTHOUSED.X,current,current,current,current,current,current,current,current,current,current,current,current,current,current,current,current,current,current,current,current,current,current,current,current,current,current,current,current,current,current,current,current,current,current,current,current,current,current,current,current,current,current,current,current,current,current,current,current,current,current,current,current,current,current,current,current,current,current,current,current,current,current,current,current,current,current,current,current,current,current,current,current,current,current,current,current,current,current,current,current,current,current,current,current,current,current,current,current,current,current,current,current,current,current,current,current,current,current,current,current,current,current,current,current,current,current,current,current,current,current,current,current,current,current,current,current,current,current,current,current,current,current,current,current,current,current,current,current,current,current,current,current,current,current,current,current,current,current,current,current,current,current,current,current,current,current,current,current,current,current,current,current,current,current,current,current,current,current,current,current,current,current,current,current,current,current,current,current,current,current,current,current,current,current,current,current,current,current,current,current,current,current,current,current,current,current,current,current,current,current,current,current,current,current,current,current,current,current,current,current,current,current,current,current,current,current,current,current,current,current,current,current,current,current,current,current,current,current,current,behind,behind,behind,behind,behind,behind,behind,behind,behind,behind,behind,behind,behind,behind,behind,behind,behind,behind,behind,behind,behind,behind,behind,behind,behind,behind,behind,behind,behind,behind,behind,behind,behind,behind,behind,behind,behind,behind,behind,behind,behind,behind
Retail sales,"Retail sales, non-food, real",RTD.M.S0.Y.O_RTNONFOD.X,current,current,current,current,behind,current,current,current,current,current,current,current,current,current,current,current,current,current,current,current,current,current,current,current,current,current,current,current,current,current,current,current,current,current,current,current,current,current,current,current,current,current,current,current,current,current,current,current,current,current,current,current,current,current,current,current,current,current,current,current,current,current,current,current,current,current,current,current,current,current,current,current,current,current,current,current,current,current,current,current,current,current,current,current,current,current,current,current,current,current,current,current,current,current,current,current,current,current,current,current,current,current,current,current,current,current,current,current,current,current,current,current,current,current,current,current,current,current,current,current,current,current,current,current,current,current,current,current,current,current,current,current,current,current,current,current,current,current,current,current,current,current,current,current,current,current,current,current,current,current,current,current,current,current,current,current,current,current,current,current,current,current,current,current,current,current,current,current,current,current,current,current,current,current,current,current,current,current,current,current,current,current,current,current,current,current,current,current,current,current,current,current,current,current,current,current,current,current,current,current,current,current,current,current,current,current,current,current,current,current,current,current,current,current,current,current,current,current,current,current,current,current,current,current,current,current,current,current,current,current,current,current,current,current,current,current,current,current,current,current,current,current,current,current,current,current,current,current,current,current,current,current,current,current,current,current,behind,behind,behind,behind,behind
Retail sales,"Retail sales, textiles and clothing, real",RTD.M.S0.Y.O_RTTEXCLD.X,current,current,current,current,current,current,current,current,current,current,current,current,current,current,current,current,current,current,current,current,current,current,current,current,current,current,current,current,current,current,current,current,current,current,current,current,current,current,current,current,current,current,current,current,current,current,current,current,current,current,current,current,current,current,current,current,current,current,current,current,current,current,current,current,current,current,current,current,current,current,current,current,current,current,current,current,current,current,current,current,current,current,current,current,current,current,current,current,current,current,current,current,current,current,current,current,current,current,current,current,current,current,current,current,current,current,current,current,current,current,current,current,current,current,current,current,current,current,current,current,current,current,current,current,current,current,current,current,current,current,current,current,current,current,current,current,current,current,current,current,current,current,current,current,current,current,current,current,current,current,current,current,current,current,current,current,current,current,current,current,current,current,current,current,current,current,current,current,current,current,current,current,current,current,current,current,current,current,current,current,current,current,current,current,current,current,current,current,current,current,current,current,current,current,current,current,current,current,current,current,current,current,current,current,current,current,current,current,current,current,current,current,current,current,current,current,current,current,current,current,current,current,current,current,current,current,current,current,current,current,behind,behind,behind,behind,behind,behind,behind,behind,behind,behind,behind,behind,behind,behind,behind,behind,behind,behind,behind,behind,behind,behind,behind,behind,behind,behind,behind,behind,behind,behind,behind
Retail sales,"Retail sales, total, nominal",RTD.M.S0.Y.O_RTXMOTV.X,current,current,current,current,behind,current,current,current,current,current,current,current,current,current,current,current,current,current,current,current,current,current,current,current,current,current,current,current,current,current,current,current,current,current,current,current,current,current,current,current,current,current,current,current,current,current,current,current,current,current,current,current,current,current,current,current,current,current,current,current,current,current,current,current,current,current,current,current,current,current,current,current,current,current,current,current,current,current,current,current,current,current,current,current,current,current,current,current,current,current,current,current,current,current,current,current,current,current,current,current,current,current,current,current,current,current,current,current,current,current,current,current,current,current,current,current,current,current,current,current,current,current,current,current,current,current,current,current,current,current,current,current,current,current,current,current,current,current,current,current,current,current,current,current,current,current,current,current,current,current,current,current,current,current,current,current,current,current,current,current,current,current,current,current,current,current,current,current,current,current,current,current,current,current,current,current,current,current,current,current,current,current,current,current,current,current,current,current,current,current,current,current,current,current,current,current,current,current,current,current,current,current,current,current,current,current,current,current,current,current,current,current,current,current,current,current,current,current,current,current,current,current,current,current,current,current,current,current,current,current,current,current,current,current,current,current,current,current,current,current,current,current,current,current,current,current,current,current,current,current,current,current,current,behind,behind,behind,behind,behind,behind,behind,behind
Retail sales,"Retail sales, total, real",RTD.M.S0.Y.O_RTXMOTVD.X,current,current,current,current,behind,current,current,current,current,current,current,current,current,current,current,current,current,current,current,current,current,current,current,current,current,current,current,current,current,current,current,current,current,current,current,current,current,current,current,current,current,current,current,current,current,current,current,current,current,current,current,current,current,current,current,current,current,current,current,current,current,current,current,current,current,current,current,current,current,current,current,current,current,current,current,current,current,current,current,current,current,current,current,current,current,current,current,current,current,current,current,current,current,current,current,current,current,current,current,current,current,current,current,current,current,current,current,current,current,current,current,current,current,current,current,current,current,current,current,current,current,current,current,current,current,current,current,current,current,current,current,current,current,current,current,current,current,current,current,current,current,current,current,current,current,current,current,current,current,current,current,current,current,current,current,current,current,current,current,current,current,current,current,current,current,current,current,current,current,current,current,current,current,current,current,current,current,current,current,current,current,current,current,current,current,current,current,current,current,current,current,current,current,current,current,current,current,current,current,current,current,current,current,current,current,current,current,current,current,current,current,current,current,current,current,current,current,current,current,current,current,current,current,current,current,current,current,current,current,current,current,current,current,current,current,current,current,current,current,current,current,current,current,current,current,current,current,current,current,current,current,current,current,current,current,current,behind,behind,behind,behind,behind
Stock prices,Euro Stoxx (broad),RTD.M.S0.N.C_DJESB.X,current,current,current,current,current,current,current,current,current,behind,current,current,current,current,current,current,current,current,current,current,current,current,current,current,current,current,current,current,current,current,current,current,current,current,current,current,current,current,current,current,current,current,current,current,current,current,current,current,current,current,current,current,current,current,current,current,current,current,current,current,current,current,current,current,current,current,current,current,current,current,current,current,current,current,current,current,current,current,current,current,current,current,current,current,current,current,current,current,current,current,current,current,current,current,current,current,current,current,current,current,current,current,current,current,current,current,current,current,current,current,current,current,current,current,current,current,current,current,current,current,current,current,current,current,current,current,current,current,current,current,current,current,current,current,current,current,current,current,current,current,current,current,current,current,current,current,current,current,current,current,current,current,current,current,current,current,current,current,current,current,current,current,current,current,current,current,current,current,current,current,current,current,current,current,current,current,current,current,current,current,current,current,current,current,current,current,current,current,current,current,current,current,current,current,current,current,current,current,current,current,current,current,current,current,current,current,current,current,current,current,current,current,current,current,current,current,current,current,current,current,current,current,current,current,current,current,current,current,current,current,current,current,current,current,current,current,current,current,current,current,current,current,current,current,current,current,current,current,current,current,current,current,current,current,current,current,current,current,current,current,current
Stock prices,Euro Stoxx 50,RTD.M.S0.N.C_DJE50.X,current,current,current,current,current,current,current,current,current,behind,current,current,current,current,current,current,current,current,current,current,current,current,current,current,current,current,current,current,current,current,current,current,current,current,current,current,current,current,current,current,current,current,current,current,current,current,current,current,current,current,current,current,current,current,current,current,current,current,current,current,current,current,current,current,current,current,current,current,current,current,current,current,current,current,current,current,current,current,current,current,current,current,current,current,current,current,current,current,current,current,current,current,current,current,current,current,current,current,current,current,current,current,current,current,current,current,current,current,current,current,current,current,current,current,current,current,current,current,current,current,current,current,current,current,current,current,current,current,current,current,current,current,current,current,current,current,current,current,current,current,current,current,current,current,current,current,current,current,current,current,current,current,current,current,current,current,current,current,current,current,current,current,current,current,current,current,current,current,current,current,current,current,current,current,current,current,current,current,current,current,current,current,current,current,current,current,current,current,current,current,current,current,current,current,current,current,current,current,current,current,current,current,current,current,current,current,current,current,current,current,current,current,current,current,current,current,current,current,current,current,current,current,current,current,current,current,current,current,current,current,current,current,current,current,current,current,current,current,current,current,current,current,current,current,current,current,current,current,current,current,current,current,current,current,current,current,current,current,current,current,current
Stock prices,Euro Stoxx basic materials,RTD.M.S0.N.C_DJEBM.X,current,current,current,current,current,current,current,current,current,behind,current,current,current,current,current,current,current,current,current,current,current,current,current,current,current,current,current,current,current,current,current,current,current,current,current,current,current,current,current,current,current,current,current,current,current,current,current,current,current,current,current,current,current,current,current,current,current,current,current,current,current,current,current,current,current,current,current,current,current,current,current,current,current,current,current,current,current,current,current,current,current,current,current,current,current,current,current,current,current,current,current,current,current,current,current,current,current,current,current,current,current,current,current,current,current,current,current,current,current,current,current,current,current,current,current,current,current,current,current,current,current,current,current,current,current,current,current,current,current,current,current,current,current,current,current,current,current,current,current,current,current,current,current,current,current,current,current,current,current,current,current,current,current,current,current,current,current,current,current,current,current,current,current,current,current,current,current,current,current,current,current,current,current,current,current,current,current,current,current,current,current,current,current,current,current,current,current,current,current,current,current,current,current,current,current,current,current,current,current,current,current,current,current,current,current,current,current,current,current,current,current,current,current,current,current,current,current,current,current,current,current,current,current,current,current,current,current,current,current,current,current,current,current,current,current,current,current,current,current,current,current,current,current,current,current,current,current,current,current,current,current,current,current,current,current,current,current,current,current,current,current
Stock prices,Euro Stoxx cyclical goods,RTD.M.S0.N.C_DJECG.X,current,current,current,current,current,current,current,current,current,behind,current,current,current,current,current,current,current,current,current,current,current,current,current,current,current,current,current,current,current,current,current,current,current,current,current,current,current,current,current,current,current,current,current,current,current,current,current,current,current,current,current,current,current,current,current,current,current,current,current,current,current,current,current,current,current,current,current,current,current,current,current,current,current,current,current,current,current,current,current,current,current,current,current,current,current,current,current,current,current,current,current,current,current,current,current,current,current,current,current,current,current,current,current,current,current,current,current,current,current,current,current,current,current,current,current,current,current,current,current,current,current,current,current,current,current,current,current,current,current,current,current,current,current,current,current,current,current,current,current,current,current,current,current,current,current,current,current,current,current,current,current,current,current,current,current,current,current,current,current,current,current,current,current,current,current,current,current,current,current,current,current,current,current,current,current,current,current,current,current,current,current,current,current,current,current,current,current,current,current,current,current,current,current,current,current,current,current,current,current,current,current,current,current,current,current,current,current,current,current,current,current,current,current,current,current,current,current,current,current,current,current,current,current,current,current,current,current,current,current,current,current,current,current,current,current,current,current,current,current,current,current,current,current,current,current,current,current,current,current,current,current,current,current,current,current,current,current,current,current,current,current
Stock prices,Euro Stoxx energy,RTD.M.S0.N.C_DJEEN.X,current,current,current,current,current,current,current,current,current,behind,current,current,current,current,current,current,current,current,current,current,current,current,current,current,current,current,current,current,current,current,current,current,current,current,current,current,current,current,current,current,current,current,current,current,current,current,current,current,current,current,current,current,current,current,current,current,current,current,current,current,current,current,current,current,current,current,current,current,current,current,current,current,current,current,current,current,current,current,current,current,current,current,current,current,current,current,current,current,current,current,current,current,current,current,current,current,current,current,current,current,current,current,current,current,current,current,current,current,current,current,current,current,current,current,current,current,current,current,current,current,current,current,current,current,current,current,current,current,current,current,current,current,current,current,current,current,current,current,current,current,current,current,current,current,current,current,current,current,current,current,current,current,current,current,current,current,current,current,current,current,current,current,current,current,current,current,current,current,current,current,current,current,current,current,current,current,current,current,current,current,current,current,current,current,current,current,current,current,current,current,current,current,current,current,current,current,current,current,current,current,current,current,current,current,current,current,current,current,current,current,current,current,current,current,current,current,current,current,current,current,current,current,current,current,current,current,current,current,current,current,current,current,current,current,current,current,current,current,current,current,current,current,current,current,current,current,current,current,current,current,current,current,current,current,current,current,current,current,current,current,current
Stock prices,Euro Stoxx financials,RTD.M.S0.N.C_DJEFI.X,current,current,current,current,current,current,current,current,current,behind,current,current,current,current,current,current,current,current,current,current,current,current,current,current,current,current,current,current,current,current,current,current,current,current,current,current,current,current,current,current,current,current,current,current,current,current,current,current,current,current,current,current,current,current,current,current,current,current,current,current,current,current,current,current,current,current,current,current,current,current,current,current,current,current,current,current,current,current,current,current,current,current,current,current,current,current,current,current,current,current,current,current,current,current,current,current,current,current,current,current,current,current,current,current,current,current,current,current,current,current,current,current,current,current,current,current,current,current,current,current,current,current,current,current,current,current,current,current,current,current,current,current,current,current,current,current,current,current,current,current,current,current,current,current,current,current,current,current,current,current,current,current,current,current,current,current,current,current,current,current,current,current,current,current,current,current,current,current,current,current,current,current,current,current,current,current,current,current,current,current,current,current,current,current,current,current,current,current,current,current,current,current,current,current,current,current,current,current,current,current,current,current,current,current,current,current,current,current,current,current,current,current,current,current,current,current,current,current,current,current,current,current,current,current,current,current,current,current,current,current,current,current,current,current,current,current,current,current,current,current,current,current,current,current,current,current,current,current,current,current,current,current,current,current,current,current,current,current,current,current,current
Stock prices,Euro Stoxx healthcare,RTD.M.S0.N.C_DJEHC.X,current,current,current,current,current,current,current,current,current,behind,current,current,current,current,current,current,current,current,current,current,current,current,current,current,current,current,current,current,current,current,current,current,current,current,current,current,current,current,current,current,current,current,current,current,current,current,current,current,current,current,current,current,current,current,current,current,current,current,current,current,current,current,current,current,current,current,current,current,current,current,current,current,current,current,current,current,current,current,current,current,current,current,current,current,current,current,current,current,current,current,current,current,current,current,current,current,current,current,current,current,current,current,current,current,current,current,current,current,current,current,current,current,current,current,current,current,current,current,current,current,current,current,current,current,current,current,current,current,current,current,current,current,current,current,current,current,current,current,current,current,current,current,current,current,current,current,current,current,current,current,current,current,current,current,current,current,current,current,current,current,current,current,current,current,current,current,current,current,current,current,current,current,current,current,current,current,current,current,current,current,current,current,current,current,current,current,current,current,current,current,current,current,current,current,current,current,current,current,current,current,current,current,current,current,current,current,current,current,current,current,current,current,current,current,current,current,current,current,current,current,current,current,current,current,current,current,current,current,current,current,current,current,current,current,current,current,current,current,current,current,current,current,current,current,current,current,current,current,current,current,current,current,current,current,current,current,current,current,current,current,current
Stock prices,Euro Stoxx industrials,RTD.M.S0.N.C_DJEIG.X,current,current,current,current,current,current,current,current,current,behind,current,current,current,current,current,current,current,current,current,current,current,current,current,current,current,current,current,current,current,current,current,current,current,current,current,current,current,current,current,current,current,current,current,current,current,current,current,current,current,current,current,current,current,current,current,current,current,current,current,current,current,current,current,current,current,current,current,current,current,current,current,current,current,current,current,current,current,current,current,current,current,current,current,current,current,current,current,current,current,current,current,current,current,current,current,current,current,current,current,current,current,current,current,current,current,current,current,current,current,current,current,current,current,current,current,current,current,current,current,current,current,current,current,current,current,current,current,current,current,current,current,current,current,current,current,current,current,current,current,current,current,current,current,current,current,current,current,current,current,current,current,current,current,current,current,current,current,current,current,current,current,current,current,current,current,current,current,current,current,current,current,current,current,current,current,current,current,current,current,current,current,current,current,current,current,current,current,current,current,current,current,current,current,current,current,current,current,current,current,current,current,current,current,current,current,current,current,current,current,current,current,current,current,current,current,current,current,current,current,current,current,current,current,current,current,current,current,current,current,current,current,current,current,current,current,current,current,current,current,current,current,current,current,current,current,current,current,current,current,current,current,current,current,current,current,current,current,current,current,current,current
Stock prices,Euro Stoxx non-cyclical goods,RTD.M.S0.N.C_DJENG.X,current,current,current,current,current,current,current,current,current,behind,current,current,current,current,current,current,current,current,current,current,current,current,current,current,current,current,current,current,current,current,current,current,current,current,current,current,current,current,current,current,current,current,current,current,current,current,current,current,current,current,current,current,current,current,current,current,current,current,current,current,current,current,current,current,current,current,current,current,current,current,current,current,current,current,current,current,current,current,current,current,current,current,current,current,current,current,current,current,current,current,current,current,current,current,current,current,current,current,current,current,current,current,current,current,current,current,current,current,current,current,current,current,current,current,current,current,current,current,current,current,current,current,current,current,current,current,current,current,current,current,current,current,current,current,current,current,current,current,current,current,current,current,current,current,current,current,current,current,current,current,current,current,current,current,current,current,current,current,current,current,current,current,current,current,current,current,current,current,current,current,current,current,current,current,current,current,current,current,current,current,current,current,current,current,current,current,current,current,current,current,current,current,current,current,current,current,current,current,current,current,current,current,current,current,current,current,current,current,current,current,current,current,current,current,current,current,current,current,current,current,current,current,current,current,current,current,current,current,current,current,current,current,current,current,current,current,current,current,current,current,current,current,current,current,current,current,current,current,current,current,current,current,current,current,current,current,current,current,current,current,current
Stock prices,Euro Stoxx technology,RTD.M.S0.N.C_DJETE.X,current,current,current,current,current,current,current,current,current,behind,current,current,current,current,current,current,current,current,current,current,current,current,current,current,current,current,current,current,current,current,current,current,current,current,current,current,current,current,current,current,current,current,current,current,current,current,current,current,current,current,current,current,current,current,current,current,current,current,current,current,current,current,current,current,current,current,current,current,current,current,current,current,current,current,current,current,current,current,current,current,current,current,current,current,current,current,current,current,current,current,current,current,current,current,current,current,current,current,current,current,current,current,current,current,current,current,current,current,current,current,current,current,current,current,current,current,current,current,current,current,current,current,current,current,current,current,current,current,current,current,current,current,current,current,current,current,current,current,current,current,current,current,current,current,current,current,current,current,current,current,current,current,current,current,current,current,current,current,current,current,current,current,current,current,current,current,current,current,current,current,current,current,current,current,current,current,current,current,current,current,current,current,current,current,current,current,current,current,current,current,current,current,current,current,current,current,current,current,current,current,current,current,current,current,current,current,current,current,current,current,current,current,current,current,current,current,current,current,current,current,current,current,current,current,current,current,current,current,current,current,current,current,current,current,current,current,current,current,current,current,current,current,current,current,current,current,current,current,current,current,current,current,current,current,current,current,current,current,current,current,current
Stock prices,Euro Stoxx telecommunications,RTD.M.S0.N.C_DJETC.X,current,current,current,current,current,current,current,current,current,behind,current,current,current,current,current,current,current,current,current,current,current,current,current,current,current,current,current,current,current,current,current,current,current,current,current,current,current,current,current,current,current,current,current,current,current,current,current,current,current,current,current,current,current,current,current,current,current,current,current,current,current,current,current,current,current,current,current,current,current,current,current,current,current,current,current,current,current,current,current,current,current,current,current,current,current,current,current,current,current,current,current,current,current,current,current,current,current,current,current,current,current,current,current,current,current,current,current,current,current,current,current,current,current,current,current,current,current,current,current,current,current,current,current,current,current,current,current,current,current,current,current,current,current,current,current,current,current,current,current,current,current,current,current,current,current,current,current,current,current,current,current,current,current,current,current,current,current,current,current,current,current,current,current,current,current,current,current,current,current,current,current,current,current,current,current,current,current,current,current,current,current,current,current,current,current,current,current,current,current,current,current,current,current,current,current,current,current,current,current,current,current,current,current,current,current,current,current,current,current,current,current,current,current,current,current,current,current,current,current,current,current,current,current,current,current,current,current,current,current,current,current,current,current,current,current,current,current,current,current,current,current,current,current,current,current,current,current,current,current,current,current,current,current,current,current,current,current,current,current,current,current
Stock prices,Euro Stoxx utilities,RTD.M.S0.N.C_DJEUT.X,current,current,current,current,current,current,current,current,current,behind,current,current,current,current,current,current,current,current,current,current,current,current,current,current,current,current,current,current,current,current,current,current,current,current,current,current,current,current,current,current,current,current,current,current,current,current,current,current,current,current,current,current,current,current,current,current,current,current,current,current,current,current,current,current,current,current,current,current,current,current,current,current,current,current,current,current,current,current,current,current,current,current,current,current,current,current,current,current,current,current,current,current,current,current,current,current,current,current,current,current,current,current,current,current,current,current,current,current,current,current,current,current,current,current,current,current,current,current,current,current,current,current,current,current,current,current,current,current,current,current,current,current,current,current,current,current,current,current,current,current,current,current,current,current,current,current,current,current,current,current,current,current,current,current,current,current,current,current,current,current,current,current,current,current,current,current,current,current,current,current,current,current,current,current,current,current,current,current,current,current,current,current,current,current,current,current,current,current,current,current,current,current,current,current,current,current,current,current,current,current,current,current,current,current,current,current,current,current,current,current,current,current,current,current,current,current,current,current,current,current,current,current,current,current,current,current,current,current,current,current,current,current,current,current,current,current,current,current,current,current,current,current,current,current,current,current,current,current,current,current,current,current,current,current,current,current,current,current,current,current,current
Stock prices,Nikkei 225,RTD.M.S0.N.C_NIKKE.X,current,current,current,current,current,current,current,current,current,behind,current,current,current,current,current,current,current,current,current,current,current,current,current,current,current,current,current,current,current,current,current,current,current,current,current,current,current,current,current,current,current,current,current,current,current,current,current,current,current,current,current,current,current,current,current,current,current,current,current,current,current,current,current,current,current,current,current,current,current,current,current,current,current,current,current,current,current,current,current,current,current,current,current,current,current,current,current,current,current,current,current,current,current,current,current,current,current,current,current,current,current,current,current,current,current,current,current,current,current,current,current,current,current,current,current,current,current,current,current,current,current,current,current,current,current,current,current,current,current,current,current,current,current,current,current,current,current,current,current,current,current,current,current,current,current,current,current,current,current,current,current,current,current,current,current,current,current,current,current,current,current,current,current,current,current,current,current,current,current,current,current,current,current,current,current,current,current,current,current,current,current,current,current,current,current,current,current,current,current,current,current,current,current,current,current,current,current,current,current,current,current,current,current,current,current,current,current,current,current,current,current,current,current,current,current,current,current,current,current,current,current,current,current,current,current,current,current,current,current,current,current,current,current,current,current,current,current,current,current,current,current,current,current,current,current,current,current,current,current,current,current,current,current,current,current,current,current,current,current,current,current
Stock prices,S&P 500,RTD.M.S0.N.C_SP500.X,current,current,current,current,current,current,current,current,current,behind,current,current,current,current,current,current,current,current,current,current,current,current,current,current,current,current,current,current,current,current,current,current,current,current,current,current,current,current,current,current,current,current,current,current,current,current,current,current,current,current,current,current,current,current,current,current,current,current,current,current,current,current,current,current,current,current,current,current,current,current,current,current,current,current,current,current,current,current,current,current,current,current,current,current,current,current,current,current,current,current,current,current,current,current,current,current,current,current,current,current,current,current,current,current,current,current,current,current,current,current,current,current,current,current,current,current,current,current,current,current,current,current,current,current,current,current,current,current,current,current,current,current,current,current,current,current,current,current,current,current,current,current,current,current,current,current,current,current,current,current,current,current,current,current,current,current,current,current,current,current,current,current,current,current,current,current,current,current,current,current,current,current,current,current,current,current,current,current,current,current,current,current,current,current,current,current,current,current,current,current,current,current,current,current,current,current,current,current,current,current,current,current,current,current,current,current,current,current,current,current,current,current,current,current,current,current,current,current,current,current,current,current,current,current,current,current,current,current,current,current,current,current,current,current,current,current,current,current,current,current,current,current,current,current,current,current,current,current,current,current,current,current,current,current,current,current,current,current,current,current,current
Surveys,"Construction Survey, Assessment of order books",RTD.M.S0.S.Y_COAOB.F,not yet published,not yet published,not yet published,not yet published,not yet published,not yet published,not yet published,not yet published,not yet published,not yet published,not yet published,not yet published,not yet published,current,current,current,current,current,current,current,current,current,current,current,current,current,current,current,current,current,current,current,current,current,current,current,current,current,current,current,current,current,current,current,current,current,current,current,current,current,current,current,current,current,current,current,current,current,current,current,current,current,current,current,current,current,current,current,current,current,current,current,current,current,current,current,current,current,current,current,current,current,current,current,current,current,current,current,current,current,current,current,current,current,current,current,current,current,current,current,current,current,current,current,current,current,current,current,current,current,current,current,current,current,current,current,current,current,current,current,current,current,current,current,current,current,current,current,current,current,current,current,current,current,current,current,current,current,current,current,current,current,current,current,current,current,current,current,current,current,current,current,current,current,current,current,current,current,current,current,current,current,current,current,current,current,current,current,current,current,current,current,current,current,current,current,current,current,current,current,current,current,current,current,current,current,current,current,current,current,current,current,current,current,current,current,current,current,current,current,current,current,current,current,current,current,current,current,current,current,current,current,current,current,current,current,current,current,current,current,current,current,current,current,current,current,current,current,current,current,current,current,no observations,no observations,no observations,no observations,current,current,current,current,current,current,current,current,current,current,current,current,current,current,current,current,current,behind,behind,behind,behind,behind,behind,behind,behind
Surveys,"Construction Survey, Construction Confidence Indicator",RTD.M.S0.S.Y_COCCI.F,current,current,current,current,current,current,current,current,current,current,current,current,current,current,current,current,current,current,current,current,current,current,current,current,current,current,current,current,current,current,current,current,current,current,current,current,current,current,current,current,current,current,current,current,current,current,current,current,current,current,current,current,current,current,current,current,current,current,current,current,current,current,current,current,current,current,current,current,current,current,current,current,current,current,current,current,current,current,current,current,current,current,current,current,current,current,current,current,current,current,current,current,current,current,current,current,current,current,current,current,current,current,current,current,current,current,current,current,current,current,current,current,current,current,current,current,current,current,current,current,current,current,current,current,current,current,current,current,current,current,current,current,current,current,current,current,current,current,current,current,current,current,current,current,current,current,current,current,current,current,current,current,current,current,current,current,current,current,current,current,current,current,current,current,current,current,current,current,current,current,current,current,current,current,current,current,current,current,current,current,current,current,current,current,current,current,current,current,current,current,current,current,current,current,current,current,current,current,current,current,current,current,current,current,current,current,current,current,current,current,current,current,current,current,current,current,current,current,current,current,current,current,current,current,current,current,current,current,current,current,current,current,no observations,no observations,no observations,no observations,current,current,current,current,current,current,current,current,current,current,current,current,current,current,current,current,current,current,current,current,current,current,current,current,current
Surveys,"Construction Survey, Employment expectations for the months ahead",RTD.M.S0.S.Y_COEEX.F,not yet published,not yet published,not yet published,not yet published,not yet published,not yet published,not yet published,not yet published,not yet published,not yet published,not yet published,not yet published,not yet published,current,current,current,current,current,current,current,current,current,current,current,current,current,current,current,current,current,current,current,current,current,current,current,current,current,current,current,current,current,current,current,current,current,current,current,current,current,current,current,current,current,current,current,current,current,current,current,current,current,current,current,current,current,current,current,current,current,current,current,current,current,current,current,current,current,current,current,current,current,current,current,current,current,current,current,current,current,current,current,current,current,current,current,current,current,current,current,current,current,current,current,current,current,current,current,current,current,current,current,current,current,current,current,current,current,current,current,current,current,current,current,current,current,current,current,current,current,current,current,current,current,current,current,current,current,current,current,current,current,current,current,current,current,current,current,current,current,current,current,current,current,current,current,current,current,current,current,current,current,current,current,current,current,current,current,current,current,current,current,current,current,current,current,current,current,current,current,current,current,current,current,current,current,current,current,current,current,current,current,current,current,current,current,current,current,current,current,current,current,current,current,current,current,current,current,current,current,current,current,current,current,current,current,current,current,current,current,current,current,current,current,current,current,current,current,current,current,current,current,no observations,no observations,no observations,no observations,current,current,current,current,current,current,current,current,current,current,current,current,current,current,current,current,current,behind,behind,behind,behind,behind,behind,behind,behind
Surveys,"Consumer Survey, Consumer Confidence Indicator",RTD.M.S0.S.Y_CSCCI.F,current,current,current,current,current,current,current,current,current,current,current,current,current,current,current,current,current,current,current,current,current,current,current,current,current,current,current,current,current,current,current,current,current,current,current,current,current,current,current,current,current,current,current,current,current,current,current,current,current,current,current,current,current,current,current,current,current,current,current,current,current,current,current,current,current,current,current,current,current,current,current,current,current,current,current,current,current,current,current,current,current,current,current,current,current,current,current,current,current,current,current,current,current,current,current,current,current,current,current,current,current,current,current,current,current,current,current,current,current,current,current,current,current,current,current,current,current,current,current,current,current,current,current,current,current,current,current,current,current,current,current,current,current,current,current,current,current,current,current,current,current,current,current,current,current,current,current,current,current,current,current,current,current,current,current,current,current,current,current,current,current,current,current,current,current,current,current,current,current,current,current,current,current,current,current,current,current,current,current,current,current,current,current,current,current,current,current,current,current,current,current,current,current,current,current,current,current,current,current,current,current,current,current,current,current,current,current,current,current,current,current,current,current,current,current,current,current,current,current,current,current,current,current,current,current,current,current,current,current,current,current,current,no observations,no observations,no observations,no observations,current,current,current,current,current,current,current,current,current,current,current,current,current,current,current,current,current,current,current,current,current,current,current,current,current
Surveys,"Consumer Survey, Financial situation over next 12 months",RTD.M.S0.S.Y_CSF12.F,not yet published,not yet published,not yet published,not yet published,not yet published,not yet published,not yet published,not yet published,not yet published,not yet published,not yet published,not yet published,not yet published,current,current,current,current,current,current,current,current,current,current,current,current,current,current,current,current,current,current,current,current,current,current,current,current,current,current,current,current,current,current,current,current,current,current,current,current,current,current,current,current,current,current,current,current,current,current,current,current,current,current,current,current,current,current,current,current,current,current,current,current,current,current,current,current,current,current,current,current,current,current,current,current,current,current,current,current,current,current,current,current,current,current,current,current,current,current,current,current,current,current,current,current,current,current,current,current,current,current,current,current,current,current,current,current,current,current,current,current,current,current,current,current,current,current,current,current,current,current,current,current,current,current,current,current,current,current,current,current,current,current,current,current,current,current,current,current,current,current,current,current,current,current,current,current,current,current,current,current,current,current,current,current,current,current,current,current,current,current,current,current,current,current,current,current,current,current,current,current,current,current,current,current,current,current,current,current,current,current,current,current,current,current,current,current,current,current,current,current,current,current,current,current,current,current,current,current,current,current,current,current,current,current,current,current,current,current,current,current,current,current,current,current,current,current,current,current,current,current,current,no observations,no observations,no observations,no observations,current,current,current,current,current,current,current,current,current,current,current,current,current,current,current,current,current,behind,behind,behind,behind,behind,behind,behind,behind
Surveys,"Consumer Survey, General economic situation over next 12 months",RTD.M.S0.S.Y_CSG12.F,not yet published,not yet published,not yet published,not yet published,not yet published,not yet published,not yet published,not yet published,not yet published,not yet published,not yet published,not yet published,not yet published,current,current,current,current,current,current,current,current,current,current,current,current,current,current,current,current,current,current,current,current,current,current,current,current,current,current,current,current,current,current,current,current,current,current,current,current,current,current,current,current,current,current,current,current,current,current,current,current,current,current,current,current,current,current,current,current,current,current,current,current,current,current,current,current,current,current,current,current,current,current,current,current,current,current,current,current,current,current,current,current,current,current,current,current,current,current,current,current,current,current,current,current,current,current,current,current,current,current,current,current,current,current,current,current,current,current,current,current,current,current,current,current,current,current,current,current,current,current,current,current,current,current,current,current,current,current,current,current,current,current,current,current,current,current,current,current,current,current,current,current,current,current,current,current,current,current,current,current,current,current,current,current,current,current,current,current,current,current,current,current,current,current,current,current,current,current,current,current,current,current,current,current,current,current,current,current,current,current,current,current,current,current,current,current,current,current,current,current,current,current,current,current,current,current,current,current,current,current,current,current,current,current,current,current,current,current,current,current,current,current,current,current,current,current,current,current,current,current,current,no observations,no observations,no observations,no observations,current,current,current,current,current,current,current,current,current,current,current,current,current,current,current,current,current,behind,behind,behind,behind,behind,behind,behind,behind
Surveys,"Consumer Survey, Savings over next 12 months",RTD.M.S0.S.Y_CSS12.F,not yet published,not yet published,not yet published,not yet published,not yet published,not yet published,not yet published,not yet published,not yet published,not yet published,not yet published,not yet published,not yet published,current,current,current,current,current,current,current,current,current,current,current,current,current,current,current,current,current,current,current,current,current,current,current,current,current,current,current,current,current,current,current,current,current,current,current,current,current,current,current,current,current,current,current,current,current,current,current,current,current,current,current,current,current,current,current,current,current,current,current,current,current,current,current,current,current,current,current,current,current,current,current,current,current,current,current,current,current,current,current,current,current,current,current,current,current,current,current,current,current,current,current,current,current,current,current,current,current,current,current,current,current,current,current,current,current,current,current,current,current,current,current,current,current,current,current,current,current,current,current,current,current,current,current,current,current,current,current,current,current,current,current,current,current,current,current,current,current,current,current,current,current,current,current,current,current,current,current,current,current,current,current,current,current,current,current,current,current,current,current,current,current,current,current,current,current,current,current,current,current,current,current,current,current,current,current,current,current,current,current,current,current,current,current,current,current,current,current,current,current,current,current,current,current,current,current,current,current,current,current,current,current,current,current,current,current,current,current,current,current,current,current,current,current,current,current,current,current,current,current,no observations,no observations,no observations,no observations,current,current,current,current,current,current,current,current,current,current,current,current,current,current,current,current,current,behind,behind,behind,behind,behind,behind,behind,behind
Surveys,"Consumer Survey, Unemployment expectations over next 12 months",RTD.M.S0.S.Y_CSU12.F,not yet published,not yet published,not yet published,not yet published,not yet published,not yet published,not yet published,not yet published,not yet published,not yet published,not yet published,not yet published,not yet published,current,current,current,current,current,current,current,current,current,current,current,current,current,current,current,current,current,current,current,current,current,current,current,current,current,current,current,current,current,current,current,current,current,current,current,current,current,current,current,current,current,current,current,current,current,current,current,current,current,current,current,current,current,current,current,current,current,current,current,current,current,current,current,current,current,current,current,current,current,current,current,current,current,current,current,current,current,current,current,current,current,current,current,current,current,current,current,current,current,current,current,current,current,current,current,current,current,current,current,current,current,current,current,current,current,current,current,current,current,current,current,current,current,current,current,current,current,current,current,current,current,current,current,current,current,current,current,current,current,current,current,current,current,current,current,current,current,current,current,current,current,current,current,current,current,current,current,current,current,current,current,current,current,current,current,current,current,current,current,current,current,current,current,current,current,current,current,current,current,current,current,current,current,current,current,current,current,current,current,current,current,current,current,current,current,current,current,current,current,current,current,current,current,current,current,current,current,current,current,current,current,current,current,current,current,current,current,current,current,current,current,current,current,current,current,current,current,current,current,no observations,no observations,no observations,no observations,current,current,current,current,current,current,current,current,current,current,current,current,current,current,current,current,current,behind,behind,behind,behind,behind,behind,behind,behind
Surveys,Economic Sentiment Indicator,RTD.M.S0.S.Y_ESIND.F,not yet published,not yet published,not yet published,not yet published,not yet published,not yet published,not yet published,not yet published,not yet published,not yet published,not yet published,not yet published,not yet published,current,current,current,current,current,current,current,current,current,current,current,current,current,current,current,current,current,current,current,current,current,current,current,current,current,current,current,current,current,current,current,current,current,current,current,current,current,current,current,current,current,current,current,current,current,current,current,current,current,current,current,current,current,current,current,current,current,current,current,current,current,current,current,current,current,current,current,current,current,current,current,current,current,current,current,current,current,current,current,current,current,current,current,current,current,current,current,current,current,current,current,current,current,current,current,current,current,current,current,current,current,current,current,current,current,current,current,current,current,current,current,current,current,current,current,current,current,current,current,current,current,current,current,current,current,current,current,current,current,current,current,current,current,current,current,current,current,current,current,current,current,current,current,current,current,current,current,current,current,current,current,current,current,current,current,current,current,current,current,current,current,current,current,current,current,current,current,current,current,current,current,current,current,current,current,current,current,current,current,current,current,current,current,current,current,current,current,current,current,current,current,current,current,current,current,current,current,current,current,current,current,current,current,current,current,current,current,current,current,current,current,current,current,current,current,current,current,current,current,no observations,no observations,no observations,no observations,current,current,current,current,current,current,current,current,current,current,current,current,current,current,current,current,current,current,current,current,current,current,current,current,current
Surveys,"Industry Survey, Assessment of order-book levels",RTD.M.S0.S.Y_ISAOB.F,current,current,current,current,current,current,current,current,current,current,current,current,current,current,current,current,current,current,current,current,current,current,current,current,current,current,current,current,current,current,current,current,current,current,current,current,current,current,current,current,current,current,current,current,current,current,current,current,current,current,current,current,current,current,current,current,current,current,current,current,current,current,current,current,current,current,current,current,current,current,current,current,current,current,current,current,current,current,current,current,current,current,current,current,current,current,current,current,current,current,current,current,current,current,current,current,current,current,current,current,current,current,current,current,current,current,current,current,current,current,current,current,current,current,current,current,current,current,current,current,current,current,current,current,current,current,current,current,current,current,current,current,current,current,current,current,current,current,current,current,current,current,current,current,current,current,current,current,current,current,current,current,current,current,current,current,current,current,current,current,current,current,current,current,current,current,current,current,current,current,current,current,current,current,current,current,current,current,current,current,current,current,current,current,current,current,current,current,current,current,current,current,current,current,current,current,current,current,current,current,current,current,current,current,current,current,current,current,current,current,current,current,current,current,current,current,current,current,current,current,current,current,current,current,current,current,current,current,current,current,current,current,no observations,no observations,no observations,no observations,current,current,current,current,current,current,current,current,current,current,current,current,current,current,current,current,current,behind,behind,behind,behind,behind,behind,behind,behind
Surveys,"Industry Survey, Assessment of stocks of finished products",RTD.M.S0.S.Y_ISASP.F,not yet published,not yet published,not yet published,not yet published,not yet published,not yet published,not yet published,not yet published,not yet published,not yet published,not yet published,not yet published,not yet published,current,current,current,current,current,current,current,current,current,current,current,current,current,current,current,current,current,current,current,current,current,current,current,current,current,current,current,current,current,current,current,current,current,current,current,current,current,current,current,current,current,current,current,current,current,current,current,current,current,current,current,current,current,current,current,current,current,current,current,current,current,current,current,current,current,current,current,current,current,current,current,current,current,current,current,current,current,current,current,current,current,current,current,current,current,current,current,current,current,current,current,current,current,current,current,current,current,current,current,current,current,current,current,current,current,current,current,current,current,current,current,current,current,current,current,current,current,current,current,current,current,current,current,current,current,current,current,current,current,current,current,current,current,current,current,current,current,current,current,current,current,current,current,current,current,current,current,current,current,current,current,current,current,current,current,current,current,current,current,current,current,current,current,current,current,current,current,current,current,current,current,current,current,current,current,current,current,current,current,current,current,current,current,current,current,current,current,current,current,current,current,current,current,current,current,current,current,current,current,current,current,current,current,current,current,current,current,current,current,current,current,current,current,current,current,current,current,current,current,no observations,no observations,no observations,no observations,current,current,current,current,current,current,current,current,current,current,current,current,current,current,current,current,current,behind,behind,behind,behind,behind,behind,behind,behind
Surveys,"Industry Survey, Current level of capacity utilization",RTD.Q.S0.S.Y_ISLCU.F,current,current,current,current,current,current,current,current,current,current,current,current,current,current,current,current,current,current,current,current,current,current,current,current,current,current,current,current,current,current,current,current,current,current,current,current,current,current,current,current,current,current,current,current,current,current,current,current,current,current,current,current,current,current,current,current,current,current,current,current,current,current,current,current,current,current,current,current,current,current,current,current,current,current,current,current,current,current,current,current,current,current,current,current,current,current,current,current,current,current,current,current,current,current,current,current,current,current,current,current,current,current,current,current,current,current,current,current,current,current,current,current,current,current,current,current,current,current,current,current,current,current,current,current,current,current,current,current,current,current,current,current,current,current,current,current,current,current,current,current,current,current,current,current,current,current,current,current,current,current,current,current,current,current,current,current,current,current,current,current,current,current,current,current,current,current,current,current,current,current,current,current,current,current,current,current,current,current,current,current,current,current,current,current,current,current,current,current,current,current,current,current,current,current,current,current,current,current,current,current,current,current,current,current,current,current,current,current,current,current,current,current,current,current,current,current,current,current,current,current,current,current,current,current,current,current,current,current,current,current,current,current,current,current,behind,behind,current,current,current,current,current,current,current,current,current,current,current,current,current,current,current,current,current,current,current,current,current,current,current,current,current
Surveys,"Industry Survey, Industrial Confidence Indicator",RTD.M.S0.S.Y_ISICI.F,current,current,current,current,current,current,current,current,current,current,current,current,current,current,current,current,current,current,current,current,current,current,current,current,current,current,current,current,current,current,current,current,current,current,current,current,current,current,current,current,current,current,current,current,current,current,current,current,current,current,current,current,current,current,current,current,current,current,current,current,current,current,current,current,current,current,current,current,current,current,current,current,current,current,current,current,current,current,current,current,current,current,current,current,current,current,current,current,current,current,current,current,current,current,current,current,current,current,current,current,current,current,current,current,current,current,current,current,current,current,current,current,current,current,current,current,current,current,current,current,current,current,current,current,current,current,current,current,current,current,current,current,current,current,current,current,current,current,current,current,current,current,current,current,current,current,current,current,current,current,current,current,current,current,current,current,current,current,current,current,current,current,current,current,current,current,current,current,current,current,current,current,current,current,current,current,current,current,current,current,current,current,current,current,current,current,current,current,current,current,current,current,current,current,current,current,current,current,current,current,current,current,current,current,current,current,current,current,current,current,current,current,current,current,current,current,current,current,current,current,current,current,current,current,current,current,current,current,current,current,current,current,no observations,no observations,no observations,no observations,current,current,current,current,current,current,current,current,current,current,current,current,current,current,current,current,current,current,current,current,current,current,current,current,current
Surveys,"Industry Survey, Production expectations for the months ahead",RTD.M.S0.S.Y_ISPEX.F,current,current,current,current,current,current,current,current,current,current,current,current,current,current,current,current,current,current,current,current,current,current,current,current,current,current,current,current,current,current,current,current,current,current,current,current,current,current,current,current,current,current,current,current,current,current,current,current,current,current,current,current,current,current,current,current,current,current,current,current,current,current,current,current,current,current,current,current,current,current,current,current,current,current,current,current,current,current,current,current,current,current,current,current,current,current,current,current,current,current,current,current,current,current,current,current,current,current,current,current,current,current,current,current,current,current,current,current,current,current,current,current,current,current,current,current,current,current,current,current,current,current,current,current,current,current,current,current,current,current,current,current,current,current,current,current,current,current,current,current,current,current,current,current,current,current,current,current,current,current,current,current,current,current,current,current,current,current,current,current,current,current,current,current,current,current,current,current,current,current,current,current,current,current,current,current,current,current,current,current,current,current,current,current,current,current,current,current,current,current,current,current,current,current,current,current,current,current,current,current,current,current,current,current,current,current,current,current,current,current,current,current,current,current,current,current,current,current,current,current,current,current,current,current,current,current,current,current,current,current,current,current,no observations,no observations,no observations,no observations,current,current,current,current,current,current,current,current,current,current,current,current,current,current,current,current,current,behind,behind,behind,behind,behind,behind,behind,behind
Surveys,"Retail Trade Survey, Assessment of stocks",RTD.M.S0.S.Y_RSAOS.F,not yet published,not yet published,not yet published,not yet published,not yet published,not yet published,not yet published,not yet published,not yet published,not yet published,not yet published,not yet published,not yet published,current,current,current,current,current,current,current,current,current,current,current,current,current,current,current,current,current,current,current,current,current,current,current,current,current,current,current,current,current,current,current,current,current,current,current,current,current,current,current,current,current,current,current,current,current,current,current,current,current,current,current,current,current,current,current,current,current,current,current,current,current,current,current,current,current,current,current,current,current,current,current,current,current,current,current,current,current,current,current,current,current,current,current,current,current,current,current,current,current,current,current,current,current,current,current,current,current,current,current,current,current,current,current,current,current,current,current,current,current,current,current,current,current,current,current,current,current,current,current,current,current,current,current,current,current,current,current,current,current,current,current,current,current,current,current,current,current,current,current,current,current,current,current,current,current,current,current,current,current,current,current,current,current,current,current,current,current,current,current,current,current,current,current,current,current,current,current,current,current,current,current,current,current,current,current,current,current,current,current,current,current,current,current,current,current,current,current,current,current,current,current,current,current,current,current,current,current,current,current,current,current,current,current,current,current,current,current,current,current,current,current,current,current,current,current,current,current,current,current,no observations,no observations,no observations,no observations,current,current,current,current,current,current,current,current,current,current,current,current,current,current,current,current,current,behind,behind,behind,behind,behind,behind,behind,behind
Surveys,"Retail Trade Survey, Expected business situation",RTD.M.S0.S.Y_RSBEX.F,not yet published,not yet published,not yet published,not yet published,not yet published,not yet published,not yet published,not yet published,not yet published,not yet published,not yet published,not yet published,not yet published,current,current,current,current,current,current,current,current,current,current,current,current,current,current,current,current,current,current,current,current,current,current,current,current,current,current,current,current,current,current,current,current,current,current,current,current,current,current,current,current,current,current,current,current,current,current,current,current,current,current,current,current,current,current,current,current,current,current,current,current,current,current,current,current,current,current,current,current,current,current,current,current,current,current,current,current,current,current,current,current,current,current,current,current,current,current,current,current,current,current,current,current,current,current,current,current,current,current,current,current,current,current,current,current,current,current,current,current,current,current,current,current,current,current,current,current,current,current,current,current,current,current,current,current,current,current,current,current,current,current,current,current,current,current,current,current,current,current,current,current,current,current,current,current,current,current,current,current,current,current,current,current,current,current,current,current,current,current,current,current,current,current,current,current,current,current,current,current,current,current,current,current,current,current,current,current,current,current,current,current,current,current,current,current,current,current,current,current,current,current,current,current,current,current,current,current,current,current,current,current,current,current,current,current,current,current,current,current,current,current,current,current,current,current,current,current,current,current,current,no observations,no observations,no observations,no observations,current,current,current,current,current,current,current,current,current,current,current,current,current,current,current,current,current,behind,behind,behind,behind,behind,behind,behind,behind
Surveys,"Retail Trade Survey, Present business situation",RTD.M.S0.S.Y_RSPBS.F,not yet published,not yet published,not yet published,not yet published,not yet published,not yet published,not yet published,not yet published,not yet published,not yet published,not yet published,not yet published,not yet published,current,current,current,current,current,current,current,current,current,current,current,current,current,current,current,current,current,current,current,current,current,current,current,current,current,current,current,current,current,current,current,current,current,current,current,current,current,current,current,current,current,current,current,current,current,current,current,current,current,current,current,current,current,current,current,current,current,current,current,current,current,current,current,current,current,current,current,current,current,current,current,current,current,current,current,current,current,current,current,current,current,current,current,current,current,current,current,current,current,current,current,current,current,current,current,current,current,current,current,current,current,current,current,current,current,current,current,current,current,current,current,current,current,current,current,current,current,current,current,current,current,current,current,current,current,current,current,current,current,current,current,current,current,current,current,current,current,current,current,current,current,current,current,current,current,current,current,current,current,current,current,current,current,current,current,current,current,current,current,current,current,current,current,current,current,current,current,current,current,current,current,current,current,current,current,current,current,current,current,current,current,current,current,current,current,current,current,current,current,current,current,current,current,current,current,current,current,current,current,current,current,current,current,current,current,current,current,current,current,current,current,current,current,current,current,current,current,current,current,no observations,no observations,no observations,no observations,current,current,current,current,current,current,current,current,current,current,current,current,current,current,current,current,current,behind,behind,behind,behind,behind,behind,behind,behind
Surveys,"Retail Trade Survey, Retail Confidence Indicator",RTD.M.S0.S.Y_RSRCI.F,current,current,current,current,current,current,current,current,current,current,current,current,current,current,current,current,current,current,current,current,current,current,current,current,current,current,current,current,current,current,current,current,current,current,current,current,current,current,current,current,current,current,current,current,current,current,current,current,current,current,current,current,current,current,current,current,current,current,current,current,current,current,current,current,current,current,current,current,current,current,current,current,current,current,current,current,current,current,current,current,current,current,current,current,current,current,current,current,current,current,current,current,current,current,current,current,current,current,current,current,current,current,current,current,current,current,current,current,current,current,current,current,current,current,current,current,current,current,current,current,current,current,current,current,current,current,current,current,current,current,current,current,current,current,current,current,current,current,current,current,current,current,current,current,current,current,current,current,current,current,current,current,current,current,current,current,current,current,current,current,current,current,current,current,current,current,current,current,current,current,current,current,current,current,current,current,current,current,current,current,current,current,current,current,current,current,current,current,current,current,current,current,current,current,current,current,current,current,current,current,current,current,current,current,current,current,current,current,current,current,current,current,current,current,current,current,current,current,current,current,current,current,current,current,current,current,current,current,current,current,current,current,no observations,no observations,no observations,no observations,current,current,current,current,current,current,current,current,current,current,current,current,current,current,current,current,current,current,current,current,current,current,current,current,current
Surveys,"Service Survey, Assessment of the business climate",RTD.M.S0.S.Y_SSABC.F,not yet published,not yet published,not yet published,not yet published,not yet published,not yet published,not yet published,not yet published,not yet published,not yet published,not yet published,not yet published,not yet published,current,current,current,current,current,current,current,current,current,current,current,current,current,current,current,current,current,current,current,current,current,current,current,current,current,current,current,current,current,current,current,current,current,current,current,current,current,current,current,current,current,current,current,current,current,current,current,current,current,current,current,current,current,current,current,current,current,current,current,current,current,current,current,current,current,current,current,current,current,current,current,current,current,current,current,current,current,current,current,current,current,current,current,current,current,current,current,current,current,current,current,current,current,current,current,current,current,current,current,current,current,current,current,current,current,current,current,current,current,current,current,current,current,current,current,current,current,current,current,current,current,current,current,current,current,current,current,current,current,current,current,current,current,current,current,current,current,current,current,current,current,current,current,current,current,current,current,current,current,current,current,current,current,current,current,current,current,current,current,current,current,current,current,current,current,current,current,current,current,current,current,current,current,current,current,current,current,current,current,current,current,current,current,current,current,current,current,current,current,current,current,current,current,current,current,current,current,current,current,current,current,current,current,current,current,current,current,current,current,current,current,current,current,current,current,current,current,current,current,no observations,no observations,no observations,no observations,current,current,current,current,current,current,current,current,current,current,current,current,current,current,current,current,current,behind,behind,behind,behind,behind,behind,behind,behind
Surveys,"Service Survey, Evolution of demand expected in the months ahead",RTD.M.S0.S.Y_SSEDE.F,not yet published,not yet published,not yet published,not yet published,not yet published,not yet published,not yet published,not yet published,not yet published,not yet published,not yet published,not yet published,not yet published,current,current,current,current,current,current,current,current,current,current,current,current,current,current,current,current,current,current,current,current,current,current,current,current,current,current,current,current,current,current,current,current,current,current,current,current,current,current,current,current,current,current,current,current,current,current,current,current,current,current,current,current,current,current,current,current,current,current,current,current,current,current,current,current,current,current,current,current,current,current,current,current,current,current,current,current,current,current,current,current,current,current,current,current,current,current,current,current,current,current,current,current,current,current,current,current,current,current,current,current,current,current,current,current,current,current,current,current,current,current,current,current,current,current,current,current,current,current,current,current,current,current,current,current,current,current,current,current,current,current,current,current,current,current,current,current,current,current,current,current,current,current,current,current,current,current,current,current,current,current,current,current,current,current,current,current,current,current,current,current,current,current,current,current,current,current,current,current,current,current,current,current,current,current,current,current,current,current,current,current,current,current,current,current,current,current,current,current,current,current,current,current,current,current,current,current,current,current,current,current,current,current,current,current,current,current,current,current,current,current,current,current,current,current,current,current,current,current,current,no observations,no observations,no observations,no observations,current,current,current,current,current,current,current,current,current,current,current,current,current,current,current,current,current,behind,behind,behind,behind,behind,behind,behind,behind
Surveys,"Service Survey, Evolution of demand in recent months",RTD.M.S0.S.Y_SSEDR.F,not yet published,not yet published,not yet published,not yet published,not yet published,not yet published,not yet published,not yet published,not yet published,not yet published,not yet published,not yet published,not yet published,current,current,current,current,current,current,current,current,current,current,current,current,current,current,current,current,current,current,current,current,current,current,current,current,current,current,current,current,current,current,current,current,current,current,current,current,current,current,current,current,current,current,current,current,current,current,current,current,current,current,current,current,current,current,current,current,current,current,current,current,current,current,current,current,current,current,current,current,current,current,current,current,current,current,current,current,current,current,current,current,current,current,current,current,current,current,current,current,current,current,current,current,current,current,current,current,current,current,current,current,current,current,current,current,current,current,current,current,current,current,current,current,current,current,current,current,current,current,current,current,current,current,current,current,current,current,current,current,current,current,current,current,current,current,current,current,current,current,current,current,current,current,current,current,current,current,current,current,current,current,current,current,current,current,current,current,current,current,current,current,current,current,current,current,current,current,current,current,current,current,current,current,current,current,current,current,current,current,current,current,current,current,current,current,current,current,current,current,current,current,current,current,current,current,current,current,current,current,current,current,current,current,current,current,current,current,current,current,current,current,current,current,current,current,current,current,current,current,current,no observations,no observations,no observations,no observations,current,current,current,current,current,current,current,current,current,current,current,current,current,current,current,current,current,behind,behind,behind,behind,behind,behind,behind,behind
Surveys,"Service Survey, Service Confidence Indicator",RTD.M.S0.S.Y_SSSCI.F,not yet published,not yet published,not yet published,not yet published,not yet published,not yet published,not yet published,not yet published,not yet published,not yet published,not yet published,not yet published,not yet published,current,current,current,current,current,current,current,current,current,current,current,current,current,current,current,current,current,current,current,current,current,current,current,current,current,current,current,current,current,current,current,current,current,current,current,current,current,current,current,current,current,current,current,current,current,current,current,current,current,current,current,current,current,current,current,current,current,current,current,current,current,current,current,current,current,current,current,current,current,current,current,current,current,current,current,current,current,current,current,current,current,current,current,current,current,current,current,current,current,current,current,current,current,current,current,current,current,current,current,current,current,current,current,current,current,current,current,current,current,current,current,current,current,current,current,current,current,current,current,current,current,current,current,current,current,current,current,current,current,current,current,current,current,current,current,current,current,current,current,current,current,current,current,current,current,current,current,current,current,current,current,current,current,current,current,current,current,current,current,current,current,current,current,current,current,current,current,current,current,current,current,current,current,current,current,current,current,current,current,current,current,current,current,current,current,current,current,current,current,current,current,current,current,current,current,current,current,current,current,current,current,current,current,current,current,current,current,current,current,current,current,current,current,current,current,current,current,current,current,no observations,no observations,no observations,no observations,current,current,current,current,current,current,current,current,current,current,current,current,current,current,current,current,current,current,current,current,current,current,current,current,current
Unemployment,Unemployed persons,RTD.M.S0.S.L_UNETO.M,current,current,current,current,current,current,current,current,current,current,current,current,current,current,current,current,current,current,current,current,current,current,current,current,current,current,current,current,current,current,current,current,current,current,current,current,current,current,current,current,current,current,current,current,current,current,current,current,current,current,current,current,current,current,current,current,current,current,current,current,current,current,current,current,current,current,current,current,current,current,current,current,current,current,current,current,current,current,current,current,current,current,current,current,current,current,current,current,current,current,current,current,current,current,current,current,current,current,current,current,current,current,current,current,current,current,current,current,current,current,current,current,current,current,current,current,current,current,current,current,current,current,current,current,current,current,current,current,current,current,current,current,current,current,current,current,current,current,current,current,current,current,current,current,current,current,current,current,current,current,current,current,current,current,current,current,current,current,current,current,current,current,current,current,current,current,current,current,current,current,current,current,current,current,current,current,current,current,current,current,current,current,current,current,current,current,current,current,current,current,current,current,current,current,current,current,current,current,current,current,current,current,current,current,current,current,current,current,current,current,current,current,current,current,current,current,current,current,current,current,current,current,current,current,current,current,current,current,current,current,current,current,current,current,current,current,current,current,current,current,current,current,current,behind,behind,behind,behind,behind,behind,behind,behind,behind,current,current,current,current,current,current,current,current,current
Unemployment,"Unemployed persons, 25 and over",RTD.M.S0.S.L_FMO25.M,current,current,current,current,current,current,current,current,current,current,current,current,current,current,current,current,current,current,current,current,current,current,current,current,current,current,current,current,current,current,current,current,current,current,current,current,current,current,current,current,current,current,current,current,current,current,current,current,current,current,current,current,current,current,current,current,current,current,current,current,current,current,current,current,current,current,current,current,current,current,current,current,current,current,current,current,current,current,current,current,current,current,current,current,current,current,current,current,current,current,current,current,current,current,current,current,current,current,current,current,current,current,current,current,current,current,current,current,current,current,current,current,current,current,current,current,current,current,current,current,current,current,current,current,current,current,current,current,current,current,current,current,current,current,current,current,current,current,current,current,current,current,current,current,current,current,current,current,current,current,current,current,current,current,current,current,current,current,current,current,current,current,current,current,current,current,current,current,current,current,current,current,current,current,current,current,current,current,current,current,current,current,current,current,current,current,current,current,current,current,current,current,current,current,current,current,current,current,current,current,current,current,current,current,current,current,current,current,current,current,current,current,current,current,current,current,current,current,current,current,current,current,current,current,current,current,current,current,current,current,current,current,current,current,current,current,current,current,current,current,current,current,current,behind,behind,behind,behind,behind,behind,behind,behind,behind,current,current,current,current,current,current,current,current,current
Unemployment,"Unemployed persons, men",RTD.M.S0.S.L_MATOT.M,current,current,current,current,current,current,current,current,current,current,current,current,current,current,current,current,current,current,current,current,current,current,current,current,current,current,current,current,current,current,current,current,current,current,current,current,current,current,current,current,current,current,current,current,current,current,current,current,current,current,current,current,current,current,current,current,current,current,current,current,current,current,current,current,current,current,current,current,current,current,current,current,current,current,current,current,current,current,current,current,current,current,current,current,current,current,current,current,current,current,current,current,current,current,current,current,current,current,current,current,current,current,current,current,current,current,current,current,current,current,current,current,current,current,current,current,current,current,current,current,current,current,current,current,current,current,current,current,current,current,current,current,current,current,current,current,current,current,current,current,current,current,current,current,current,current,current,current,current,current,current,current,current,current,current,current,current,current,current,current,current,current,current,current,current,current,current,current,current,current,current,current,current,current,current,current,current,current,current,current,current,current,current,current,current,current,current,current,current,current,current,current,current,current,current,current,current,current,current,current,current,current,current,current,current,current,current,current,current,current,current,current,current,current,current,current,current,current,current,current,current,current,current,current,current,current,current,current,current,current,current,current,current,current,current,current,current,current,current,current,current,current,current,behind,behind,behind,behind,behind,behind,behind,behind,behind,current,current,current,current,current,current,current,current,current
Unemployment,"Unemployed persons, under 25",RTD.M.S0.S.L_FMU25.M,current,current,current,current,current,current,current,current,current,current,current,current,current,current,current,current,current,current,current,current,current,current,current,current,current,current,current,current,current,current,current,current,current,current,current,current,current,current,current,current,current,current,current,current,current,current,current,current,current,current,current,current,current,current,current,current,current,current,current,current,current,current,current,current,current,current,current,current,current,current,current,current,current,current,current,current,current,current,current,current,current,current,current,current,current,current,current,current,current,current,current,current,current,current,current,current,current,current,current,current,current,current,current,current,current,current,current,current,current,current,current,current,current,current,current,current,current,current,current,current,current,current,current,current,current,current,current,current,current,current,current,current,current,current,current,current,current,current,current,current,current,current,current,current,current,current,current,current,current,current,current,current,current,current,current,current,current,current,current,current,current,current,current,current,current,current,current,current,current,current,current,current,current,current,current,current,current,current,current,current,current,current,current,current,current,current,current,current,current,current,current,current,current,current,current,current,current,current,current,current,current,current,current,current,current,current,current,current,current,current,current,current,current,current,current,current,current,current,current,current,current,current,current,current,current,current,current,current,current,current,current,current,current,current,current,current,current,current,current,current,current,current,current,behind,behind,behind,behind,behind,behind,behind,behind,behind,current,current,current,current,current,current,current,current,current
Unemployment,"Unemployed persons, women",RTD.M.S0.S.L_FETOT.M,current,current,current,current,current,current,current,current,current,current,current,current,current,current,current,current,current,current,current,current,current,current,current,current,current,current,current,current,current,current,current,current,current,current,current,current,current,current,current,current,current,current,current,current,current,current,current,current,current,current,current,current,current,current,current,current,current,current,current,current,current,current,current,current,current,current,current,current,current,current,current,current,current,current,current,current,current,current,current,current,current,current,current,current,current,current,current,current,current,current,current,current,current,current,current,current,current,current,current,current,current,current,current,current,current,current,current,current,current,current,current,current,current,current,current,current,current,current,current,current,current,current,current,current,current,current,current,current,current,current,current,current,current,current,current,current,current,current,current,current,current,current,current,current,current,current,current,current,current,current,current,current,current,current,current,current,current,current,current,current,current,current,current,current,current,current,current,current,current,current,current,current,current,current,current,current,current,current,current,current,current,current,current,current,current,current,current,current,current,current,current,current,current,current,current,current,current,current,current,current,current,current,current,current,current,current,current,current,current,current,current,current,current,current,current,current,current,current,current,current,current,current,current,current,current,current,current,current,current,current,current,current,current,current,current,current,current,current,current,current,current,current,current,behind,behind,behind,behind,behind,behind,behind,behind,behind,current,current,current,current,current,current,current,current,current
Unemployment,Unemployment rate,RTD.M.S0.S.L_UNETO.F,current,current,current,current,current,current,current,current,current,current,current,current,current,current,current,current,current,current,current,current,current,current,current,current,current,current,current,current,current,current,current,current,current,current,current,current,current,current,current,current,current,current,current,current,current,current,current,current,current,current,current,current,current,current,current,current,current,current,current,current,current,current,current,current,current,current,current,current,current,current,current,current,current,current,current,current,current,current,current,current,current,current,current,current,current,current,current,current,current,current,current,current,current,current,current,current,current,current,current,current,current,current,current,current,current,current,current,current,current,current,current,current,current,current,current,current,current,current,current,current,current,current,current,current,current,current,current,current,current,current,current,current,current,current,current,current,current,current,current,current,current,current,current,current,current,current,current,current,current,current,current,current,current,current,current,current,current,current,current,current,current,current,current,current,current,current,current,current,current,current,current,current,current,current,current,current,current,current,current,current,current,current,current,current,current,current,current,current,current,current,current,current,current,current,current,current,current,current,current,current,current,current,current,current,current,current,current,current,current,current,current,current,current,current,current,current,current,current,current,current,current,current,current,current,current,current,current,current,current,current,current,current,current,current,current,current,current,current,current,current,current,current,current,behind,behind,behind,behind,behind,behind,behind,behind,behind,current,current,current,current,current,current,current,current,current
Unemployment,Unemployment rate - Japan,RTD.M.JP.Y.L_UNETO.F,current,current,current,current,current,current,current,current,current,current,current,current,current,current,current,current,current,current,current,current,current,current,current,current,current,current,current,current,current,current,behind,current,current,current,current,behind,behind,current,current,current,current,current,current,current,current,behind,behind,behind,behind,behind,behind,behind,behind,behind,behind,behind,behind,behind,current,current,current,current,current,current,current,current,current,current,current,current,current,current,current,current,current,current,current,current,current,current,behind,behind,current,current,current,behind,current,current,current,behind,current,current,current,current,current,current,current,current,current,current,current,current,current,current,current,current,current,current,current,current,current,current,current,current,current,current,current,current,current,current,current,current,current,current,current,current,current,current,current,current,current,current,current,current,current,current,current,current,current,current,current,current,current,current,current,current,current,current,current,current,current,current,current,current,current,current,current,current,current,current,current,current,current,current,current,current,current,current,current,current,current,current,current,current,current,current,current,current,current,current,current,current,current,current,current,current,current,current,current,current,current,current,current,current,current,current,current,current,current,current,current,current,current,current,current,current,current,current,current,current,current,current,current,current,current,current,current,current,current,current,current,current,current,current,current,current,current,current,current,current,current,current,current,current,current,current,current,current,current,current,current,current,current,behind,behind,behind,behind,behind,behind,behind,behind,behind,behind,behind,behind,behind,behind,behind,behind,behind,behind
Unemployment,Unemployment rate - United States,RTD.M.US.Y.L_UNETO.F,current,current,current,current,current,current,current,current,current,current,current,current,current,current,current,current,current,current,current,current,current,current,current,current,current,current,current,current,current,current,current,current,current,current,current,current,current,current,current,current,current,current,current,current,current,current,current,current,current,current,current,current,current,current,current,current,current,current,current,current,current,current,current,current,current,current,current,current,current,current,current,current,current,current,current,current,current,current,current,current,current,current,current,current,current,current,current,current,current,current,current,current,current,current,current,current,current,current,current,current,current,current,current,current,current,current,current,current,current,current,current,current,current,current,current,current,current,current,current,current,current,current,current,current,current,current,current,current,current,current,current,current,current,current,current,current,current,current,current,current,current,current,current,current,current,current,current,current,current,current,current,current,current,current,current,current,current,current,current,current,current,current,current,current,current,current,current,current,current,current,current,current,current,current,current,current,current,current,current,current,current,current,current,current,current,current,current,current,current,current,current,current,current,current,current,current,current,current,current,current,current,current,current,current,current,current,current,current,current,current,current,current,current,current,current,current,current,current,current,current,current,current,current,current,current,current,current,current,current,current,current,current,current,current,current,current,current,current,current,current,current,current,current,current,current,current,current,current,current,current,current,current,current,behind,behind,behind,behind,behind,behind,behind,behind
Unemployment,"Unemployment rate, 25 and over",RTD.M.S0.S.L_FMO25.F,current,current,current,current,current,current,current,current,current,current,current,current,current,current,current,current,current,current,current,current,current,current,current,current,current,current,current,current,current,current,current,current,current,current,current,current,current,current,current,current,current,current,current,current,current,current,current,current,current,current,current,current,current,current,current,current,current,current,current,current,current,current,current,current,current,current,current,current,current,current,current,current,current,current,current,current,current,current,current,current,current,current,current,current,current,current,current,current,current,current,current,current,current,current,current,current,current,current,current,current,current,current,current,current,current,current,current,current,current,current,current,current,current,current,current,current,current,current,current,current,current,current,current,current,current,current,current,current,current,current,current,current,current,current,current,current,current,current,current,current,current,current,current,current,current,current,current,current,current,current,current,current,current,current,current,current,current,current,current,current,current,current,current,current,current,current,current,current,current,current,current,current,current,current,current,current,current,current,current,current,current,current,current,current,current,current,current,current,current,current,current,current,current,current,current,current,current,current,current,current,current,current,current,current,current,current,current,current,current,current,current,current,current,current,current,current,current,current,current,current,current,current,current,current,current,current,current,current,current,current,current,current,current,current,current,current,current,current,current,current,current,current,current,behind,behind,behind,behind,behind,behind,behind,behind,behind,current,current,current,current,current,current,current,current,current
Unemployment,"Unemployment rate, men",RTD.M.S0.S.L_MATOT.F,current,current,current,current,current,current,current,current,current,current,current,current,current,current,current,current,current,current,current,current,current,current,current,current,current,current,current,current,current,current,current,current,current,current,current,current,current,current,current,current,current,current,current,current,current,current,current,current,current,current,current,current,current,current,current,current,current,current,current,current,current,current,current,current,current,current,current,current,current,current,current,current,current,current,current,current,current,current,current,current,current,current,current,current,current,current,current,current,current,current,current,current,current,current,current,current,current,current,current,current,current,current,current,current,current,current,current,current,current,current,current,current,current,current,current,current,current,current,current,current,current,current,current,current,current,current,current,current,current,current,current,current,current,current,current,current,current,current,current,current,current,current,current,current,current,current,current,current,current,current,current,current,current,current,current,current,current,current,current,current,current,current,current,current,current,current,current,current,current,current,current,current,current,current,current,current,current,current,current,current,current,current,current,current,current,current,current,current,current,current,current,current,current,current,current,current,current,current,current,current,current,current,current,current,current,current,current,current,current,current,current,current,current,current,current,current,current,current,current,current,current,current,current,current,current,current,current,current,current,current,current,current,current,current,current,current,current,current,current,current,current,current,current,behind,behind,behind,behind,behind,behind,behind,behind,behind,current,current,current,current,current,current,current,current,current
Unemployment,"Unemployment rate, under 25",RTD.M.S0.S.L_FMU25.F,current,current,current,current,current,current,current,current,current,current,current,current,current,current,current,current,current,current,current,current,current,current,current,current,current,current,current,current,current,current,current,current,current,current,current,current,current,current,current,current,current,current,current,current,current,current,current,current,current,current,current,current,current,current,current,current,current,current,current,current,current,current,current,current,current,current,current,current,current,current,current,current,current,current,current,current,current,current,current,current,current,current,current,current,current,current,current,current,current,current,current,current,current,current,current,current,current,current,current,current,current,current,current,current,current,current,current,current,current,current,current,current,current,current,current,current,current,current,current,current,current,current,current,current,current,current,current,current,current,current,current,current,current,current,current,current,current,current,current,current,current,current,current,current,current,current,current,current,current,current,current,current,current,current,current,current,current,current,current,current,current,current,current,current,current,current,current,current,current,current,current,current,current,current,current,current,current,current,current,current,current,current,current,current,current,current,current,current,current,current,current,current,current,current,current,current,current,current,current,current,current,current,current,current,current,current,current,current,current,current,current,current,current,current,current,current,current,current,current,current,current,current,current,current,current,current,current,current,current,current,current,current,current,current,current,current,current,current,current,current,current,current,current,behind,behind,behind,behind,behind,behind,behind,behind,behind,current,current,current,current,current,current,current,current,current
Unemployment,"Unemployment rate, women",RTD.M.S0.S.L_FETOT.F,current,current,current,current,current,current,current,current,current,current,current,current,current,current,current,current,current,current,current,current,current,current,current,current,current,current,current,current,current,current,current,current,current,current,current,current,current,current,current,current,current,current,current,current,current,current,current,current,current,current,current,current,current,current,current,current,current,current,current,current,current,current,current,current,current,current,current,current,current,current,current,current,current,current,current,current,current,current,current,current,current,current,current,current,current,current,current,current,current,current,current,current,current,current,current,current,current,current,current,current,current,current,current,current,current,current,current,current,current,current,current,current,current,current,current,current,current,current,current,current,current,current,current,current,current,current,current,current,current,current,current,current,current,current,current,current,current,current,current,current,current,current,current,current,current,current,current,current,current,current,current,current,current,current,current,current,current,current,current,current,current,current,current,current,current,current,current,current,current,current,current,current,current,current,current,current,current,current,current,current,current,current,current,current,current,current,current,current,current,current,current,current,current,current,current,current,current,current,current,current,current,current,current,current,current,current,current,current,current,current,current,current,current,current,current,current,current,current,current,current,current,current,current,current,current,current,current,current,current,current,current,current,current,current,current,current,current,current,current,current,current,current,current,behind,behind,behind,behind,behind,behind,behind,behind,behind,current,current,current,current,current,current,current,current,current
Unit labour costs,"Unit labour costs, agriculture",RTD.Q.S0.S.L_ULC_AHFF.X,not yet published,not yet published,not yet published,not yet published,not yet published,not yet published,not yet published,not yet published,not yet published,not yet published,not yet published,not yet published,not yet published,not yet published,not yet published,not yet published,not yet published,not yet published,not yet published,not yet published,not yet published,not yet published,not yet published,not yet published,not yet published,not yet published,current,current,current,current,current,current,current,current,current,current,current,current,current,current,current,current,current,current,current,current,current,current,current,current,current,current,current,current,current,current,current,behind,current,current,current,current,current,current,current,current,current,current,current,current,current,current,current,current,current,current,current,current,current,current,current,current,current,current,current,current,current,current,current,current,current,current,current,current,current,current,current,current,current,current,current,current,current,current,current,current,current,current,current,current,current,current,current,current,current,current,current,current,current,current,current,current,current,current,current,current,current,current,current,current,current,current,current,current,current,current,current,current,current,current,current,current,current,current,current,current,current,current,current,current,current,current,current,current,current,current,current,current,current,current,current,current,current,current,current,current,current,current,current,current,current,current,current,current,current,current,current,current,current,current,current,current,current,current,current,current,current,current,current,current,current,current,current,current,current,current,current,current,current,current,current,current,current,current,current,current,current,current,current,current,current,current,current,current,current,current,current,current,current,current,current,current,current,current,current,current,current,current,current,current,current,current,current,current,current,current,current,current,current,current,current,current,current,current,current,current,current,current,current,current,current,current,current,current,current,current,current,current,current,current,current
Unit labour costs,"Unit labour costs, arts and other services",RTD.Q.S0.Y.L_ULC_ARTOSER.X,not yet published,not yet published,not yet published,not yet published,not yet published,not yet published,not yet published,not yet published,not yet published,not yet published,not yet published,not yet published,not yet published,not yet published,not yet published,not yet published,not yet published,not yet published,not yet published,not yet published,not yet published,not yet published,not yet published,not yet published,not yet published,not yet published,not yet published,not yet published,not yet published,not yet published,not yet published,not yet published,not yet published,not yet published,not yet published,not yet published,not yet published,not yet published,not yet published,not yet published,not yet published,not yet published,not yet published,not yet published,not yet published,not yet published,not yet published,not yet published,not yet published,not yet published,not yet published,not yet published,not yet published,not yet published,not yet published,not yet published,not yet published,not yet published,not yet published,not yet published,not yet published,not yet published,not yet published,not yet published,not yet published,not yet published,not yet published,not yet published,not yet published,not yet published,not yet published,not yet published,not yet published,not yet published,not yet published,not yet published,not yet published,not yet published,not yet published,not yet published,not yet published,not yet published,not yet published,not yet published,not yet published,not yet published,not yet published,not yet published,not yet published,not yet published,not yet published,not yet published,not yet published,not yet published,not yet published,not yet published,not yet published,not yet published,not yet published,not yet published,not yet published,not yet published,not yet published,not yet published,not yet published,not yet published,not yet published,not yet published,not yet published,not yet published,not yet published,not yet published,not yet published,not yet published,not yet published,not yet published,not yet published,not yet published,not yet published,not yet published,not yet published,not yet published,not yet published,not yet published,not yet published,not yet published,not yet published,not yet published,not yet published,not yet published,not yet published,not yet published,current,current,current,current,current,current,current,current,current,current,current,current,current,current,current,current,current,current,current,current,current,current,current,current,current,current,current,current,current,current,current,current,current,current,current,current,current,current,current,current,current,current,current,current,current,current,current,current,current,current,current,current,current,current,current,current,current,current,current,current,current,current,current,current,current,current,current,current,current,current,current,current,current,current,current,current,current,current,current,current,current,current,current,current,current,current,current,current,current,current,current,current,current,current,current,current,current,current,current,current,current,current,current,current,current,current,current,current,current,current,current,current,current,current,current,current,current,current,current,current,current,current,current,current,current,current,current,current,current
Unit labour costs,"Unit labour costs, construction",RTD.Q.S0.S.L_ULC_CONST.X,not yet published,not yet published,not yet published,not yet published,not yet published,not yet published,not yet published,not yet published,not yet published,not yet published,not yet published,not yet published,not yet published,not yet published,not yet published,not yet published,not yet published,not yet published,not yet published,not yet published,not yet published,not yet published,not yet published,not yet published,not yet published,not yet published,current,current,current,current,current,current,current,current,current,current,current,current,current,current,current,current,current,current,current,current,current,current,current,current,current,current,current,current,current,current,current,current,current,current,current,current,current,current,current,current,current,current,current,current,current,current,current,current,current,current,current,current,current,current,current,current,current,current,current,current,current,current,current,current,current,current,current,current,current,current,current,current,current,current,current,current,current,current,current,current,current,current,current,current,current,current,current,current,current,current,current,current,current,current,current,current,current,current,current,current,current,current,current,current,current,current,current,current,current,current,current,current,current,current,current,current,current,current,current,current,current,current,current,current,current,current,current,current,current,current,current,current,current,current,current,current,current,current,current,current,current,current,current,current,current,current,current,current,current,current,current,current,current,current,current,current,current,current,current,current,current,current,current,current,current,current,current,current,current,current,current,current,current,current,current,current,current,current,current,current,current,current,current,current,current,current,current,current,current,current,current,current,current,current,current,current,current,current,current,current,current,current,current,current,current,current,current,current,current,current,current,current,current,current,current,current,current,current,current,current,current,current,current,current,current,current,current,current,current,current,current,current,current,current,current
Unit labour costs,"Unit labour costs, finance and insurance",RTD.Q.S0.Y.L_ULC_FININS.X,not yet published,not yet published,not yet published,not yet published,not yet published,not yet published,not yet published,not yet published,not yet published,not yet published,not yet published,not yet published,not yet published,not yet published,not yet published,not yet published,not yet published,not yet published,not yet published,not yet published,not yet published,not yet published,not yet published,not yet published,not yet published,not yet published,not yet published,not yet published,not yet published,not yet published,not yet published,not yet published,not yet published,not yet published,not yet published,not yet published,not yet published,not yet published,not yet published,not yet published,not yet published,not yet published,not yet published,not yet published,not yet published,not yet published,not yet published,not yet published,not yet published,not yet published,not yet published,not yet published,not yet published,not yet published,not yet published,not yet published,not yet published,not yet published,not yet published,not yet published,not yet published,not yet published,not yet published,not yet published,not yet published,not yet published,not yet published,not yet published,not yet published,not yet published,not yet published,not yet published,not yet published,not yet published,not yet published,not yet published,not yet published,not yet published,not yet published,not yet published,not yet published,not yet published,not yet published,not yet published,not yet published,not yet published,not yet published,not yet published,not yet published,not yet published,not yet published,not yet published,not yet published,not yet published,not yet published,not yet published,not yet published,not yet published,not yet published,not yet published,not yet published,not yet published,not yet published,not yet published,not yet published,not yet published,not yet published,not yet published,not yet published,not yet published,not yet published,not yet published,not yet published,not yet published,not yet published,not yet published,not yet published,not yet published,not yet published,not yet published,not yet published,not yet published,not yet published,not yet published,not yet published,not yet published,not yet published,not yet published,not yet published,not yet published,not yet published,not yet published,current,current,current,current,current,current,current,current,current,current,current,current,current,current,current,current,current,current,current,current,current,current,current,current,current,current,current,current,current,current,current,current,current,current,current,current,current,current,current,current,current,current,current,current,current,current,current,current,current,current,current,current,current,current,current,current,current,current,current,current,current,current,current,current,current,current,current,current,current,current,current,current,current,current,current,current,current,current,current,current,current,current,current,current,current,current,current,current,current,current,current,current,current,current,current,current,current,current,current,current,current,current,current,current,current,current,current,current,current,current,current,current,current,current,current,current,current,current,current,current,current,current,current,current,current,current,current,current,current
Unit labour costs,"Unit labour costs, industry",RTD.Q.S0.S.L_ULC_INDTO.X,not yet published,not yet published,not yet published,not yet published,not yet published,not yet published,not yet published,not yet published,not yet published,not yet published,not yet published,not yet published,not yet published,not yet published,not yet published,not yet published,not yet published,not yet published,not yet published,not yet published,not yet published,not yet published,not yet published,not yet published,not yet published,not yet published,current,current,current,current,current,current,current,current,current,current,current,current,current,current,current,current,current,current,current,current,current,current,current,current,current,current,current,current,current,current,current,current,current,current,current,current,current,current,current,current,current,current,current,current,current,current,current,current,current,current,current,current,current,current,current,current,current,current,current,current,current,current,current,current,current,current,current,current,current,current,current,current,current,current,current,current,current,current,current,current,current,current,current,current,current,current,current,current,current,current,current,current,current,current,current,current,current,current,current,current,current,current,current,current,current,current,current,current,current,current,current,current,current,current,current,current,current,current,current,current,current,current,current,current,current,current,current,current,current,current,current,current,current,current,current,current,current,current,current,current,current,current,current,current,current,current,current,current,current,current,current,current,current,current,current,current,current,current,current,current,current,current,current,current,current,current,current,current,current,current,current,current,current,current,current,current,current,current,current,current,current,current,current,current,current,current,current,current,current,current,current,current,current,current,current,current,current,current,current,current,current,current,current,current,current,current,current,current,current,current,current,current,current,current,current,current,current,current,current,current,current,current,current,current,current,current,current,current,current,current,current,current,current,current,current
Unit labour costs,"Unit labour costs, information and communication",RTD.Q.S0.Y.L_ULC_INFCOM.X,not yet published,not yet published,not yet published,not yet published,not yet published,not yet published,not yet published,not yet published,not yet published,not yet published,not yet published,not yet published,not yet published,not yet published,not yet published,not yet published,not yet published,not yet published,not yet published,not yet published,not yet published,not yet published,not yet published,not yet published,not yet published,not yet published,not yet published,not yet published,not yet published,not yet published,not yet published,not yet published,not yet published,not yet published,not yet published,not yet published,not yet published,not yet published,not yet published,not yet published,not yet published,not yet published,not yet published,not yet published,not yet published,not yet published,not yet published,not yet published,not yet published,not yet published,not yet published,not yet published,not yet published,not yet published,not yet published,not yet published,not yet published,not yet published,not yet published,not yet published,not yet published,not yet published,not yet published,not yet published,not yet published,not yet published,not yet published,not yet published,not yet published,not yet published,not yet published,not yet published,not yet published,not yet published,not yet published,not yet published,not yet published,not yet published,not yet published,not yet published,not yet published,not yet published,not yet published,not yet published,not yet published,not yet published,not yet published,not yet published,not yet published,not yet published,not yet published,not yet published,not yet published,not yet published,not yet published,not yet published,not yet published,not yet published,not yet published,not yet published,not yet published,not yet published,not yet published,not yet published,not yet published,not yet published,not yet published,not yet published,not yet published,not yet published,not yet published,not yet published,not yet published,not yet published,not yet published,not yet published,not yet published,not yet published,not yet published,not yet published,not yet published,not yet published,not yet published,not yet published,not yet published,not yet published,not yet published,not yet published,not yet published,not yet published,not yet published,not yet published,current,current,current,current,current,current,current,current,current,current,current,current,current,current,current,current,current,current,current,current,current,current,current,current,current,current,current,current,current,current,current,current,current,current,current,current,current,current,current,current,current,current,current,current,current,current,current,current,current,current,current,current,current,current,current,current,current,current,current,current,current,current,current,current,current,current,current,current,current,current,current,current,current,current,current,current,current,current,current,current,current,current,current,current,current,current,current,current,current,current,current,current,current,current,current,current,current,current,current,current,current,current,current,current,current,current,current,current,current,current,current,current,current,current,current,current,current,current,current,current,current,current,current,current,current,current,current,current,current
Unit labour costs,"Unit labour costs, manufacturing - United States",RTD.Q.US.Y.L_ULC_MANUF.X,current,current,current,current,current,current,current,current,current,current,current,current,current,current,current,current,current,current,current,current,current,current,current,current,current,current,current,current,current,current,current,current,current,current,current,current,current,current,current,current,current,current,current,current,current,current,current,current,current,current,current,current,current,current,current,current,current,current,current,current,current,current,current,current,current,current,current,current,current,current,current,current,current,current,current,current,current,current,current,current,current,current,current,current,current,current,current,current,current,current,current,current,current,current,current,current,current,current,current,current,current,current,current,current,current,current,current,current,current,current,current,current,current,current,current,current,current,current,current,current,current,current,current,current,current,current,current,current,current,current,current,current,current,current,current,current,current,current,current,current,current,current,current,current,current,current,current,current,current,current,current,current,current,current,current,current,current,current,current,current,current,current,current,current,current,current,current,current,current,current,current,current,current,current,current,current,current,current,current,current,current,current,current,current,current,current,current,current,current,current,current,current,current,current,current,current,current,current,current,current,current,current,current,current,current,current,current,current,current,current,current,current,current,current,current,current,current,current,current,current,current,current,current,current,current,current,current,current,current,current,current,current,current,current,current,current,current,current,current,current,current,current,current,current,current,current,current,current,current,current,current,current,current,current,current,behind,behind,behind,behind,behind,behind
Unit labour costs,"Unit labour costs, professional and business services",RTD.Q.S0.Y.L_ULC_SCADM.X,not yet published,not yet published,not yet published,not yet published,not yet published,not yet published,not yet published,not yet published,not yet published,not yet published,not yet published,not yet published,not yet published,not yet published,not yet published,not yet published,not yet published,not yet published,not yet published,not yet published,not yet published,not yet published,not yet published,not yet published,not yet published,not yet published,not yet published,not yet published,not yet published,not yet published,not yet published,not yet published,not yet published,not yet published,not yet published,not yet published,not yet published,not yet published,not yet published,not yet published,not yet published,not yet published,not yet published,not yet published,not yet published,not yet published,not yet published,not yet published,not yet published,not yet published,not yet published,not yet published,not yet published,not yet published,not yet published,not yet published,not yet published,not yet published,not yet published,not yet published,not yet published,not yet published,not yet published,not yet published,not yet published,not yet published,not yet published,not yet published,not yet published,not yet published,not yet published,not yet published,not yet published,not yet published,not yet published,not yet published,not yet published,not yet published,not yet published,not yet published,not yet published,not yet published,not yet published,not yet published,not yet published,not yet published,not yet published,not yet published,not yet published,not yet published,not yet published,not yet published,not yet published,not yet published,not yet published,not yet published,not yet published,not yet published,not yet published,not yet published,not yet published,not yet published,not yet published,not yet published,not yet published,not yet published,not yet published,not yet published,not yet published,not yet published,not yet published,not yet published,not yet published,not yet published,not yet published,not yet published,not yet published,not yet published,not yet published,not yet published,not yet published,not yet published,not yet published,not yet published,not yet published,not yet published,not yet published,not yet published,not yet published,not yet published,not yet published,not yet published,current,current,current,current,current,current,current,current,current,current,current,current,current,current,current,current,current,current,current,current,current,current,current,current,current,current,current,current,current,current,current,current,current,current,current,current,current,current,current,current,current,current,current,current,current,current,current,current,current,current,current,current,current,current,current,current,current,current,current,current,current,current,current,current,current,current,current,current,current,current,current,current,current,current,current,current,current,current,current,current,current,current,current,current,current,current,current,current,current,current,current,current,current,current,current,current,current,current,current,current,current,current,current,current,current,current,current,current,current,current,current,current,current,current,current,current,current,current,current,current,current,current,current,current,current,current,current,current,current
Unit labour costs,"Unit labour costs, public admin, education and health",RTD.Q.S0.Y.L_ULC_DEFEDU.X,not yet published,not yet published,not yet published,not yet published,not yet published,not yet published,not yet published,not yet published,not yet published,not yet published,not yet published,not yet published,not yet published,not yet published,not yet published,not yet published,not yet published,not yet published,not yet published,not yet published,not yet published,not yet published,not yet published,not yet published,not yet published,not yet published,not yet published,not yet published,not yet published,not yet published,not yet published,not yet published,not yet published,not yet published,not yet published,not yet published,not yet published,not yet published,not yet published,not yet published,not yet published,not yet published,not yet published,not yet published,not yet published,not yet published,not yet published,not yet published,not yet published,not yet published,not yet published,not yet published,not yet published,not yet published,not yet published,not yet published,not yet published,not yet published,not yet published,not yet published,not yet published,not yet published,not yet published,not yet published,not yet published,not yet published,not yet published,not yet published,not yet published,not yet published,not yet published,not yet published,not yet published,not yet published,not yet published,not yet published,not yet published,not yet published,not yet published,not yet published,not yet published,not yet published,not yet published,not yet published,not yet published,not yet published,not yet published,not yet published,not yet published,not yet published,not yet published,not yet published,not yet published,not yet published,not yet published,not yet published,not yet published,not yet published,not yet published,not yet published,not yet published,not yet published,not yet published,not yet published,not yet published,not yet published,not yet published,not yet published,not yet published,not yet published,not yet published,not yet published,not yet published,not yet published,not yet published,not yet published,not yet published,not yet published,not yet published,not yet published,not yet published,not yet published,not yet published,not yet published,not yet published,not yet published,not yet published,not yet published,not yet published,not yet published,not yet published,not yet published,current,current,current,current,current,current,current,current,current,current,current,current,current,current,current,current,current,current,current,current,current,current,current,current,current,current,current,current,current,current,current,current,current,current,current,current,current,current,current,current,current,current,current,current,current,current,current,current,current,current,current,current,current,current,current,current,current,current,current,current,current,current,current,current,current,current,current,current,current,current,current,current,current,current,current,current,current,current,current,current,current,current,current,current,current,current,current,current,current,current,current,current,current,current,current,current,current,current,current,current,current,current,current,current,current,current,current,current,current,current,current,current,current,current,current,current,current,current,current,current,current,current,current,current,current,current,current,current,current
Unit labour costs,"Unit labour costs, real estate",RTD.Q.S0.Y.L_ULC_REST.X,not yet published,not yet published,not yet published,not yet published,not yet published,not yet published,not yet published,not yet published,not yet published,not yet published,not yet published,not yet published,not yet published,not yet published,not yet published,not yet published,not yet published,not yet published,not yet published,not yet published,not yet published,not yet published,not yet published,not yet published,not yet published,not yet published,not yet published,not yet published,not yet published,not yet published,not yet published,not yet published,not yet published,not yet published,not yet published,not yet published,not yet published,not yet published,not yet published,not yet published,not yet published,not yet published,not yet published,not yet published,not yet published,not yet published,not yet published,not yet published,not yet published,not yet published,not yet published,not yet published,not yet published,not yet published,not yet published,not yet published,not yet published,not yet published,not yet published,not yet published,not yet published,not yet published,not yet published,not yet published,not yet published,not yet published,not yet published,not yet published,not yet published,not yet published,not yet published,not yet published,not yet published,not yet published,not yet published,not yet published,not yet published,not yet published,not yet published,not yet published,not yet published,not yet published,not yet published,not yet published,not yet published,not yet published,not yet published,not yet published,not yet published,not yet published,not yet published,not yet published,not yet published,not yet published,not yet published,not yet published,not yet published,not yet published,not yet published,not yet published,not yet published,not yet published,not yet published,not yet published,not yet published,not yet published,not yet published,not yet published,not yet published,not yet published,not yet published,not yet published,not yet published,not yet published,not yet published,not yet published,not yet published,not yet published,not yet published,not yet published,not yet published,not yet published,not yet published,not yet published,not yet published,not yet published,not yet published,not yet published,not yet published,not yet published,not yet published,not yet published,current,current,current,current,current,current,current,current,current,current,current,current,current,current,current,current,current,current,current,current,current,current,current,current,current,current,current,current,current,current,current,current,current,current,current,current,current,current,current,current,current,current,current,current,current,current,current,current,current,current,current,current,current,current,current,current,current,current,current,current,current,current,current,current,current,current,current,current,current,current,current,current,current,current,current,current,current,current,current,current,current,current,current,current,current,current,current,current,current,current,current,current,current,current,current,current,current,current,current,current,current,current,current,current,current,current,current,current,current,current,current,current,current,current,current,current,current,current,current,current,current,current,current,current,current,current,current,current,current
Unit labour costs,"Unit labour costs, total",RTD.Q.S0.S.L_ULC_TO.X,current,current,current,current,current,current,current,current,current,current,current,current,current,current,current,current,current,current,current,current,current,current,current,current,current,current,current,current,current,current,current,current,current,current,current,current,current,current,current,current,current,current,current,current,current,current,current,current,current,current,current,current,current,current,current,current,current,current,current,current,current,current,current,current,current,current,current,current,current,current,current,current,current,current,current,current,current,current,current,current,current,current,current,current,current,current,current,current,current,current,current,current,current,current,current,current,current,current,current,current,current,current,current,current,current,current,current,current,current,current,current,current,current,current,current,current,current,current,current,current,current,current,current,current,current,current,current,current,current,current,current,current,current,current,current,current,current,current,current,current,current,current,current,current,current,current,current,current,current,current,current,current,current,current,current,current,current,current,current,current,current,current,current,current,current,current,current,current,current,current,current,current,current,current,current,current,current,current,current,current,current,current,current,current,current,current,current,current,current,current,current,current,current,current,current,current,current,current,current,current,current,current,current,current,current,current,current,current,current,current,current,current,current,current,current,current,current,current,current,current,current,current,current,current,current,current,current,current,current,current,current,current,current,current,current,current,current,current,current,current,current,current,current,current,current,current,current,current,current,current,current,current,current,current,current,current,current,current,current,current,current
Unit labour costs,"Unit labour costs, trade, transport and hospitality",RTD.Q.S0.S.L_ULC_WSHRTC.X,not yet published,not yet published,not yet published,not yet published,not yet published,not yet published,not yet published,not yet published,not yet published,not yet published,not yet published,not yet published,not yet published,not yet published,not yet published,not yet published,not yet published,not yet published,not yet published,not yet published,not yet published,not yet published,not yet published,not yet published,not yet published,not yet published,current,current,current,current,current,current,current,current,current,current,current,current,current,current,current,current,current,current,current,current,current,current,current,current,current,current,current,current,current,current,current,current,current,current,current,current,current,current,current,current,current,current,current,current,current,current,current,current,current,current,current,current,current,current,current,current,current,current,current,current,current,current,current,current,current,current,current,current,current,current,current,current,current,current,current,current,current,current,current,current,current,current,current,current,current,current,current,current,current,current,current,current,current,current,current,current,current,current,current,current,current,current,current,current,current,current,current,current,current,current,current,current,current,current,current,current,current,current,current,current,current,current,current,current,current,current,current,current,current,current,current,current,current,current,current,current,current,current,current,current,current,current,current,current,current,current,current,current,current,current,current,current,current,current,current,current,current,current,current,current,current,current,current,current,current,current,current,current,current,current,current,current,current,current,current,current,current,current,current,current,current,current,current,current,current,current,current,current,current,current,current,current,current,current,current,current,current,current,current,current,current,current,current,current,current,current,current,current,current,current,current,current,current,current,current,current,current,current,current,current,current,current,current,current,current,current,current,current,current,current,current,current,current,current,current
